grid,model,backend,language,country,occupation,prompt_id,cell_id,image_id,seed,prompt,prompt_status,target_n,current_n,missing_n,shard_group,shard_id,n_shards,recommended_runner,output_metadata_path,output_image_dir
robustness,pollinations/flux,pollinations,qu,MULTI,nurse,pollinations/flux|qu|MULTI|nurse,pollinations/flux|qu|MULTI|nurse,pollinations_flux__nurse__202625140300000,202625140300000,"hampiq mama, hampiq tayta",ok,10,0,10,robustness|pollinations/flux|qu,0,4,local,images/main/metadata_local_<run_id>.parquet,images/main
robustness,pollinations/flux,pollinations,qu,MULTI,nurse,pollinations/flux|qu|MULTI|nurse,pollinations/flux|qu|MULTI|nurse,pollinations_flux__nurse__202625140300001,202625140300001,"hampiq mama, hampiq tayta",ok,10,0,10,robustness|pollinations/flux|qu,0,4,local,images/main/metadata_local_<run_id>.parquet,images/main
robustness,pollinations/flux,pollinations,qu,MULTI,nurse,pollinations/flux|qu|MULTI|nurse,pollinations/flux|qu|MULTI|nurse,pollinations_flux__nurse__202625140300002,202625140300002,"hampiq mama, hampiq tayta",ok,10,0,10,robustness|pollinations/flux|qu,2,4,local,images/main/metadata_local_<run_id>.parquet,images/main
robustness,pollinations/flux,pollinations,qu,MULTI,nurse,pollinations/flux|qu|MULTI|nurse,pollinations/flux|qu|MULTI|nurse,pollinations_flux__nurse__202625140300003,202625140300003,"hampiq mama, hampiq tayta",ok,10,0,10,robustness|pollinations/flux|qu,0,4,local,images/main/metadata_local_<run_id>.parquet,images/main
robustness,pollinations/flux,pollinations,qu,MULTI,nurse,pollinations/flux|qu|MULTI|nurse,pollinations/flux|qu|MULTI|nurse,pollinations_flux__nurse__202625140300004,202625140300004,"hampiq mama, hampiq tayta",ok,10,0,10,robustness|pollinations/flux|qu,2,4,local,images/main/metadata_local_<run_id>.parquet,images/main
robustness,pollinations/flux,pollinations,qu,MULTI,nurse,pollinations/flux|qu|MULTI|nurse,pollinations/flux|qu|MULTI|nurse,pollinations_flux__nurse__202625140300005,202625140300005,"hampiq mama, hampiq tayta",ok,10,0,10,robustness|pollinations/flux|qu,2,4,local,images/main/metadata_local_<run_id>.parquet,images/main
robustness,pollinations/flux,pollinations,qu,MULTI,nurse,pollinations/flux|qu|MULTI|nurse,pollinations/flux|qu|MULTI|nurse,pollinations_flux__nurse__202625140300006,202625140300006,"hampiq mama, hampiq tayta",ok,10,0,10,robustness|pollinations/flux|qu,0,4,local,images/main/metadata_local_<run_id>.parquet,images/main
robustness,pollinations/flux,pollinations,qu,MULTI,nurse,pollinations/flux|qu|MULTI|nurse,pollinations/flux|qu|MULTI|nurse,pollinations_flux__nurse__202625140300007,202625140300007,"hampiq mama, hampiq tayta",ok,10,0,10,robustness|pollinations/flux|qu,2,4,local,images/main/metadata_local_<run_id>.parquet,images/main
robustness,pollinations/flux,pollinations,qu,MULTI,nurse,pollinations/flux|qu|MULTI|nurse,pollinations/flux|qu|MULTI|nurse,pollinations_flux__nurse__202625140300008,202625140300008,"hampiq mama, hampiq tayta",ok,10,0,10,robustness|pollinations/flux|qu,2,4,local,images/main/metadata_local_<run_id>.parquet,images/main
robustness,pollinations/flux,pollinations,qu,MULTI,nurse,pollinations/flux|qu|MULTI|nurse,pollinations/flux|qu|MULTI|nurse,pollinations_flux__nurse__202625140300009,202625140300009,"hampiq mama, hampiq tayta",ok,10,0,10,robustness|pollinations/flux|qu,0,4,local,images/main/metadata_local_<run_id>.parquet,images/main
robustness,runwayml/stable-diffusion-v1-5,local_diffusers,qu,MULTI,nurse,runwayml/stable-diffusion-v1-5|qu|MULTI|nurse,runwayml/stable-diffusion-v1-5|qu|MULTI|nurse,runwayml_stable-diffusion-v1-5__nurse__202625140301000,202625140301000,"hampiq mama, hampiq tayta",ok,10,0,10,robustness|runwayml/stable-diffusion-v1-5|qu,1,4,kaggle,images/main/metadata_kaggle_<run_id>.parquet,images/main
robustness,runwayml/stable-diffusion-v1-5,local_diffusers,qu,MULTI,nurse,runwayml/stable-diffusion-v1-5|qu|MULTI|nurse,runwayml/stable-diffusion-v1-5|qu|MULTI|nurse,runwayml_stable-diffusion-v1-5__nurse__202625140301001,202625140301001,"hampiq mama, hampiq tayta",ok,10,0,10,robustness|runwayml/stable-diffusion-v1-5|qu,0,4,kaggle,images/main/metadata_kaggle_<run_id>.parquet,images/main
robustness,runwayml/stable-diffusion-v1-5,local_diffusers,qu,MULTI,nurse,runwayml/stable-diffusion-v1-5|qu|MULTI|nurse,runwayml/stable-diffusion-v1-5|qu|MULTI|nurse,runwayml_stable-diffusion-v1-5__nurse__202625140301002,202625140301002,"hampiq mama, hampiq tayta",ok,10,0,10,robustness|runwayml/stable-diffusion-v1-5|qu,1,4,kaggle,images/main/metadata_kaggle_<run_id>.parquet,images/main
robustness,runwayml/stable-diffusion-v1-5,local_diffusers,qu,MULTI,nurse,runwayml/stable-diffusion-v1-5|qu|MULTI|nurse,runwayml/stable-diffusion-v1-5|qu|MULTI|nurse,runwayml_stable-diffusion-v1-5__nurse__202625140301003,202625140301003,"hampiq mama, hampiq tayta",ok,10,0,10,robustness|runwayml/stable-diffusion-v1-5|qu,2,4,kaggle,images/main/metadata_kaggle_<run_id>.parquet,images/main
robustness,runwayml/stable-diffusion-v1-5,local_diffusers,qu,MULTI,nurse,runwayml/stable-diffusion-v1-5|qu|MULTI|nurse,runwayml/stable-diffusion-v1-5|qu|MULTI|nurse,runwayml_stable-diffusion-v1-5__nurse__202625140301004,202625140301004,"hampiq mama, hampiq tayta",ok,10,0,10,robustness|runwayml/stable-diffusion-v1-5|qu,2,4,kaggle,images/main/metadata_kaggle_<run_id>.parquet,images/main
robustness,runwayml/stable-diffusion-v1-5,local_diffusers,qu,MULTI,nurse,runwayml/stable-diffusion-v1-5|qu|MULTI|nurse,runwayml/stable-diffusion-v1-5|qu|MULTI|nurse,runwayml_stable-diffusion-v1-5__nurse__202625140301005,202625140301005,"hampiq mama, hampiq tayta",ok,10,0,10,robustness|runwayml/stable-diffusion-v1-5|qu,2,4,kaggle,images/main/metadata_kaggle_<run_id>.parquet,images/main
robustness,runwayml/stable-diffusion-v1-5,local_diffusers,qu,MULTI,nurse,runwayml/stable-diffusion-v1-5|qu|MULTI|nurse,runwayml/stable-diffusion-v1-5|qu|MULTI|nurse,runwayml_stable-diffusion-v1-5__nurse__202625140301006,202625140301006,"hampiq mama, hampiq tayta",ok,10,0,10,robustness|runwayml/stable-diffusion-v1-5|qu,2,4,kaggle,images/main/metadata_kaggle_<run_id>.parquet,images/main
robustness,runwayml/stable-diffusion-v1-5,local_diffusers,qu,MULTI,nurse,runwayml/stable-diffusion-v1-5|qu|MULTI|nurse,runwayml/stable-diffusion-v1-5|qu|MULTI|nurse,runwayml_stable-diffusion-v1-5__nurse__202625140301007,202625140301007,"hampiq mama, hampiq tayta",ok,10,0,10,robustness|runwayml/stable-diffusion-v1-5|qu,0,4,kaggle,images/main/metadata_kaggle_<run_id>.parquet,images/main
robustness,runwayml/stable-diffusion-v1-5,local_diffusers,qu,MULTI,nurse,runwayml/stable-diffusion-v1-5|qu|MULTI|nurse,runwayml/stable-diffusion-v1-5|qu|MULTI|nurse,runwayml_stable-diffusion-v1-5__nurse__202625140301008,202625140301008,"hampiq mama, hampiq tayta",ok,10,0,10,robustness|runwayml/stable-diffusion-v1-5|qu,0,4,kaggle,images/main/metadata_kaggle_<run_id>.parquet,images/main
robustness,runwayml/stable-diffusion-v1-5,local_diffusers,qu,MULTI,nurse,runwayml/stable-diffusion-v1-5|qu|MULTI|nurse,runwayml/stable-diffusion-v1-5|qu|MULTI|nurse,runwayml_stable-diffusion-v1-5__nurse__202625140301009,202625140301009,"hampiq mama, hampiq tayta",ok,10,0,10,robustness|runwayml/stable-diffusion-v1-5|qu,0,4,kaggle,images/main/metadata_kaggle_<run_id>.parquet,images/main
robustness,stabilityai/stable-diffusion-xl-base-1.0,local_diffusers,qu,MULTI,nurse,stabilityai/stable-diffusion-xl-base-1.0|qu|MULTI|nurse,stabilityai/stable-diffusion-xl-base-1.0|qu|MULTI|nurse,stabilityai_stable-diffusion-xl-base-1.0__nurse__202625140302000,202625140302000,"hampiq mama, hampiq tayta",ok,10,0,10,robustness|stabilityai/stable-diffusion-xl-base-1.0|qu,0,4,kaggle,images/main/metadata_kaggle_<run_id>.parquet,images/main
robustness,stabilityai/stable-diffusion-xl-base-1.0,local_diffusers,qu,MULTI,nurse,stabilityai/stable-diffusion-xl-base-1.0|qu|MULTI|nurse,stabilityai/stable-diffusion-xl-base-1.0|qu|MULTI|nurse,stabilityai_stable-diffusion-xl-base-1.0__nurse__202625140302001,202625140302001,"hampiq mama, hampiq tayta",ok,10,0,10,robustness|stabilityai/stable-diffusion-xl-base-1.0|qu,2,4,kaggle,images/main/metadata_kaggle_<run_id>.parquet,images/main
robustness,stabilityai/stable-diffusion-xl-base-1.0,local_diffusers,qu,MULTI,nurse,stabilityai/stable-diffusion-xl-base-1.0|qu|MULTI|nurse,stabilityai/stable-diffusion-xl-base-1.0|qu|MULTI|nurse,stabilityai_stable-diffusion-xl-base-1.0__nurse__202625140302002,202625140302002,"hampiq mama, hampiq tayta",ok,10,0,10,robustness|stabilityai/stable-diffusion-xl-base-1.0|qu,1,4,kaggle,images/main/metadata_kaggle_<run_id>.parquet,images/main
robustness,stabilityai/stable-diffusion-xl-base-1.0,local_diffusers,qu,MULTI,nurse,stabilityai/stable-diffusion-xl-base-1.0|qu|MULTI|nurse,stabilityai/stable-diffusion-xl-base-1.0|qu|MULTI|nurse,stabilityai_stable-diffusion-xl-base-1.0__nurse__202625140302003,202625140302003,"hampiq mama, hampiq tayta",ok,10,0,10,robustness|stabilityai/stable-diffusion-xl-base-1.0|qu,2,4,kaggle,images/main/metadata_kaggle_<run_id>.parquet,images/main
robustness,stabilityai/stable-diffusion-xl-base-1.0,local_diffusers,qu,MULTI,nurse,stabilityai/stable-diffusion-xl-base-1.0|qu|MULTI|nurse,stabilityai/stable-diffusion-xl-base-1.0|qu|MULTI|nurse,stabilityai_stable-diffusion-xl-base-1.0__nurse__202625140302004,202625140302004,"hampiq mama, hampiq tayta",ok,10,0,10,robustness|stabilityai/stable-diffusion-xl-base-1.0|qu,2,4,kaggle,images/main/metadata_kaggle_<run_id>.parquet,images/main
robustness,stabilityai/stable-diffusion-xl-base-1.0,local_diffusers,qu,MULTI,nurse,stabilityai/stable-diffusion-xl-base-1.0|qu|MULTI|nurse,stabilityai/stable-diffusion-xl-base-1.0|qu|MULTI|nurse,stabilityai_stable-diffusion-xl-base-1.0__nurse__202625140302005,202625140302005,"hampiq mama, hampiq tayta",ok,10,0,10,robustness|stabilityai/stable-diffusion-xl-base-1.0|qu,3,4,kaggle,images/main/metadata_kaggle_<run_id>.parquet,images/main
robustness,stabilityai/stable-diffusion-xl-base-1.0,local_diffusers,qu,MULTI,nurse,stabilityai/stable-diffusion-xl-base-1.0|qu|MULTI|nurse,stabilityai/stable-diffusion-xl-base-1.0|qu|MULTI|nurse,stabilityai_stable-diffusion-xl-base-1.0__nurse__202625140302006,202625140302006,"hampiq mama, hampiq tayta",ok,10,0,10,robustness|stabilityai/stable-diffusion-xl-base-1.0|qu,2,4,kaggle,images/main/metadata_kaggle_<run_id>.parquet,images/main
robustness,stabilityai/stable-diffusion-xl-base-1.0,local_diffusers,qu,MULTI,nurse,stabilityai/stable-diffusion-xl-base-1.0|qu|MULTI|nurse,stabilityai/stable-diffusion-xl-base-1.0|qu|MULTI|nurse,stabilityai_stable-diffusion-xl-base-1.0__nurse__202625140302007,202625140302007,"hampiq mama, hampiq tayta",ok,10,0,10,robustness|stabilityai/stable-diffusion-xl-base-1.0|qu,3,4,kaggle,images/main/metadata_kaggle_<run_id>.parquet,images/main
robustness,stabilityai/stable-diffusion-xl-base-1.0,local_diffusers,qu,MULTI,nurse,stabilityai/stable-diffusion-xl-base-1.0|qu|MULTI|nurse,stabilityai/stable-diffusion-xl-base-1.0|qu|MULTI|nurse,stabilityai_stable-diffusion-xl-base-1.0__nurse__202625140302008,202625140302008,"hampiq mama, hampiq tayta",ok,10,0,10,robustness|stabilityai/stable-diffusion-xl-base-1.0|qu,1,4,kaggle,images/main/metadata_kaggle_<run_id>.parquet,images/main
robustness,stabilityai/stable-diffusion-xl-base-1.0,local_diffusers,qu,MULTI,nurse,stabilityai/stable-diffusion-xl-base-1.0|qu|MULTI|nurse,stabilityai/stable-diffusion-xl-base-1.0|qu|MULTI|nurse,stabilityai_stable-diffusion-xl-base-1.0__nurse__202625140302009,202625140302009,"hampiq mama, hampiq tayta",ok,10,0,10,robustness|stabilityai/stable-diffusion-xl-base-1.0|qu,2,4,kaggle,images/main/metadata_kaggle_<run_id>.parquet,images/main
robustness,stabilityai/stable-diffusion-3.5-medium,local_diffusers,qu,MULTI,nurse,stabilityai/stable-diffusion-3.5-medium|qu|MULTI|nurse,stabilityai/stable-diffusion-3.5-medium|qu|MULTI|nurse,stabilityai_stable-diffusion-3.5-medium__nurse__202625140303000,202625140303000,"hampiq mama, hampiq tayta",ok,10,0,10,robustness|stabilityai/stable-diffusion-3.5-medium|qu,0,4,colab,images/main/metadata_colab_<run_id>.parquet,images/main
robustness,stabilityai/stable-diffusion-3.5-medium,local_diffusers,qu,MULTI,nurse,stabilityai/stable-diffusion-3.5-medium|qu|MULTI|nurse,stabilityai/stable-diffusion-3.5-medium|qu|MULTI|nurse,stabilityai_stable-diffusion-3.5-medium__nurse__202625140303001,202625140303001,"hampiq mama, hampiq tayta",ok,10,0,10,robustness|stabilityai/stable-diffusion-3.5-medium|qu,3,4,colab,images/main/metadata_colab_<run_id>.parquet,images/main
robustness,stabilityai/stable-diffusion-3.5-medium,local_diffusers,qu,MULTI,nurse,stabilityai/stable-diffusion-3.5-medium|qu|MULTI|nurse,stabilityai/stable-diffusion-3.5-medium|qu|MULTI|nurse,stabilityai_stable-diffusion-3.5-medium__nurse__202625140303002,202625140303002,"hampiq mama, hampiq tayta",ok,10,0,10,robustness|stabilityai/stable-diffusion-3.5-medium|qu,1,4,colab,images/main/metadata_colab_<run_id>.parquet,images/main
robustness,stabilityai/stable-diffusion-3.5-medium,local_diffusers,qu,MULTI,nurse,stabilityai/stable-diffusion-3.5-medium|qu|MULTI|nurse,stabilityai/stable-diffusion-3.5-medium|qu|MULTI|nurse,stabilityai_stable-diffusion-3.5-medium__nurse__202625140303003,202625140303003,"hampiq mama, hampiq tayta",ok,10,0,10,robustness|stabilityai/stable-diffusion-3.5-medium|qu,2,4,colab,images/main/metadata_colab_<run_id>.parquet,images/main
robustness,stabilityai/stable-diffusion-3.5-medium,local_diffusers,qu,MULTI,nurse,stabilityai/stable-diffusion-3.5-medium|qu|MULTI|nurse,stabilityai/stable-diffusion-3.5-medium|qu|MULTI|nurse,stabilityai_stable-diffusion-3.5-medium__nurse__202625140303004,202625140303004,"hampiq mama, hampiq tayta",ok,10,0,10,robustness|stabilityai/stable-diffusion-3.5-medium|qu,1,4,colab,images/main/metadata_colab_<run_id>.parquet,images/main
robustness,stabilityai/stable-diffusion-3.5-medium,local_diffusers,qu,MULTI,nurse,stabilityai/stable-diffusion-3.5-medium|qu|MULTI|nurse,stabilityai/stable-diffusion-3.5-medium|qu|MULTI|nurse,stabilityai_stable-diffusion-3.5-medium__nurse__202625140303005,202625140303005,"hampiq mama, hampiq tayta",ok,10,0,10,robustness|stabilityai/stable-diffusion-3.5-medium|qu,3,4,colab,images/main/metadata_colab_<run_id>.parquet,images/main
robustness,stabilityai/stable-diffusion-3.5-medium,local_diffusers,qu,MULTI,nurse,stabilityai/stable-diffusion-3.5-medium|qu|MULTI|nurse,stabilityai/stable-diffusion-3.5-medium|qu|MULTI|nurse,stabilityai_stable-diffusion-3.5-medium__nurse__202625140303006,202625140303006,"hampiq mama, hampiq tayta",ok,10,0,10,robustness|stabilityai/stable-diffusion-3.5-medium|qu,0,4,colab,images/main/metadata_colab_<run_id>.parquet,images/main
robustness,stabilityai/stable-diffusion-3.5-medium,local_diffusers,qu,MULTI,nurse,stabilityai/stable-diffusion-3.5-medium|qu|MULTI|nurse,stabilityai/stable-diffusion-3.5-medium|qu|MULTI|nurse,stabilityai_stable-diffusion-3.5-medium__nurse__202625140303007,202625140303007,"hampiq mama, hampiq tayta",ok,10,0,10,robustness|stabilityai/stable-diffusion-3.5-medium|qu,0,4,colab,images/main/metadata_colab_<run_id>.parquet,images/main
robustness,stabilityai/stable-diffusion-3.5-medium,local_diffusers,qu,MULTI,nurse,stabilityai/stable-diffusion-3.5-medium|qu|MULTI|nurse,stabilityai/stable-diffusion-3.5-medium|qu|MULTI|nurse,stabilityai_stable-diffusion-3.5-medium__nurse__202625140303008,202625140303008,"hampiq mama, hampiq tayta",ok,10,0,10,robustness|stabilityai/stable-diffusion-3.5-medium|qu,1,4,colab,images/main/metadata_colab_<run_id>.parquet,images/main
robustness,stabilityai/stable-diffusion-3.5-medium,local_diffusers,qu,MULTI,nurse,stabilityai/stable-diffusion-3.5-medium|qu|MULTI|nurse,stabilityai/stable-diffusion-3.5-medium|qu|MULTI|nurse,stabilityai_stable-diffusion-3.5-medium__nurse__202625140303009,202625140303009,"hampiq mama, hampiq tayta",ok,10,0,10,robustness|stabilityai/stable-diffusion-3.5-medium|qu,0,4,colab,images/main/metadata_colab_<run_id>.parquet,images/main
robustness,pollinations/flux,pollinations,gn,MULTI,nurse,pollinations/flux|gn|MULTI|nurse,pollinations/flux|gn|MULTI|nurse,pollinations_flux__nurse__202625140310000,202625140310000,hasyva rerekua,ok,10,0,10,robustness|pollinations/flux|gn,1,4,local,images/main/metadata_local_<run_id>.parquet,images/main
robustness,pollinations/flux,pollinations,gn,MULTI,nurse,pollinations/flux|gn|MULTI|nurse,pollinations/flux|gn|MULTI|nurse,pollinations_flux__nurse__202625140310001,202625140310001,hasyva rerekua,ok,10,0,10,robustness|pollinations/flux|gn,0,4,local,images/main/metadata_local_<run_id>.parquet,images/main
robustness,pollinations/flux,pollinations,gn,MULTI,nurse,pollinations/flux|gn|MULTI|nurse,pollinations/flux|gn|MULTI|nurse,pollinations_flux__nurse__202625140310002,202625140310002,hasyva rerekua,ok,10,0,10,robustness|pollinations/flux|gn,0,4,local,images/main/metadata_local_<run_id>.parquet,images/main
robustness,pollinations/flux,pollinations,gn,MULTI,nurse,pollinations/flux|gn|MULTI|nurse,pollinations/flux|gn|MULTI|nurse,pollinations_flux__nurse__202625140310003,202625140310003,hasyva rerekua,ok,10,0,10,robustness|pollinations/flux|gn,0,4,local,images/main/metadata_local_<run_id>.parquet,images/main
robustness,pollinations/flux,pollinations,gn,MULTI,nurse,pollinations/flux|gn|MULTI|nurse,pollinations/flux|gn|MULTI|nurse,pollinations_flux__nurse__202625140310004,202625140310004,hasyva rerekua,ok,10,0,10,robustness|pollinations/flux|gn,3,4,local,images/main/metadata_local_<run_id>.parquet,images/main
robustness,pollinations/flux,pollinations,gn,MULTI,nurse,pollinations/flux|gn|MULTI|nurse,pollinations/flux|gn|MULTI|nurse,pollinations_flux__nurse__202625140310005,202625140310005,hasyva rerekua,ok,10,0,10,robustness|pollinations/flux|gn,0,4,local,images/main/metadata_local_<run_id>.parquet,images/main
robustness,pollinations/flux,pollinations,gn,MULTI,nurse,pollinations/flux|gn|MULTI|nurse,pollinations/flux|gn|MULTI|nurse,pollinations_flux__nurse__202625140310006,202625140310006,hasyva rerekua,ok,10,0,10,robustness|pollinations/flux|gn,2,4,local,images/main/metadata_local_<run_id>.parquet,images/main
robustness,pollinations/flux,pollinations,gn,MULTI,nurse,pollinations/flux|gn|MULTI|nurse,pollinations/flux|gn|MULTI|nurse,pollinations_flux__nurse__202625140310007,202625140310007,hasyva rerekua,ok,10,0,10,robustness|pollinations/flux|gn,3,4,local,images/main/metadata_local_<run_id>.parquet,images/main
robustness,pollinations/flux,pollinations,gn,MULTI,nurse,pollinations/flux|gn|MULTI|nurse,pollinations/flux|gn|MULTI|nurse,pollinations_flux__nurse__202625140310008,202625140310008,hasyva rerekua,ok,10,0,10,robustness|pollinations/flux|gn,3,4,local,images/main/metadata_local_<run_id>.parquet,images/main
robustness,pollinations/flux,pollinations,gn,MULTI,nurse,pollinations/flux|gn|MULTI|nurse,pollinations/flux|gn|MULTI|nurse,pollinations_flux__nurse__202625140310009,202625140310009,hasyva rerekua,ok,10,0,10,robustness|pollinations/flux|gn,2,4,local,images/main/metadata_local_<run_id>.parquet,images/main
robustness,runwayml/stable-diffusion-v1-5,local_diffusers,gn,MULTI,nurse,runwayml/stable-diffusion-v1-5|gn|MULTI|nurse,runwayml/stable-diffusion-v1-5|gn|MULTI|nurse,runwayml_stable-diffusion-v1-5__nurse__202625140311000,202625140311000,hasyva rerekua,ok,10,0,10,robustness|runwayml/stable-diffusion-v1-5|gn,2,4,kaggle,images/main/metadata_kaggle_<run_id>.parquet,images/main
robustness,runwayml/stable-diffusion-v1-5,local_diffusers,gn,MULTI,nurse,runwayml/stable-diffusion-v1-5|gn|MULTI|nurse,runwayml/stable-diffusion-v1-5|gn|MULTI|nurse,runwayml_stable-diffusion-v1-5__nurse__202625140311001,202625140311001,hasyva rerekua,ok,10,0,10,robustness|runwayml/stable-diffusion-v1-5|gn,0,4,kaggle,images/main/metadata_kaggle_<run_id>.parquet,images/main
robustness,runwayml/stable-diffusion-v1-5,local_diffusers,gn,MULTI,nurse,runwayml/stable-diffusion-v1-5|gn|MULTI|nurse,runwayml/stable-diffusion-v1-5|gn|MULTI|nurse,runwayml_stable-diffusion-v1-5__nurse__202625140311002,202625140311002,hasyva rerekua,ok,10,0,10,robustness|runwayml/stable-diffusion-v1-5|gn,3,4,kaggle,images/main/metadata_kaggle_<run_id>.parquet,images/main
robustness,runwayml/stable-diffusion-v1-5,local_diffusers,gn,MULTI,nurse,runwayml/stable-diffusion-v1-5|gn|MULTI|nurse,runwayml/stable-diffusion-v1-5|gn|MULTI|nurse,runwayml_stable-diffusion-v1-5__nurse__202625140311003,202625140311003,hasyva rerekua,ok,10,0,10,robustness|runwayml/stable-diffusion-v1-5|gn,1,4,kaggle,images/main/metadata_kaggle_<run_id>.parquet,images/main
robustness,runwayml/stable-diffusion-v1-5,local_diffusers,gn,MULTI,nurse,runwayml/stable-diffusion-v1-5|gn|MULTI|nurse,runwayml/stable-diffusion-v1-5|gn|MULTI|nurse,runwayml_stable-diffusion-v1-5__nurse__202625140311004,202625140311004,hasyva rerekua,ok,10,0,10,robustness|runwayml/stable-diffusion-v1-5|gn,1,4,kaggle,images/main/metadata_kaggle_<run_id>.parquet,images/main
robustness,runwayml/stable-diffusion-v1-5,local_diffusers,gn,MULTI,nurse,runwayml/stable-diffusion-v1-5|gn|MULTI|nurse,runwayml/stable-diffusion-v1-5|gn|MULTI|nurse,runwayml_stable-diffusion-v1-5__nurse__202625140311005,202625140311005,hasyva rerekua,ok,10,0,10,robustness|runwayml/stable-diffusion-v1-5|gn,3,4,kaggle,images/main/metadata_kaggle_<run_id>.parquet,images/main
robustness,runwayml/stable-diffusion-v1-5,local_diffusers,gn,MULTI,nurse,runwayml/stable-diffusion-v1-5|gn|MULTI|nurse,runwayml/stable-diffusion-v1-5|gn|MULTI|nurse,runwayml_stable-diffusion-v1-5__nurse__202625140311006,202625140311006,hasyva rerekua,ok,10,0,10,robustness|runwayml/stable-diffusion-v1-5|gn,1,4,kaggle,images/main/metadata_kaggle_<run_id>.parquet,images/main
robustness,runwayml/stable-diffusion-v1-5,local_diffusers,gn,MULTI,nurse,runwayml/stable-diffusion-v1-5|gn|MULTI|nurse,runwayml/stable-diffusion-v1-5|gn|MULTI|nurse,runwayml_stable-diffusion-v1-5__nurse__202625140311007,202625140311007,hasyva rerekua,ok,10,0,10,robustness|runwayml/stable-diffusion-v1-5|gn,1,4,kaggle,images/main/metadata_kaggle_<run_id>.parquet,images/main
robustness,runwayml/stable-diffusion-v1-5,local_diffusers,gn,MULTI,nurse,runwayml/stable-diffusion-v1-5|gn|MULTI|nurse,runwayml/stable-diffusion-v1-5|gn|MULTI|nurse,runwayml_stable-diffusion-v1-5__nurse__202625140311008,202625140311008,hasyva rerekua,ok,10,0,10,robustness|runwayml/stable-diffusion-v1-5|gn,2,4,kaggle,images/main/metadata_kaggle_<run_id>.parquet,images/main
robustness,runwayml/stable-diffusion-v1-5,local_diffusers,gn,MULTI,nurse,runwayml/stable-diffusion-v1-5|gn|MULTI|nurse,runwayml/stable-diffusion-v1-5|gn|MULTI|nurse,runwayml_stable-diffusion-v1-5__nurse__202625140311009,202625140311009,hasyva rerekua,ok,10,0,10,robustness|runwayml/stable-diffusion-v1-5|gn,0,4,kaggle,images/main/metadata_kaggle_<run_id>.parquet,images/main
robustness,stabilityai/stable-diffusion-xl-base-1.0,local_diffusers,gn,MULTI,nurse,stabilityai/stable-diffusion-xl-base-1.0|gn|MULTI|nurse,stabilityai/stable-diffusion-xl-base-1.0|gn|MULTI|nurse,stabilityai_stable-diffusion-xl-base-1.0__nurse__202625140312000,202625140312000,hasyva rerekua,ok,10,0,10,robustness|stabilityai/stable-diffusion-xl-base-1.0|gn,1,4,kaggle,images/main/metadata_kaggle_<run_id>.parquet,images/main
robustness,stabilityai/stable-diffusion-xl-base-1.0,local_diffusers,gn,MULTI,nurse,stabilityai/stable-diffusion-xl-base-1.0|gn|MULTI|nurse,stabilityai/stable-diffusion-xl-base-1.0|gn|MULTI|nurse,stabilityai_stable-diffusion-xl-base-1.0__nurse__202625140312001,202625140312001,hasyva rerekua,ok,10,0,10,robustness|stabilityai/stable-diffusion-xl-base-1.0|gn,3,4,kaggle,images/main/metadata_kaggle_<run_id>.parquet,images/main
robustness,stabilityai/stable-diffusion-xl-base-1.0,local_diffusers,gn,MULTI,nurse,stabilityai/stable-diffusion-xl-base-1.0|gn|MULTI|nurse,stabilityai/stable-diffusion-xl-base-1.0|gn|MULTI|nurse,stabilityai_stable-diffusion-xl-base-1.0__nurse__202625140312002,202625140312002,hasyva rerekua,ok,10,0,10,robustness|stabilityai/stable-diffusion-xl-base-1.0|gn,3,4,kaggle,images/main/metadata_kaggle_<run_id>.parquet,images/main
robustness,stabilityai/stable-diffusion-xl-base-1.0,local_diffusers,gn,MULTI,nurse,stabilityai/stable-diffusion-xl-base-1.0|gn|MULTI|nurse,stabilityai/stable-diffusion-xl-base-1.0|gn|MULTI|nurse,stabilityai_stable-diffusion-xl-base-1.0__nurse__202625140312003,202625140312003,hasyva rerekua,ok,10,0,10,robustness|stabilityai/stable-diffusion-xl-base-1.0|gn,3,4,kaggle,images/main/metadata_kaggle_<run_id>.parquet,images/main
robustness,stabilityai/stable-diffusion-xl-base-1.0,local_diffusers,gn,MULTI,nurse,stabilityai/stable-diffusion-xl-base-1.0|gn|MULTI|nurse,stabilityai/stable-diffusion-xl-base-1.0|gn|MULTI|nurse,stabilityai_stable-diffusion-xl-base-1.0__nurse__202625140312004,202625140312004,hasyva rerekua,ok,10,0,10,robustness|stabilityai/stable-diffusion-xl-base-1.0|gn,2,4,kaggle,images/main/metadata_kaggle_<run_id>.parquet,images/main
robustness,stabilityai/stable-diffusion-xl-base-1.0,local_diffusers,gn,MULTI,nurse,stabilityai/stable-diffusion-xl-base-1.0|gn|MULTI|nurse,stabilityai/stable-diffusion-xl-base-1.0|gn|MULTI|nurse,stabilityai_stable-diffusion-xl-base-1.0__nurse__202625140312005,202625140312005,hasyva rerekua,ok,10,0,10,robustness|stabilityai/stable-diffusion-xl-base-1.0|gn,3,4,kaggle,images/main/metadata_kaggle_<run_id>.parquet,images/main
robustness,stabilityai/stable-diffusion-xl-base-1.0,local_diffusers,gn,MULTI,nurse,stabilityai/stable-diffusion-xl-base-1.0|gn|MULTI|nurse,stabilityai/stable-diffusion-xl-base-1.0|gn|MULTI|nurse,stabilityai_stable-diffusion-xl-base-1.0__nurse__202625140312006,202625140312006,hasyva rerekua,ok,10,0,10,robustness|stabilityai/stable-diffusion-xl-base-1.0|gn,2,4,kaggle,images/main/metadata_kaggle_<run_id>.parquet,images/main
robustness,stabilityai/stable-diffusion-xl-base-1.0,local_diffusers,gn,MULTI,nurse,stabilityai/stable-diffusion-xl-base-1.0|gn|MULTI|nurse,stabilityai/stable-diffusion-xl-base-1.0|gn|MULTI|nurse,stabilityai_stable-diffusion-xl-base-1.0__nurse__202625140312007,202625140312007,hasyva rerekua,ok,10,0,10,robustness|stabilityai/stable-diffusion-xl-base-1.0|gn,1,4,kaggle,images/main/metadata_kaggle_<run_id>.parquet,images/main
robustness,stabilityai/stable-diffusion-xl-base-1.0,local_diffusers,gn,MULTI,nurse,stabilityai/stable-diffusion-xl-base-1.0|gn|MULTI|nurse,stabilityai/stable-diffusion-xl-base-1.0|gn|MULTI|nurse,stabilityai_stable-diffusion-xl-base-1.0__nurse__202625140312008,202625140312008,hasyva rerekua,ok,10,0,10,robustness|stabilityai/stable-diffusion-xl-base-1.0|gn,2,4,kaggle,images/main/metadata_kaggle_<run_id>.parquet,images/main
robustness,stabilityai/stable-diffusion-xl-base-1.0,local_diffusers,gn,MULTI,nurse,stabilityai/stable-diffusion-xl-base-1.0|gn|MULTI|nurse,stabilityai/stable-diffusion-xl-base-1.0|gn|MULTI|nurse,stabilityai_stable-diffusion-xl-base-1.0__nurse__202625140312009,202625140312009,hasyva rerekua,ok,10,0,10,robustness|stabilityai/stable-diffusion-xl-base-1.0|gn,3,4,kaggle,images/main/metadata_kaggle_<run_id>.parquet,images/main
robustness,stabilityai/stable-diffusion-3.5-medium,local_diffusers,gn,MULTI,nurse,stabilityai/stable-diffusion-3.5-medium|gn|MULTI|nurse,stabilityai/stable-diffusion-3.5-medium|gn|MULTI|nurse,stabilityai_stable-diffusion-3.5-medium__nurse__202625140313000,202625140313000,hasyva rerekua,ok,10,0,10,robustness|stabilityai/stable-diffusion-3.5-medium|gn,2,4,colab,images/main/metadata_colab_<run_id>.parquet,images/main
robustness,stabilityai/stable-diffusion-3.5-medium,local_diffusers,gn,MULTI,nurse,stabilityai/stable-diffusion-3.5-medium|gn|MULTI|nurse,stabilityai/stable-diffusion-3.5-medium|gn|MULTI|nurse,stabilityai_stable-diffusion-3.5-medium__nurse__202625140313001,202625140313001,hasyva rerekua,ok,10,0,10,robustness|stabilityai/stable-diffusion-3.5-medium|gn,1,4,colab,images/main/metadata_colab_<run_id>.parquet,images/main
robustness,stabilityai/stable-diffusion-3.5-medium,local_diffusers,gn,MULTI,nurse,stabilityai/stable-diffusion-3.5-medium|gn|MULTI|nurse,stabilityai/stable-diffusion-3.5-medium|gn|MULTI|nurse,stabilityai_stable-diffusion-3.5-medium__nurse__202625140313002,202625140313002,hasyva rerekua,ok,10,0,10,robustness|stabilityai/stable-diffusion-3.5-medium|gn,2,4,colab,images/main/metadata_colab_<run_id>.parquet,images/main
robustness,stabilityai/stable-diffusion-3.5-medium,local_diffusers,gn,MULTI,nurse,stabilityai/stable-diffusion-3.5-medium|gn|MULTI|nurse,stabilityai/stable-diffusion-3.5-medium|gn|MULTI|nurse,stabilityai_stable-diffusion-3.5-medium__nurse__202625140313003,202625140313003,hasyva rerekua,ok,10,0,10,robustness|stabilityai/stable-diffusion-3.5-medium|gn,2,4,colab,images/main/metadata_colab_<run_id>.parquet,images/main
robustness,stabilityai/stable-diffusion-3.5-medium,local_diffusers,gn,MULTI,nurse,stabilityai/stable-diffusion-3.5-medium|gn|MULTI|nurse,stabilityai/stable-diffusion-3.5-medium|gn|MULTI|nurse,stabilityai_stable-diffusion-3.5-medium__nurse__202625140313004,202625140313004,hasyva rerekua,ok,10,0,10,robustness|stabilityai/stable-diffusion-3.5-medium|gn,0,4,colab,images/main/metadata_colab_<run_id>.parquet,images/main
robustness,stabilityai/stable-diffusion-3.5-medium,local_diffusers,gn,MULTI,nurse,stabilityai/stable-diffusion-3.5-medium|gn|MULTI|nurse,stabilityai/stable-diffusion-3.5-medium|gn|MULTI|nurse,stabilityai_stable-diffusion-3.5-medium__nurse__202625140313005,202625140313005,hasyva rerekua,ok,10,0,10,robustness|stabilityai/stable-diffusion-3.5-medium|gn,2,4,colab,images/main/metadata_colab_<run_id>.parquet,images/main
robustness,stabilityai/stable-diffusion-3.5-medium,local_diffusers,gn,MULTI,nurse,stabilityai/stable-diffusion-3.5-medium|gn|MULTI|nurse,stabilityai/stable-diffusion-3.5-medium|gn|MULTI|nurse,stabilityai_stable-diffusion-3.5-medium__nurse__202625140313006,202625140313006,hasyva rerekua,ok,10,0,10,robustness|stabilityai/stable-diffusion-3.5-medium|gn,0,4,colab,images/main/metadata_colab_<run_id>.parquet,images/main
robustness,stabilityai/stable-diffusion-3.5-medium,local_diffusers,gn,MULTI,nurse,stabilityai/stable-diffusion-3.5-medium|gn|MULTI|nurse,stabilityai/stable-diffusion-3.5-medium|gn|MULTI|nurse,stabilityai_stable-diffusion-3.5-medium__nurse__202625140313007,202625140313007,hasyva rerekua,ok,10,0,10,robustness|stabilityai/stable-diffusion-3.5-medium|gn,2,4,colab,images/main/metadata_colab_<run_id>.parquet,images/main
robustness,stabilityai/stable-diffusion-3.5-medium,local_diffusers,gn,MULTI,nurse,stabilityai/stable-diffusion-3.5-medium|gn|MULTI|nurse,stabilityai/stable-diffusion-3.5-medium|gn|MULTI|nurse,stabilityai_stable-diffusion-3.5-medium__nurse__202625140313008,202625140313008,hasyva rerekua,ok,10,0,10,robustness|stabilityai/stable-diffusion-3.5-medium|gn,0,4,colab,images/main/metadata_colab_<run_id>.parquet,images/main
robustness,stabilityai/stable-diffusion-3.5-medium,local_diffusers,gn,MULTI,nurse,stabilityai/stable-diffusion-3.5-medium|gn|MULTI|nurse,stabilityai/stable-diffusion-3.5-medium|gn|MULTI|nurse,stabilityai_stable-diffusion-3.5-medium__nurse__202625140313009,202625140313009,hasyva rerekua,ok,10,0,10,robustness|stabilityai/stable-diffusion-3.5-medium|gn,3,4,colab,images/main/metadata_colab_<run_id>.parquet,images/main
robustness,pollinations/flux,pollinations,qu,MULTI,salesperson,pollinations/flux|qu|MULTI|salesperson,pollinations/flux|qu|MULTI|salesperson,pollinations_flux__salesperson__202625140500000,202625140500000,qhatuq,ok,10,0,10,robustness|pollinations/flux|qu,1,4,local,images/main/metadata_local_<run_id>.parquet,images/main
robustness,pollinations/flux,pollinations,qu,MULTI,salesperson,pollinations/flux|qu|MULTI|salesperson,pollinations/flux|qu|MULTI|salesperson,pollinations_flux__salesperson__202625140500001,202625140500001,qhatuq,ok,10,0,10,robustness|pollinations/flux|qu,1,4,local,images/main/metadata_local_<run_id>.parquet,images/main
robustness,pollinations/flux,pollinations,qu,MULTI,salesperson,pollinations/flux|qu|MULTI|salesperson,pollinations/flux|qu|MULTI|salesperson,pollinations_flux__salesperson__202625140500002,202625140500002,qhatuq,ok,10,0,10,robustness|pollinations/flux|qu,3,4,local,images/main/metadata_local_<run_id>.parquet,images/main
robustness,pollinations/flux,pollinations,qu,MULTI,salesperson,pollinations/flux|qu|MULTI|salesperson,pollinations/flux|qu|MULTI|salesperson,pollinations_flux__salesperson__202625140500003,202625140500003,qhatuq,ok,10,0,10,robustness|pollinations/flux|qu,0,4,local,images/main/metadata_local_<run_id>.parquet,images/main
robustness,pollinations/flux,pollinations,qu,MULTI,salesperson,pollinations/flux|qu|MULTI|salesperson,pollinations/flux|qu|MULTI|salesperson,pollinations_flux__salesperson__202625140500004,202625140500004,qhatuq,ok,10,0,10,robustness|pollinations/flux|qu,3,4,local,images/main/metadata_local_<run_id>.parquet,images/main
robustness,pollinations/flux,pollinations,qu,MULTI,salesperson,pollinations/flux|qu|MULTI|salesperson,pollinations/flux|qu|MULTI|salesperson,pollinations_flux__salesperson__202625140500005,202625140500005,qhatuq,ok,10,0,10,robustness|pollinations/flux|qu,0,4,local,images/main/metadata_local_<run_id>.parquet,images/main
robustness,pollinations/flux,pollinations,qu,MULTI,salesperson,pollinations/flux|qu|MULTI|salesperson,pollinations/flux|qu|MULTI|salesperson,pollinations_flux__salesperson__202625140500006,202625140500006,qhatuq,ok,10,0,10,robustness|pollinations/flux|qu,3,4,local,images/main/metadata_local_<run_id>.parquet,images/main
robustness,pollinations/flux,pollinations,qu,MULTI,salesperson,pollinations/flux|qu|MULTI|salesperson,pollinations/flux|qu|MULTI|salesperson,pollinations_flux__salesperson__202625140500007,202625140500007,qhatuq,ok,10,0,10,robustness|pollinations/flux|qu,1,4,local,images/main/metadata_local_<run_id>.parquet,images/main
robustness,pollinations/flux,pollinations,qu,MULTI,salesperson,pollinations/flux|qu|MULTI|salesperson,pollinations/flux|qu|MULTI|salesperson,pollinations_flux__salesperson__202625140500008,202625140500008,qhatuq,ok,10,0,10,robustness|pollinations/flux|qu,1,4,local,images/main/metadata_local_<run_id>.parquet,images/main
robustness,pollinations/flux,pollinations,qu,MULTI,salesperson,pollinations/flux|qu|MULTI|salesperson,pollinations/flux|qu|MULTI|salesperson,pollinations_flux__salesperson__202625140500009,202625140500009,qhatuq,ok,10,0,10,robustness|pollinations/flux|qu,0,4,local,images/main/metadata_local_<run_id>.parquet,images/main
robustness,runwayml/stable-diffusion-v1-5,local_diffusers,qu,MULTI,salesperson,runwayml/stable-diffusion-v1-5|qu|MULTI|salesperson,runwayml/stable-diffusion-v1-5|qu|MULTI|salesperson,runwayml_stable-diffusion-v1-5__salesperson__202625140501000,202625140501000,qhatuq,ok,10,0,10,robustness|runwayml/stable-diffusion-v1-5|qu,2,4,kaggle,images/main/metadata_kaggle_<run_id>.parquet,images/main
robustness,runwayml/stable-diffusion-v1-5,local_diffusers,qu,MULTI,salesperson,runwayml/stable-diffusion-v1-5|qu|MULTI|salesperson,runwayml/stable-diffusion-v1-5|qu|MULTI|salesperson,runwayml_stable-diffusion-v1-5__salesperson__202625140501001,202625140501001,qhatuq,ok,10,0,10,robustness|runwayml/stable-diffusion-v1-5|qu,3,4,kaggle,images/main/metadata_kaggle_<run_id>.parquet,images/main
robustness,runwayml/stable-diffusion-v1-5,local_diffusers,qu,MULTI,salesperson,runwayml/stable-diffusion-v1-5|qu|MULTI|salesperson,runwayml/stable-diffusion-v1-5|qu|MULTI|salesperson,runwayml_stable-diffusion-v1-5__salesperson__202625140501002,202625140501002,qhatuq,ok,10,0,10,robustness|runwayml/stable-diffusion-v1-5|qu,1,4,kaggle,images/main/metadata_kaggle_<run_id>.parquet,images/main
robustness,runwayml/stable-diffusion-v1-5,local_diffusers,qu,MULTI,salesperson,runwayml/stable-diffusion-v1-5|qu|MULTI|salesperson,runwayml/stable-diffusion-v1-5|qu|MULTI|salesperson,runwayml_stable-diffusion-v1-5__salesperson__202625140501003,202625140501003,qhatuq,ok,10,0,10,robustness|runwayml/stable-diffusion-v1-5|qu,3,4,kaggle,images/main/metadata_kaggle_<run_id>.parquet,images/main
robustness,runwayml/stable-diffusion-v1-5,local_diffusers,qu,MULTI,salesperson,runwayml/stable-diffusion-v1-5|qu|MULTI|salesperson,runwayml/stable-diffusion-v1-5|qu|MULTI|salesperson,runwayml_stable-diffusion-v1-5__salesperson__202625140501004,202625140501004,qhatuq,ok,10,0,10,robustness|runwayml/stable-diffusion-v1-5|qu,2,4,kaggle,images/main/metadata_kaggle_<run_id>.parquet,images/main
robustness,runwayml/stable-diffusion-v1-5,local_diffusers,qu,MULTI,salesperson,runwayml/stable-diffusion-v1-5|qu|MULTI|salesperson,runwayml/stable-diffusion-v1-5|qu|MULTI|salesperson,runwayml_stable-diffusion-v1-5__salesperson__202625140501005,202625140501005,qhatuq,ok,10,0,10,robustness|runwayml/stable-diffusion-v1-5|qu,0,4,kaggle,images/main/metadata_kaggle_<run_id>.parquet,images/main
robustness,runwayml/stable-diffusion-v1-5,local_diffusers,qu,MULTI,salesperson,runwayml/stable-diffusion-v1-5|qu|MULTI|salesperson,runwayml/stable-diffusion-v1-5|qu|MULTI|salesperson,runwayml_stable-diffusion-v1-5__salesperson__202625140501006,202625140501006,qhatuq,ok,10,0,10,robustness|runwayml/stable-diffusion-v1-5|qu,2,4,kaggle,images/main/metadata_kaggle_<run_id>.parquet,images/main
robustness,runwayml/stable-diffusion-v1-5,local_diffusers,qu,MULTI,salesperson,runwayml/stable-diffusion-v1-5|qu|MULTI|salesperson,runwayml/stable-diffusion-v1-5|qu|MULTI|salesperson,runwayml_stable-diffusion-v1-5__salesperson__202625140501007,202625140501007,qhatuq,ok,10,0,10,robustness|runwayml/stable-diffusion-v1-5|qu,1,4,kaggle,images/main/metadata_kaggle_<run_id>.parquet,images/main
robustness,runwayml/stable-diffusion-v1-5,local_diffusers,qu,MULTI,salesperson,runwayml/stable-diffusion-v1-5|qu|MULTI|salesperson,runwayml/stable-diffusion-v1-5|qu|MULTI|salesperson,runwayml_stable-diffusion-v1-5__salesperson__202625140501008,202625140501008,qhatuq,ok,10,0,10,robustness|runwayml/stable-diffusion-v1-5|qu,0,4,kaggle,images/main/metadata_kaggle_<run_id>.parquet,images/main
robustness,runwayml/stable-diffusion-v1-5,local_diffusers,qu,MULTI,salesperson,runwayml/stable-diffusion-v1-5|qu|MULTI|salesperson,runwayml/stable-diffusion-v1-5|qu|MULTI|salesperson,runwayml_stable-diffusion-v1-5__salesperson__202625140501009,202625140501009,qhatuq,ok,10,0,10,robustness|runwayml/stable-diffusion-v1-5|qu,0,4,kaggle,images/main/metadata_kaggle_<run_id>.parquet,images/main
robustness,stabilityai/stable-diffusion-xl-base-1.0,local_diffusers,qu,MULTI,salesperson,stabilityai/stable-diffusion-xl-base-1.0|qu|MULTI|salesperson,stabilityai/stable-diffusion-xl-base-1.0|qu|MULTI|salesperson,stabilityai_stable-diffusion-xl-base-1.0__salesperson__202625140502000,202625140502000,qhatuq,ok,10,0,10,robustness|stabilityai/stable-diffusion-xl-base-1.0|qu,2,4,kaggle,images/main/metadata_kaggle_<run_id>.parquet,images/main
robustness,stabilityai/stable-diffusion-xl-base-1.0,local_diffusers,qu,MULTI,salesperson,stabilityai/stable-diffusion-xl-base-1.0|qu|MULTI|salesperson,stabilityai/stable-diffusion-xl-base-1.0|qu|MULTI|salesperson,stabilityai_stable-diffusion-xl-base-1.0__salesperson__202625140502001,202625140502001,qhatuq,ok,10,0,10,robustness|stabilityai/stable-diffusion-xl-base-1.0|qu,3,4,kaggle,images/main/metadata_kaggle_<run_id>.parquet,images/main
robustness,stabilityai/stable-diffusion-xl-base-1.0,local_diffusers,qu,MULTI,salesperson,stabilityai/stable-diffusion-xl-base-1.0|qu|MULTI|salesperson,stabilityai/stable-diffusion-xl-base-1.0|qu|MULTI|salesperson,stabilityai_stable-diffusion-xl-base-1.0__salesperson__202625140502002,202625140502002,qhatuq,ok,10,0,10,robustness|stabilityai/stable-diffusion-xl-base-1.0|qu,2,4,kaggle,images/main/metadata_kaggle_<run_id>.parquet,images/main
robustness,stabilityai/stable-diffusion-xl-base-1.0,local_diffusers,qu,MULTI,salesperson,stabilityai/stable-diffusion-xl-base-1.0|qu|MULTI|salesperson,stabilityai/stable-diffusion-xl-base-1.0|qu|MULTI|salesperson,stabilityai_stable-diffusion-xl-base-1.0__salesperson__202625140502003,202625140502003,qhatuq,ok,10,0,10,robustness|stabilityai/stable-diffusion-xl-base-1.0|qu,3,4,kaggle,images/main/metadata_kaggle_<run_id>.parquet,images/main
robustness,stabilityai/stable-diffusion-xl-base-1.0,local_diffusers,qu,MULTI,salesperson,stabilityai/stable-diffusion-xl-base-1.0|qu|MULTI|salesperson,stabilityai/stable-diffusion-xl-base-1.0|qu|MULTI|salesperson,stabilityai_stable-diffusion-xl-base-1.0__salesperson__202625140502004,202625140502004,qhatuq,ok,10,0,10,robustness|stabilityai/stable-diffusion-xl-base-1.0|qu,0,4,kaggle,images/main/metadata_kaggle_<run_id>.parquet,images/main
robustness,stabilityai/stable-diffusion-xl-base-1.0,local_diffusers,qu,MULTI,salesperson,stabilityai/stable-diffusion-xl-base-1.0|qu|MULTI|salesperson,stabilityai/stable-diffusion-xl-base-1.0|qu|MULTI|salesperson,stabilityai_stable-diffusion-xl-base-1.0__salesperson__202625140502005,202625140502005,qhatuq,ok,10,0,10,robustness|stabilityai/stable-diffusion-xl-base-1.0|qu,3,4,kaggle,images/main/metadata_kaggle_<run_id>.parquet,images/main
robustness,stabilityai/stable-diffusion-xl-base-1.0,local_diffusers,qu,MULTI,salesperson,stabilityai/stable-diffusion-xl-base-1.0|qu|MULTI|salesperson,stabilityai/stable-diffusion-xl-base-1.0|qu|MULTI|salesperson,stabilityai_stable-diffusion-xl-base-1.0__salesperson__202625140502006,202625140502006,qhatuq,ok,10,0,10,robustness|stabilityai/stable-diffusion-xl-base-1.0|qu,1,4,kaggle,images/main/metadata_kaggle_<run_id>.parquet,images/main
robustness,stabilityai/stable-diffusion-xl-base-1.0,local_diffusers,qu,MULTI,salesperson,stabilityai/stable-diffusion-xl-base-1.0|qu|MULTI|salesperson,stabilityai/stable-diffusion-xl-base-1.0|qu|MULTI|salesperson,stabilityai_stable-diffusion-xl-base-1.0__salesperson__202625140502007,202625140502007,qhatuq,ok,10,0,10,robustness|stabilityai/stable-diffusion-xl-base-1.0|qu,1,4,kaggle,images/main/metadata_kaggle_<run_id>.parquet,images/main
robustness,stabilityai/stable-diffusion-xl-base-1.0,local_diffusers,qu,MULTI,salesperson,stabilityai/stable-diffusion-xl-base-1.0|qu|MULTI|salesperson,stabilityai/stable-diffusion-xl-base-1.0|qu|MULTI|salesperson,stabilityai_stable-diffusion-xl-base-1.0__salesperson__202625140502008,202625140502008,qhatuq,ok,10,0,10,robustness|stabilityai/stable-diffusion-xl-base-1.0|qu,2,4,kaggle,images/main/metadata_kaggle_<run_id>.parquet,images/main
robustness,stabilityai/stable-diffusion-xl-base-1.0,local_diffusers,qu,MULTI,salesperson,stabilityai/stable-diffusion-xl-base-1.0|qu|MULTI|salesperson,stabilityai/stable-diffusion-xl-base-1.0|qu|MULTI|salesperson,stabilityai_stable-diffusion-xl-base-1.0__salesperson__202625140502009,202625140502009,qhatuq,ok,10,0,10,robustness|stabilityai/stable-diffusion-xl-base-1.0|qu,1,4,kaggle,images/main/metadata_kaggle_<run_id>.parquet,images/main
robustness,stabilityai/stable-diffusion-3.5-medium,local_diffusers,qu,MULTI,salesperson,stabilityai/stable-diffusion-3.5-medium|qu|MULTI|salesperson,stabilityai/stable-diffusion-3.5-medium|qu|MULTI|salesperson,stabilityai_stable-diffusion-3.5-medium__salesperson__202625140503000,202625140503000,qhatuq,ok,10,0,10,robustness|stabilityai/stable-diffusion-3.5-medium|qu,2,4,colab,images/main/metadata_colab_<run_id>.parquet,images/main
robustness,stabilityai/stable-diffusion-3.5-medium,local_diffusers,qu,MULTI,salesperson,stabilityai/stable-diffusion-3.5-medium|qu|MULTI|salesperson,stabilityai/stable-diffusion-3.5-medium|qu|MULTI|salesperson,stabilityai_stable-diffusion-3.5-medium__salesperson__202625140503001,202625140503001,qhatuq,ok,10,0,10,robustness|stabilityai/stable-diffusion-3.5-medium|qu,0,4,colab,images/main/metadata_colab_<run_id>.parquet,images/main
robustness,stabilityai/stable-diffusion-3.5-medium,local_diffusers,qu,MULTI,salesperson,stabilityai/stable-diffusion-3.5-medium|qu|MULTI|salesperson,stabilityai/stable-diffusion-3.5-medium|qu|MULTI|salesperson,stabilityai_stable-diffusion-3.5-medium__salesperson__202625140503002,202625140503002,qhatuq,ok,10,0,10,robustness|stabilityai/stable-diffusion-3.5-medium|qu,3,4,colab,images/main/metadata_colab_<run_id>.parquet,images/main
robustness,stabilityai/stable-diffusion-3.5-medium,local_diffusers,qu,MULTI,salesperson,stabilityai/stable-diffusion-3.5-medium|qu|MULTI|salesperson,stabilityai/stable-diffusion-3.5-medium|qu|MULTI|salesperson,stabilityai_stable-diffusion-3.5-medium__salesperson__202625140503003,202625140503003,qhatuq,ok,10,0,10,robustness|stabilityai/stable-diffusion-3.5-medium|qu,0,4,colab,images/main/metadata_colab_<run_id>.parquet,images/main
robustness,stabilityai/stable-diffusion-3.5-medium,local_diffusers,qu,MULTI,salesperson,stabilityai/stable-diffusion-3.5-medium|qu|MULTI|salesperson,stabilityai/stable-diffusion-3.5-medium|qu|MULTI|salesperson,stabilityai_stable-diffusion-3.5-medium__salesperson__202625140503004,202625140503004,qhatuq,ok,10,0,10,robustness|stabilityai/stable-diffusion-3.5-medium|qu,0,4,colab,images/main/metadata_colab_<run_id>.parquet,images/main
robustness,stabilityai/stable-diffusion-3.5-medium,local_diffusers,qu,MULTI,salesperson,stabilityai/stable-diffusion-3.5-medium|qu|MULTI|salesperson,stabilityai/stable-diffusion-3.5-medium|qu|MULTI|salesperson,stabilityai_stable-diffusion-3.5-medium__salesperson__202625140503005,202625140503005,qhatuq,ok,10,0,10,robustness|stabilityai/stable-diffusion-3.5-medium|qu,0,4,colab,images/main/metadata_colab_<run_id>.parquet,images/main
robustness,stabilityai/stable-diffusion-3.5-medium,local_diffusers,qu,MULTI,salesperson,stabilityai/stable-diffusion-3.5-medium|qu|MULTI|salesperson,stabilityai/stable-diffusion-3.5-medium|qu|MULTI|salesperson,stabilityai_stable-diffusion-3.5-medium__salesperson__202625140503006,202625140503006,qhatuq,ok,10,0,10,robustness|stabilityai/stable-diffusion-3.5-medium|qu,1,4,colab,images/main/metadata_colab_<run_id>.parquet,images/main
robustness,stabilityai/stable-diffusion-3.5-medium,local_diffusers,qu,MULTI,salesperson,stabilityai/stable-diffusion-3.5-medium|qu|MULTI|salesperson,stabilityai/stable-diffusion-3.5-medium|qu|MULTI|salesperson,stabilityai_stable-diffusion-3.5-medium__salesperson__202625140503007,202625140503007,qhatuq,ok,10,0,10,robustness|stabilityai/stable-diffusion-3.5-medium|qu,0,4,colab,images/main/metadata_colab_<run_id>.parquet,images/main
robustness,stabilityai/stable-diffusion-3.5-medium,local_diffusers,qu,MULTI,salesperson,stabilityai/stable-diffusion-3.5-medium|qu|MULTI|salesperson,stabilityai/stable-diffusion-3.5-medium|qu|MULTI|salesperson,stabilityai_stable-diffusion-3.5-medium__salesperson__202625140503008,202625140503008,qhatuq,ok,10,0,10,robustness|stabilityai/stable-diffusion-3.5-medium|qu,0,4,colab,images/main/metadata_colab_<run_id>.parquet,images/main
robustness,stabilityai/stable-diffusion-3.5-medium,local_diffusers,qu,MULTI,salesperson,stabilityai/stable-diffusion-3.5-medium|qu|MULTI|salesperson,stabilityai/stable-diffusion-3.5-medium|qu|MULTI|salesperson,stabilityai_stable-diffusion-3.5-medium__salesperson__202625140503009,202625140503009,qhatuq,ok,10,0,10,robustness|stabilityai/stable-diffusion-3.5-medium|qu,3,4,colab,images/main/metadata_colab_<run_id>.parquet,images/main
robustness,pollinations/flux,pollinations,gn,MULTI,construction worker,pollinations/flux|gn|MULTI|construction worker,pollinations/flux|gn|MULTI|construction worker,pollinations_flux__construction_worker__202625140710000,202625140710000,oga apoha,ok,10,0,10,robustness|pollinations/flux|gn,3,4,local,images/main/metadata_local_<run_id>.parquet,images/main
robustness,pollinations/flux,pollinations,gn,MULTI,construction worker,pollinations/flux|gn|MULTI|construction worker,pollinations/flux|gn|MULTI|construction worker,pollinations_flux__construction_worker__202625140710001,202625140710001,oga apoha,ok,10,0,10,robustness|pollinations/flux|gn,1,4,local,images/main/metadata_local_<run_id>.parquet,images/main
robustness,pollinations/flux,pollinations,gn,MULTI,construction worker,pollinations/flux|gn|MULTI|construction worker,pollinations/flux|gn|MULTI|construction worker,pollinations_flux__construction_worker__202625140710002,202625140710002,oga apoha,ok,10,0,10,robustness|pollinations/flux|gn,0,4,local,images/main/metadata_local_<run_id>.parquet,images/main
robustness,pollinations/flux,pollinations,gn,MULTI,construction worker,pollinations/flux|gn|MULTI|construction worker,pollinations/flux|gn|MULTI|construction worker,pollinations_flux__construction_worker__202625140710003,202625140710003,oga apoha,ok,10,0,10,robustness|pollinations/flux|gn,3,4,local,images/main/metadata_local_<run_id>.parquet,images/main
robustness,pollinations/flux,pollinations,gn,MULTI,construction worker,pollinations/flux|gn|MULTI|construction worker,pollinations/flux|gn|MULTI|construction worker,pollinations_flux__construction_worker__202625140710004,202625140710004,oga apoha,ok,10,0,10,robustness|pollinations/flux|gn,3,4,local,images/main/metadata_local_<run_id>.parquet,images/main
robustness,pollinations/flux,pollinations,gn,MULTI,construction worker,pollinations/flux|gn|MULTI|construction worker,pollinations/flux|gn|MULTI|construction worker,pollinations_flux__construction_worker__202625140710005,202625140710005,oga apoha,ok,10,0,10,robustness|pollinations/flux|gn,0,4,local,images/main/metadata_local_<run_id>.parquet,images/main
robustness,pollinations/flux,pollinations,gn,MULTI,construction worker,pollinations/flux|gn|MULTI|construction worker,pollinations/flux|gn|MULTI|construction worker,pollinations_flux__construction_worker__202625140710006,202625140710006,oga apoha,ok,10,0,10,robustness|pollinations/flux|gn,3,4,local,images/main/metadata_local_<run_id>.parquet,images/main
robustness,pollinations/flux,pollinations,gn,MULTI,construction worker,pollinations/flux|gn|MULTI|construction worker,pollinations/flux|gn|MULTI|construction worker,pollinations_flux__construction_worker__202625140710007,202625140710007,oga apoha,ok,10,0,10,robustness|pollinations/flux|gn,0,4,local,images/main/metadata_local_<run_id>.parquet,images/main
robustness,pollinations/flux,pollinations,gn,MULTI,construction worker,pollinations/flux|gn|MULTI|construction worker,pollinations/flux|gn|MULTI|construction worker,pollinations_flux__construction_worker__202625140710008,202625140710008,oga apoha,ok,10,0,10,robustness|pollinations/flux|gn,0,4,local,images/main/metadata_local_<run_id>.parquet,images/main
robustness,pollinations/flux,pollinations,gn,MULTI,construction worker,pollinations/flux|gn|MULTI|construction worker,pollinations/flux|gn|MULTI|construction worker,pollinations_flux__construction_worker__202625140710009,202625140710009,oga apoha,ok,10,0,10,robustness|pollinations/flux|gn,3,4,local,images/main/metadata_local_<run_id>.parquet,images/main
robustness,runwayml/stable-diffusion-v1-5,local_diffusers,gn,MULTI,construction worker,runwayml/stable-diffusion-v1-5|gn|MULTI|construction worker,runwayml/stable-diffusion-v1-5|gn|MULTI|construction worker,runwayml_stable-diffusion-v1-5__construction_worker__202625140711000,202625140711000,oga apoha,ok,10,0,10,robustness|runwayml/stable-diffusion-v1-5|gn,0,4,kaggle,images/main/metadata_kaggle_<run_id>.parquet,images/main
robustness,runwayml/stable-diffusion-v1-5,local_diffusers,gn,MULTI,construction worker,runwayml/stable-diffusion-v1-5|gn|MULTI|construction worker,runwayml/stable-diffusion-v1-5|gn|MULTI|construction worker,runwayml_stable-diffusion-v1-5__construction_worker__202625140711001,202625140711001,oga apoha,ok,10,0,10,robustness|runwayml/stable-diffusion-v1-5|gn,3,4,kaggle,images/main/metadata_kaggle_<run_id>.parquet,images/main
robustness,runwayml/stable-diffusion-v1-5,local_diffusers,gn,MULTI,construction worker,runwayml/stable-diffusion-v1-5|gn|MULTI|construction worker,runwayml/stable-diffusion-v1-5|gn|MULTI|construction worker,runwayml_stable-diffusion-v1-5__construction_worker__202625140711002,202625140711002,oga apoha,ok,10,0,10,robustness|runwayml/stable-diffusion-v1-5|gn,3,4,kaggle,images/main/metadata_kaggle_<run_id>.parquet,images/main
robustness,runwayml/stable-diffusion-v1-5,local_diffusers,gn,MULTI,construction worker,runwayml/stable-diffusion-v1-5|gn|MULTI|construction worker,runwayml/stable-diffusion-v1-5|gn|MULTI|construction worker,runwayml_stable-diffusion-v1-5__construction_worker__202625140711003,202625140711003,oga apoha,ok,10,0,10,robustness|runwayml/stable-diffusion-v1-5|gn,0,4,kaggle,images/main/metadata_kaggle_<run_id>.parquet,images/main
robustness,runwayml/stable-diffusion-v1-5,local_diffusers,gn,MULTI,construction worker,runwayml/stable-diffusion-v1-5|gn|MULTI|construction worker,runwayml/stable-diffusion-v1-5|gn|MULTI|construction worker,runwayml_stable-diffusion-v1-5__construction_worker__202625140711004,202625140711004,oga apoha,ok,10,0,10,robustness|runwayml/stable-diffusion-v1-5|gn,0,4,kaggle,images/main/metadata_kaggle_<run_id>.parquet,images/main
robustness,runwayml/stable-diffusion-v1-5,local_diffusers,gn,MULTI,construction worker,runwayml/stable-diffusion-v1-5|gn|MULTI|construction worker,runwayml/stable-diffusion-v1-5|gn|MULTI|construction worker,runwayml_stable-diffusion-v1-5__construction_worker__202625140711005,202625140711005,oga apoha,ok,10,0,10,robustness|runwayml/stable-diffusion-v1-5|gn,3,4,kaggle,images/main/metadata_kaggle_<run_id>.parquet,images/main
robustness,runwayml/stable-diffusion-v1-5,local_diffusers,gn,MULTI,construction worker,runwayml/stable-diffusion-v1-5|gn|MULTI|construction worker,runwayml/stable-diffusion-v1-5|gn|MULTI|construction worker,runwayml_stable-diffusion-v1-5__construction_worker__202625140711006,202625140711006,oga apoha,ok,10,0,10,robustness|runwayml/stable-diffusion-v1-5|gn,1,4,kaggle,images/main/metadata_kaggle_<run_id>.parquet,images/main
robustness,runwayml/stable-diffusion-v1-5,local_diffusers,gn,MULTI,construction worker,runwayml/stable-diffusion-v1-5|gn|MULTI|construction worker,runwayml/stable-diffusion-v1-5|gn|MULTI|construction worker,runwayml_stable-diffusion-v1-5__construction_worker__202625140711007,202625140711007,oga apoha,ok,10,0,10,robustness|runwayml/stable-diffusion-v1-5|gn,2,4,kaggle,images/main/metadata_kaggle_<run_id>.parquet,images/main
robustness,runwayml/stable-diffusion-v1-5,local_diffusers,gn,MULTI,construction worker,runwayml/stable-diffusion-v1-5|gn|MULTI|construction worker,runwayml/stable-diffusion-v1-5|gn|MULTI|construction worker,runwayml_stable-diffusion-v1-5__construction_worker__202625140711008,202625140711008,oga apoha,ok,10,0,10,robustness|runwayml/stable-diffusion-v1-5|gn,0,4,kaggle,images/main/metadata_kaggle_<run_id>.parquet,images/main
robustness,runwayml/stable-diffusion-v1-5,local_diffusers,gn,MULTI,construction worker,runwayml/stable-diffusion-v1-5|gn|MULTI|construction worker,runwayml/stable-diffusion-v1-5|gn|MULTI|construction worker,runwayml_stable-diffusion-v1-5__construction_worker__202625140711009,202625140711009,oga apoha,ok,10,0,10,robustness|runwayml/stable-diffusion-v1-5|gn,0,4,kaggle,images/main/metadata_kaggle_<run_id>.parquet,images/main
robustness,stabilityai/stable-diffusion-xl-base-1.0,local_diffusers,gn,MULTI,construction worker,stabilityai/stable-diffusion-xl-base-1.0|gn|MULTI|construction worker,stabilityai/stable-diffusion-xl-base-1.0|gn|MULTI|construction worker,stabilityai_stable-diffusion-xl-base-1.0__construction_worker__202625140712000,202625140712000,oga apoha,ok,10,0,10,robustness|stabilityai/stable-diffusion-xl-base-1.0|gn,0,4,kaggle,images/main/metadata_kaggle_<run_id>.parquet,images/main
robustness,stabilityai/stable-diffusion-xl-base-1.0,local_diffusers,gn,MULTI,construction worker,stabilityai/stable-diffusion-xl-base-1.0|gn|MULTI|construction worker,stabilityai/stable-diffusion-xl-base-1.0|gn|MULTI|construction worker,stabilityai_stable-diffusion-xl-base-1.0__construction_worker__202625140712001,202625140712001,oga apoha,ok,10,0,10,robustness|stabilityai/stable-diffusion-xl-base-1.0|gn,3,4,kaggle,images/main/metadata_kaggle_<run_id>.parquet,images/main
robustness,stabilityai/stable-diffusion-xl-base-1.0,local_diffusers,gn,MULTI,construction worker,stabilityai/stable-diffusion-xl-base-1.0|gn|MULTI|construction worker,stabilityai/stable-diffusion-xl-base-1.0|gn|MULTI|construction worker,stabilityai_stable-diffusion-xl-base-1.0__construction_worker__202625140712002,202625140712002,oga apoha,ok,10,0,10,robustness|stabilityai/stable-diffusion-xl-base-1.0|gn,2,4,kaggle,images/main/metadata_kaggle_<run_id>.parquet,images/main
robustness,stabilityai/stable-diffusion-xl-base-1.0,local_diffusers,gn,MULTI,construction worker,stabilityai/stable-diffusion-xl-base-1.0|gn|MULTI|construction worker,stabilityai/stable-diffusion-xl-base-1.0|gn|MULTI|construction worker,stabilityai_stable-diffusion-xl-base-1.0__construction_worker__202625140712003,202625140712003,oga apoha,ok,10,0,10,robustness|stabilityai/stable-diffusion-xl-base-1.0|gn,0,4,kaggle,images/main/metadata_kaggle_<run_id>.parquet,images/main
robustness,stabilityai/stable-diffusion-xl-base-1.0,local_diffusers,gn,MULTI,construction worker,stabilityai/stable-diffusion-xl-base-1.0|gn|MULTI|construction worker,stabilityai/stable-diffusion-xl-base-1.0|gn|MULTI|construction worker,stabilityai_stable-diffusion-xl-base-1.0__construction_worker__202625140712004,202625140712004,oga apoha,ok,10,0,10,robustness|stabilityai/stable-diffusion-xl-base-1.0|gn,1,4,kaggle,images/main/metadata_kaggle_<run_id>.parquet,images/main
robustness,stabilityai/stable-diffusion-xl-base-1.0,local_diffusers,gn,MULTI,construction worker,stabilityai/stable-diffusion-xl-base-1.0|gn|MULTI|construction worker,stabilityai/stable-diffusion-xl-base-1.0|gn|MULTI|construction worker,stabilityai_stable-diffusion-xl-base-1.0__construction_worker__202625140712005,202625140712005,oga apoha,ok,10,0,10,robustness|stabilityai/stable-diffusion-xl-base-1.0|gn,3,4,kaggle,images/main/metadata_kaggle_<run_id>.parquet,images/main
robustness,stabilityai/stable-diffusion-xl-base-1.0,local_diffusers,gn,MULTI,construction worker,stabilityai/stable-diffusion-xl-base-1.0|gn|MULTI|construction worker,stabilityai/stable-diffusion-xl-base-1.0|gn|MULTI|construction worker,stabilityai_stable-diffusion-xl-base-1.0__construction_worker__202625140712006,202625140712006,oga apoha,ok,10,0,10,robustness|stabilityai/stable-diffusion-xl-base-1.0|gn,3,4,kaggle,images/main/metadata_kaggle_<run_id>.parquet,images/main
robustness,stabilityai/stable-diffusion-xl-base-1.0,local_diffusers,gn,MULTI,construction worker,stabilityai/stable-diffusion-xl-base-1.0|gn|MULTI|construction worker,stabilityai/stable-diffusion-xl-base-1.0|gn|MULTI|construction worker,stabilityai_stable-diffusion-xl-base-1.0__construction_worker__202625140712007,202625140712007,oga apoha,ok,10,0,10,robustness|stabilityai/stable-diffusion-xl-base-1.0|gn,1,4,kaggle,images/main/metadata_kaggle_<run_id>.parquet,images/main
robustness,stabilityai/stable-diffusion-xl-base-1.0,local_diffusers,gn,MULTI,construction worker,stabilityai/stable-diffusion-xl-base-1.0|gn|MULTI|construction worker,stabilityai/stable-diffusion-xl-base-1.0|gn|MULTI|construction worker,stabilityai_stable-diffusion-xl-base-1.0__construction_worker__202625140712008,202625140712008,oga apoha,ok,10,0,10,robustness|stabilityai/stable-diffusion-xl-base-1.0|gn,2,4,kaggle,images/main/metadata_kaggle_<run_id>.parquet,images/main
robustness,stabilityai/stable-diffusion-xl-base-1.0,local_diffusers,gn,MULTI,construction worker,stabilityai/stable-diffusion-xl-base-1.0|gn|MULTI|construction worker,stabilityai/stable-diffusion-xl-base-1.0|gn|MULTI|construction worker,stabilityai_stable-diffusion-xl-base-1.0__construction_worker__202625140712009,202625140712009,oga apoha,ok,10,0,10,robustness|stabilityai/stable-diffusion-xl-base-1.0|gn,3,4,kaggle,images/main/metadata_kaggle_<run_id>.parquet,images/main
robustness,stabilityai/stable-diffusion-3.5-medium,local_diffusers,gn,MULTI,construction worker,stabilityai/stable-diffusion-3.5-medium|gn|MULTI|construction worker,stabilityai/stable-diffusion-3.5-medium|gn|MULTI|construction worker,stabilityai_stable-diffusion-3.5-medium__construction_worker__202625140713000,202625140713000,oga apoha,ok,10,0,10,robustness|stabilityai/stable-diffusion-3.5-medium|gn,0,4,colab,images/main/metadata_colab_<run_id>.parquet,images/main
robustness,stabilityai/stable-diffusion-3.5-medium,local_diffusers,gn,MULTI,construction worker,stabilityai/stable-diffusion-3.5-medium|gn|MULTI|construction worker,stabilityai/stable-diffusion-3.5-medium|gn|MULTI|construction worker,stabilityai_stable-diffusion-3.5-medium__construction_worker__202625140713001,202625140713001,oga apoha,ok,10,0,10,robustness|stabilityai/stable-diffusion-3.5-medium|gn,1,4,colab,images/main/metadata_colab_<run_id>.parquet,images/main
robustness,stabilityai/stable-diffusion-3.5-medium,local_diffusers,gn,MULTI,construction worker,stabilityai/stable-diffusion-3.5-medium|gn|MULTI|construction worker,stabilityai/stable-diffusion-3.5-medium|gn|MULTI|construction worker,stabilityai_stable-diffusion-3.5-medium__construction_worker__202625140713002,202625140713002,oga apoha,ok,10,0,10,robustness|stabilityai/stable-diffusion-3.5-medium|gn,0,4,colab,images/main/metadata_colab_<run_id>.parquet,images/main
robustness,stabilityai/stable-diffusion-3.5-medium,local_diffusers,gn,MULTI,construction worker,stabilityai/stable-diffusion-3.5-medium|gn|MULTI|construction worker,stabilityai/stable-diffusion-3.5-medium|gn|MULTI|construction worker,stabilityai_stable-diffusion-3.5-medium__construction_worker__202625140713003,202625140713003,oga apoha,ok,10,0,10,robustness|stabilityai/stable-diffusion-3.5-medium|gn,2,4,colab,images/main/metadata_colab_<run_id>.parquet,images/main
robustness,stabilityai/stable-diffusion-3.5-medium,local_diffusers,gn,MULTI,construction worker,stabilityai/stable-diffusion-3.5-medium|gn|MULTI|construction worker,stabilityai/stable-diffusion-3.5-medium|gn|MULTI|construction worker,stabilityai_stable-diffusion-3.5-medium__construction_worker__202625140713004,202625140713004,oga apoha,ok,10,0,10,robustness|stabilityai/stable-diffusion-3.5-medium|gn,3,4,colab,images/main/metadata_colab_<run_id>.parquet,images/main
robustness,stabilityai/stable-diffusion-3.5-medium,local_diffusers,gn,MULTI,construction worker,stabilityai/stable-diffusion-3.5-medium|gn|MULTI|construction worker,stabilityai/stable-diffusion-3.5-medium|gn|MULTI|construction worker,stabilityai_stable-diffusion-3.5-medium__construction_worker__202625140713005,202625140713005,oga apoha,ok,10,0,10,robustness|stabilityai/stable-diffusion-3.5-medium|gn,3,4,colab,images/main/metadata_colab_<run_id>.parquet,images/main
robustness,stabilityai/stable-diffusion-3.5-medium,local_diffusers,gn,MULTI,construction worker,stabilityai/stable-diffusion-3.5-medium|gn|MULTI|construction worker,stabilityai/stable-diffusion-3.5-medium|gn|MULTI|construction worker,stabilityai_stable-diffusion-3.5-medium__construction_worker__202625140713006,202625140713006,oga apoha,ok,10,0,10,robustness|stabilityai/stable-diffusion-3.5-medium|gn,2,4,colab,images/main/metadata_colab_<run_id>.parquet,images/main
robustness,stabilityai/stable-diffusion-3.5-medium,local_diffusers,gn,MULTI,construction worker,stabilityai/stable-diffusion-3.5-medium|gn|MULTI|construction worker,stabilityai/stable-diffusion-3.5-medium|gn|MULTI|construction worker,stabilityai_stable-diffusion-3.5-medium__construction_worker__202625140713007,202625140713007,oga apoha,ok,10,0,10,robustness|stabilityai/stable-diffusion-3.5-medium|gn,2,4,colab,images/main/metadata_colab_<run_id>.parquet,images/main
robustness,stabilityai/stable-diffusion-3.5-medium,local_diffusers,gn,MULTI,construction worker,stabilityai/stable-diffusion-3.5-medium|gn|MULTI|construction worker,stabilityai/stable-diffusion-3.5-medium|gn|MULTI|construction worker,stabilityai_stable-diffusion-3.5-medium__construction_worker__202625140713008,202625140713008,oga apoha,ok,10,0,10,robustness|stabilityai/stable-diffusion-3.5-medium|gn,0,4,colab,images/main/metadata_colab_<run_id>.parquet,images/main
robustness,stabilityai/stable-diffusion-3.5-medium,local_diffusers,gn,MULTI,construction worker,stabilityai/stable-diffusion-3.5-medium|gn|MULTI|construction worker,stabilityai/stable-diffusion-3.5-medium|gn|MULTI|construction worker,stabilityai_stable-diffusion-3.5-medium__construction_worker__202625140713009,202625140713009,oga apoha,ok,10,0,10,robustness|stabilityai/stable-diffusion-3.5-medium|gn,0,4,colab,images/main/metadata_colab_<run_id>.parquet,images/main
robustness,pollinations/flux,pollinations,qu,MULTI,domestic worker,pollinations/flux|qu|MULTI|domestic worker,pollinations/flux|qu|MULTI|domestic worker,pollinations_flux__domestic_worker__202625140800000,202625140800000,,unavailable:ValueError:no documented qu translation for occupation 'domestic worker',10,0,10,robustness|pollinations/flux|qu,3,4,local,images/main/metadata_local_<run_id>.parquet,images/main
robustness,pollinations/flux,pollinations,qu,MULTI,domestic worker,pollinations/flux|qu|MULTI|domestic worker,pollinations/flux|qu|MULTI|domestic worker,pollinations_flux__domestic_worker__202625140800001,202625140800001,,unavailable:ValueError:no documented qu translation for occupation 'domestic worker',10,0,10,robustness|pollinations/flux|qu,0,4,local,images/main/metadata_local_<run_id>.parquet,images/main
robustness,pollinations/flux,pollinations,qu,MULTI,domestic worker,pollinations/flux|qu|MULTI|domestic worker,pollinations/flux|qu|MULTI|domestic worker,pollinations_flux__domestic_worker__202625140800002,202625140800002,,unavailable:ValueError:no documented qu translation for occupation 'domestic worker',10,0,10,robustness|pollinations/flux|qu,0,4,local,images/main/metadata_local_<run_id>.parquet,images/main
robustness,pollinations/flux,pollinations,qu,MULTI,domestic worker,pollinations/flux|qu|MULTI|domestic worker,pollinations/flux|qu|MULTI|domestic worker,pollinations_flux__domestic_worker__202625140800003,202625140800003,,unavailable:ValueError:no documented qu translation for occupation 'domestic worker',10,0,10,robustness|pollinations/flux|qu,1,4,local,images/main/metadata_local_<run_id>.parquet,images/main
robustness,pollinations/flux,pollinations,qu,MULTI,domestic worker,pollinations/flux|qu|MULTI|domestic worker,pollinations/flux|qu|MULTI|domestic worker,pollinations_flux__domestic_worker__202625140800004,202625140800004,,unavailable:ValueError:no documented qu translation for occupation 'domestic worker',10,0,10,robustness|pollinations/flux|qu,3,4,local,images/main/metadata_local_<run_id>.parquet,images/main
robustness,pollinations/flux,pollinations,qu,MULTI,domestic worker,pollinations/flux|qu|MULTI|domestic worker,pollinations/flux|qu|MULTI|domestic worker,pollinations_flux__domestic_worker__202625140800005,202625140800005,,unavailable:ValueError:no documented qu translation for occupation 'domestic worker',10,0,10,robustness|pollinations/flux|qu,3,4,local,images/main/metadata_local_<run_id>.parquet,images/main
robustness,pollinations/flux,pollinations,qu,MULTI,domestic worker,pollinations/flux|qu|MULTI|domestic worker,pollinations/flux|qu|MULTI|domestic worker,pollinations_flux__domestic_worker__202625140800006,202625140800006,,unavailable:ValueError:no documented qu translation for occupation 'domestic worker',10,0,10,robustness|pollinations/flux|qu,1,4,local,images/main/metadata_local_<run_id>.parquet,images/main
robustness,pollinations/flux,pollinations,qu,MULTI,domestic worker,pollinations/flux|qu|MULTI|domestic worker,pollinations/flux|qu|MULTI|domestic worker,pollinations_flux__domestic_worker__202625140800007,202625140800007,,unavailable:ValueError:no documented qu translation for occupation 'domestic worker',10,0,10,robustness|pollinations/flux|qu,3,4,local,images/main/metadata_local_<run_id>.parquet,images/main
robustness,pollinations/flux,pollinations,qu,MULTI,domestic worker,pollinations/flux|qu|MULTI|domestic worker,pollinations/flux|qu|MULTI|domestic worker,pollinations_flux__domestic_worker__202625140800008,202625140800008,,unavailable:ValueError:no documented qu translation for occupation 'domestic worker',10,0,10,robustness|pollinations/flux|qu,2,4,local,images/main/metadata_local_<run_id>.parquet,images/main
robustness,pollinations/flux,pollinations,qu,MULTI,domestic worker,pollinations/flux|qu|MULTI|domestic worker,pollinations/flux|qu|MULTI|domestic worker,pollinations_flux__domestic_worker__202625140800009,202625140800009,,unavailable:ValueError:no documented qu translation for occupation 'domestic worker',10,0,10,robustness|pollinations/flux|qu,1,4,local,images/main/metadata_local_<run_id>.parquet,images/main
robustness,runwayml/stable-diffusion-v1-5,local_diffusers,qu,MULTI,domestic worker,runwayml/stable-diffusion-v1-5|qu|MULTI|domestic worker,runwayml/stable-diffusion-v1-5|qu|MULTI|domestic worker,runwayml_stable-diffusion-v1-5__domestic_worker__202625140801000,202625140801000,,unavailable:ValueError:no documented qu translation for occupation 'domestic worker',10,0,10,robustness|runwayml/stable-diffusion-v1-5|qu,2,4,kaggle,images/main/metadata_kaggle_<run_id>.parquet,images/main
robustness,runwayml/stable-diffusion-v1-5,local_diffusers,qu,MULTI,domestic worker,runwayml/stable-diffusion-v1-5|qu|MULTI|domestic worker,runwayml/stable-diffusion-v1-5|qu|MULTI|domestic worker,runwayml_stable-diffusion-v1-5__domestic_worker__202625140801001,202625140801001,,unavailable:ValueError:no documented qu translation for occupation 'domestic worker',10,0,10,robustness|runwayml/stable-diffusion-v1-5|qu,1,4,kaggle,images/main/metadata_kaggle_<run_id>.parquet,images/main
robustness,runwayml/stable-diffusion-v1-5,local_diffusers,qu,MULTI,domestic worker,runwayml/stable-diffusion-v1-5|qu|MULTI|domestic worker,runwayml/stable-diffusion-v1-5|qu|MULTI|domestic worker,runwayml_stable-diffusion-v1-5__domestic_worker__202625140801002,202625140801002,,unavailable:ValueError:no documented qu translation for occupation 'domestic worker',10,0,10,robustness|runwayml/stable-diffusion-v1-5|qu,1,4,kaggle,images/main/metadata_kaggle_<run_id>.parquet,images/main
robustness,runwayml/stable-diffusion-v1-5,local_diffusers,qu,MULTI,domestic worker,runwayml/stable-diffusion-v1-5|qu|MULTI|domestic worker,runwayml/stable-diffusion-v1-5|qu|MULTI|domestic worker,runwayml_stable-diffusion-v1-5__domestic_worker__202625140801003,202625140801003,,unavailable:ValueError:no documented qu translation for occupation 'domestic worker',10,0,10,robustness|runwayml/stable-diffusion-v1-5|qu,0,4,kaggle,images/main/metadata_kaggle_<run_id>.parquet,images/main
robustness,runwayml/stable-diffusion-v1-5,local_diffusers,qu,MULTI,domestic worker,runwayml/stable-diffusion-v1-5|qu|MULTI|domestic worker,runwayml/stable-diffusion-v1-5|qu|MULTI|domestic worker,runwayml_stable-diffusion-v1-5__domestic_worker__202625140801004,202625140801004,,unavailable:ValueError:no documented qu translation for occupation 'domestic worker',10,0,10,robustness|runwayml/stable-diffusion-v1-5|qu,0,4,kaggle,images/main/metadata_kaggle_<run_id>.parquet,images/main
robustness,runwayml/stable-diffusion-v1-5,local_diffusers,qu,MULTI,domestic worker,runwayml/stable-diffusion-v1-5|qu|MULTI|domestic worker,runwayml/stable-diffusion-v1-5|qu|MULTI|domestic worker,runwayml_stable-diffusion-v1-5__domestic_worker__202625140801005,202625140801005,,unavailable:ValueError:no documented qu translation for occupation 'domestic worker',10,0,10,robustness|runwayml/stable-diffusion-v1-5|qu,0,4,kaggle,images/main/metadata_kaggle_<run_id>.parquet,images/main
robustness,runwayml/stable-diffusion-v1-5,local_diffusers,qu,MULTI,domestic worker,runwayml/stable-diffusion-v1-5|qu|MULTI|domestic worker,runwayml/stable-diffusion-v1-5|qu|MULTI|domestic worker,runwayml_stable-diffusion-v1-5__domestic_worker__202625140801006,202625140801006,,unavailable:ValueError:no documented qu translation for occupation 'domestic worker',10,0,10,robustness|runwayml/stable-diffusion-v1-5|qu,1,4,kaggle,images/main/metadata_kaggle_<run_id>.parquet,images/main
robustness,runwayml/stable-diffusion-v1-5,local_diffusers,qu,MULTI,domestic worker,runwayml/stable-diffusion-v1-5|qu|MULTI|domestic worker,runwayml/stable-diffusion-v1-5|qu|MULTI|domestic worker,runwayml_stable-diffusion-v1-5__domestic_worker__202625140801007,202625140801007,,unavailable:ValueError:no documented qu translation for occupation 'domestic worker',10,0,10,robustness|runwayml/stable-diffusion-v1-5|qu,0,4,kaggle,images/main/metadata_kaggle_<run_id>.parquet,images/main
robustness,runwayml/stable-diffusion-v1-5,local_diffusers,qu,MULTI,domestic worker,runwayml/stable-diffusion-v1-5|qu|MULTI|domestic worker,runwayml/stable-diffusion-v1-5|qu|MULTI|domestic worker,runwayml_stable-diffusion-v1-5__domestic_worker__202625140801008,202625140801008,,unavailable:ValueError:no documented qu translation for occupation 'domestic worker',10,0,10,robustness|runwayml/stable-diffusion-v1-5|qu,0,4,kaggle,images/main/metadata_kaggle_<run_id>.parquet,images/main
robustness,runwayml/stable-diffusion-v1-5,local_diffusers,qu,MULTI,domestic worker,runwayml/stable-diffusion-v1-5|qu|MULTI|domestic worker,runwayml/stable-diffusion-v1-5|qu|MULTI|domestic worker,runwayml_stable-diffusion-v1-5__domestic_worker__202625140801009,202625140801009,,unavailable:ValueError:no documented qu translation for occupation 'domestic worker',10,0,10,robustness|runwayml/stable-diffusion-v1-5|qu,1,4,kaggle,images/main/metadata_kaggle_<run_id>.parquet,images/main
robustness,stabilityai/stable-diffusion-xl-base-1.0,local_diffusers,qu,MULTI,domestic worker,stabilityai/stable-diffusion-xl-base-1.0|qu|MULTI|domestic worker,stabilityai/stable-diffusion-xl-base-1.0|qu|MULTI|domestic worker,stabilityai_stable-diffusion-xl-base-1.0__domestic_worker__202625140802000,202625140802000,,unavailable:ValueError:no documented qu translation for occupation 'domestic worker',10,0,10,robustness|stabilityai/stable-diffusion-xl-base-1.0|qu,2,4,kaggle,images/main/metadata_kaggle_<run_id>.parquet,images/main
robustness,stabilityai/stable-diffusion-xl-base-1.0,local_diffusers,qu,MULTI,domestic worker,stabilityai/stable-diffusion-xl-base-1.0|qu|MULTI|domestic worker,stabilityai/stable-diffusion-xl-base-1.0|qu|MULTI|domestic worker,stabilityai_stable-diffusion-xl-base-1.0__domestic_worker__202625140802001,202625140802001,,unavailable:ValueError:no documented qu translation for occupation 'domestic worker',10,0,10,robustness|stabilityai/stable-diffusion-xl-base-1.0|qu,0,4,kaggle,images/main/metadata_kaggle_<run_id>.parquet,images/main
robustness,stabilityai/stable-diffusion-xl-base-1.0,local_diffusers,qu,MULTI,domestic worker,stabilityai/stable-diffusion-xl-base-1.0|qu|MULTI|domestic worker,stabilityai/stable-diffusion-xl-base-1.0|qu|MULTI|domestic worker,stabilityai_stable-diffusion-xl-base-1.0__domestic_worker__202625140802002,202625140802002,,unavailable:ValueError:no documented qu translation for occupation 'domestic worker',10,0,10,robustness|stabilityai/stable-diffusion-xl-base-1.0|qu,0,4,kaggle,images/main/metadata_kaggle_<run_id>.parquet,images/main
robustness,stabilityai/stable-diffusion-xl-base-1.0,local_diffusers,qu,MULTI,domestic worker,stabilityai/stable-diffusion-xl-base-1.0|qu|MULTI|domestic worker,stabilityai/stable-diffusion-xl-base-1.0|qu|MULTI|domestic worker,stabilityai_stable-diffusion-xl-base-1.0__domestic_worker__202625140802003,202625140802003,,unavailable:ValueError:no documented qu translation for occupation 'domestic worker',10,0,10,robustness|stabilityai/stable-diffusion-xl-base-1.0|qu,2,4,kaggle,images/main/metadata_kaggle_<run_id>.parquet,images/main
robustness,stabilityai/stable-diffusion-xl-base-1.0,local_diffusers,qu,MULTI,domestic worker,stabilityai/stable-diffusion-xl-base-1.0|qu|MULTI|domestic worker,stabilityai/stable-diffusion-xl-base-1.0|qu|MULTI|domestic worker,stabilityai_stable-diffusion-xl-base-1.0__domestic_worker__202625140802004,202625140802004,,unavailable:ValueError:no documented qu translation for occupation 'domestic worker',10,0,10,robustness|stabilityai/stable-diffusion-xl-base-1.0|qu,0,4,kaggle,images/main/metadata_kaggle_<run_id>.parquet,images/main
robustness,stabilityai/stable-diffusion-xl-base-1.0,local_diffusers,qu,MULTI,domestic worker,stabilityai/stable-diffusion-xl-base-1.0|qu|MULTI|domestic worker,stabilityai/stable-diffusion-xl-base-1.0|qu|MULTI|domestic worker,stabilityai_stable-diffusion-xl-base-1.0__domestic_worker__202625140802005,202625140802005,,unavailable:ValueError:no documented qu translation for occupation 'domestic worker',10,0,10,robustness|stabilityai/stable-diffusion-xl-base-1.0|qu,0,4,kaggle,images/main/metadata_kaggle_<run_id>.parquet,images/main
robustness,stabilityai/stable-diffusion-xl-base-1.0,local_diffusers,qu,MULTI,domestic worker,stabilityai/stable-diffusion-xl-base-1.0|qu|MULTI|domestic worker,stabilityai/stable-diffusion-xl-base-1.0|qu|MULTI|domestic worker,stabilityai_stable-diffusion-xl-base-1.0__domestic_worker__202625140802006,202625140802006,,unavailable:ValueError:no documented qu translation for occupation 'domestic worker',10,0,10,robustness|stabilityai/stable-diffusion-xl-base-1.0|qu,0,4,kaggle,images/main/metadata_kaggle_<run_id>.parquet,images/main
robustness,stabilityai/stable-diffusion-xl-base-1.0,local_diffusers,qu,MULTI,domestic worker,stabilityai/stable-diffusion-xl-base-1.0|qu|MULTI|domestic worker,stabilityai/stable-diffusion-xl-base-1.0|qu|MULTI|domestic worker,stabilityai_stable-diffusion-xl-base-1.0__domestic_worker__202625140802007,202625140802007,,unavailable:ValueError:no documented qu translation for occupation 'domestic worker',10,0,10,robustness|stabilityai/stable-diffusion-xl-base-1.0|qu,1,4,kaggle,images/main/metadata_kaggle_<run_id>.parquet,images/main
robustness,stabilityai/stable-diffusion-xl-base-1.0,local_diffusers,qu,MULTI,domestic worker,stabilityai/stable-diffusion-xl-base-1.0|qu|MULTI|domestic worker,stabilityai/stable-diffusion-xl-base-1.0|qu|MULTI|domestic worker,stabilityai_stable-diffusion-xl-base-1.0__domestic_worker__202625140802008,202625140802008,,unavailable:ValueError:no documented qu translation for occupation 'domestic worker',10,0,10,robustness|stabilityai/stable-diffusion-xl-base-1.0|qu,3,4,kaggle,images/main/metadata_kaggle_<run_id>.parquet,images/main
robustness,stabilityai/stable-diffusion-xl-base-1.0,local_diffusers,qu,MULTI,domestic worker,stabilityai/stable-diffusion-xl-base-1.0|qu|MULTI|domestic worker,stabilityai/stable-diffusion-xl-base-1.0|qu|MULTI|domestic worker,stabilityai_stable-diffusion-xl-base-1.0__domestic_worker__202625140802009,202625140802009,,unavailable:ValueError:no documented qu translation for occupation 'domestic worker',10,0,10,robustness|stabilityai/stable-diffusion-xl-base-1.0|qu,1,4,kaggle,images/main/metadata_kaggle_<run_id>.parquet,images/main
robustness,stabilityai/stable-diffusion-3.5-medium,local_diffusers,qu,MULTI,domestic worker,stabilityai/stable-diffusion-3.5-medium|qu|MULTI|domestic worker,stabilityai/stable-diffusion-3.5-medium|qu|MULTI|domestic worker,stabilityai_stable-diffusion-3.5-medium__domestic_worker__202625140803000,202625140803000,,unavailable:ValueError:no documented qu translation for occupation 'domestic worker',10,0,10,robustness|stabilityai/stable-diffusion-3.5-medium|qu,1,4,colab,images/main/metadata_colab_<run_id>.parquet,images/main
robustness,stabilityai/stable-diffusion-3.5-medium,local_diffusers,qu,MULTI,domestic worker,stabilityai/stable-diffusion-3.5-medium|qu|MULTI|domestic worker,stabilityai/stable-diffusion-3.5-medium|qu|MULTI|domestic worker,stabilityai_stable-diffusion-3.5-medium__domestic_worker__202625140803001,202625140803001,,unavailable:ValueError:no documented qu translation for occupation 'domestic worker',10,0,10,robustness|stabilityai/stable-diffusion-3.5-medium|qu,0,4,colab,images/main/metadata_colab_<run_id>.parquet,images/main
robustness,stabilityai/stable-diffusion-3.5-medium,local_diffusers,qu,MULTI,domestic worker,stabilityai/stable-diffusion-3.5-medium|qu|MULTI|domestic worker,stabilityai/stable-diffusion-3.5-medium|qu|MULTI|domestic worker,stabilityai_stable-diffusion-3.5-medium__domestic_worker__202625140803002,202625140803002,,unavailable:ValueError:no documented qu translation for occupation 'domestic worker',10,0,10,robustness|stabilityai/stable-diffusion-3.5-medium|qu,2,4,colab,images/main/metadata_colab_<run_id>.parquet,images/main
robustness,stabilityai/stable-diffusion-3.5-medium,local_diffusers,qu,MULTI,domestic worker,stabilityai/stable-diffusion-3.5-medium|qu|MULTI|domestic worker,stabilityai/stable-diffusion-3.5-medium|qu|MULTI|domestic worker,stabilityai_stable-diffusion-3.5-medium__domestic_worker__202625140803003,202625140803003,,unavailable:ValueError:no documented qu translation for occupation 'domestic worker',10,0,10,robustness|stabilityai/stable-diffusion-3.5-medium|qu,3,4,colab,images/main/metadata_colab_<run_id>.parquet,images/main
robustness,stabilityai/stable-diffusion-3.5-medium,local_diffusers,qu,MULTI,domestic worker,stabilityai/stable-diffusion-3.5-medium|qu|MULTI|domestic worker,stabilityai/stable-diffusion-3.5-medium|qu|MULTI|domestic worker,stabilityai_stable-diffusion-3.5-medium__domestic_worker__202625140803004,202625140803004,,unavailable:ValueError:no documented qu translation for occupation 'domestic worker',10,0,10,robustness|stabilityai/stable-diffusion-3.5-medium|qu,0,4,colab,images/main/metadata_colab_<run_id>.parquet,images/main
robustness,stabilityai/stable-diffusion-3.5-medium,local_diffusers,qu,MULTI,domestic worker,stabilityai/stable-diffusion-3.5-medium|qu|MULTI|domestic worker,stabilityai/stable-diffusion-3.5-medium|qu|MULTI|domestic worker,stabilityai_stable-diffusion-3.5-medium__domestic_worker__202625140803005,202625140803005,,unavailable:ValueError:no documented qu translation for occupation 'domestic worker',10,0,10,robustness|stabilityai/stable-diffusion-3.5-medium|qu,1,4,colab,images/main/metadata_colab_<run_id>.parquet,images/main
robustness,stabilityai/stable-diffusion-3.5-medium,local_diffusers,qu,MULTI,domestic worker,stabilityai/stable-diffusion-3.5-medium|qu|MULTI|domestic worker,stabilityai/stable-diffusion-3.5-medium|qu|MULTI|domestic worker,stabilityai_stable-diffusion-3.5-medium__domestic_worker__202625140803006,202625140803006,,unavailable:ValueError:no documented qu translation for occupation 'domestic worker',10,0,10,robustness|stabilityai/stable-diffusion-3.5-medium|qu,1,4,colab,images/main/metadata_colab_<run_id>.parquet,images/main
robustness,stabilityai/stable-diffusion-3.5-medium,local_diffusers,qu,MULTI,domestic worker,stabilityai/stable-diffusion-3.5-medium|qu|MULTI|domestic worker,stabilityai/stable-diffusion-3.5-medium|qu|MULTI|domestic worker,stabilityai_stable-diffusion-3.5-medium__domestic_worker__202625140803007,202625140803007,,unavailable:ValueError:no documented qu translation for occupation 'domestic worker',10,0,10,robustness|stabilityai/stable-diffusion-3.5-medium|qu,1,4,colab,images/main/metadata_colab_<run_id>.parquet,images/main
robustness,stabilityai/stable-diffusion-3.5-medium,local_diffusers,qu,MULTI,domestic worker,stabilityai/stable-diffusion-3.5-medium|qu|MULTI|domestic worker,stabilityai/stable-diffusion-3.5-medium|qu|MULTI|domestic worker,stabilityai_stable-diffusion-3.5-medium__domestic_worker__202625140803008,202625140803008,,unavailable:ValueError:no documented qu translation for occupation 'domestic worker',10,0,10,robustness|stabilityai/stable-diffusion-3.5-medium|qu,1,4,colab,images/main/metadata_colab_<run_id>.parquet,images/main
robustness,stabilityai/stable-diffusion-3.5-medium,local_diffusers,qu,MULTI,domestic worker,stabilityai/stable-diffusion-3.5-medium|qu|MULTI|domestic worker,stabilityai/stable-diffusion-3.5-medium|qu|MULTI|domestic worker,stabilityai_stable-diffusion-3.5-medium__domestic_worker__202625140803009,202625140803009,,unavailable:ValueError:no documented qu translation for occupation 'domestic worker',10,0,10,robustness|stabilityai/stable-diffusion-3.5-medium|qu,3,4,colab,images/main/metadata_colab_<run_id>.parquet,images/main
robustness,pollinations/flux,pollinations,gn,MULTI,domestic worker,pollinations/flux|gn|MULTI|domestic worker,pollinations/flux|gn|MULTI|domestic worker,pollinations_flux__domestic_worker__202625140810000,202625140810000,tembiguai,ok,10,0,10,robustness|pollinations/flux|gn,1,4,local,images/main/metadata_local_<run_id>.parquet,images/main
robustness,pollinations/flux,pollinations,gn,MULTI,domestic worker,pollinations/flux|gn|MULTI|domestic worker,pollinations/flux|gn|MULTI|domestic worker,pollinations_flux__domestic_worker__202625140810001,202625140810001,tembiguai,ok,10,0,10,robustness|pollinations/flux|gn,3,4,local,images/main/metadata_local_<run_id>.parquet,images/main
robustness,pollinations/flux,pollinations,gn,MULTI,domestic worker,pollinations/flux|gn|MULTI|domestic worker,pollinations/flux|gn|MULTI|domestic worker,pollinations_flux__domestic_worker__202625140810002,202625140810002,tembiguai,ok,10,0,10,robustness|pollinations/flux|gn,1,4,local,images/main/metadata_local_<run_id>.parquet,images/main
robustness,pollinations/flux,pollinations,gn,MULTI,domestic worker,pollinations/flux|gn|MULTI|domestic worker,pollinations/flux|gn|MULTI|domestic worker,pollinations_flux__domestic_worker__202625140810003,202625140810003,tembiguai,ok,10,0,10,robustness|pollinations/flux|gn,0,4,local,images/main/metadata_local_<run_id>.parquet,images/main
robustness,pollinations/flux,pollinations,gn,MULTI,domestic worker,pollinations/flux|gn|MULTI|domestic worker,pollinations/flux|gn|MULTI|domestic worker,pollinations_flux__domestic_worker__202625140810004,202625140810004,tembiguai,ok,10,0,10,robustness|pollinations/flux|gn,1,4,local,images/main/metadata_local_<run_id>.parquet,images/main
robustness,pollinations/flux,pollinations,gn,MULTI,domestic worker,pollinations/flux|gn|MULTI|domestic worker,pollinations/flux|gn|MULTI|domestic worker,pollinations_flux__domestic_worker__202625140810005,202625140810005,tembiguai,ok,10,0,10,robustness|pollinations/flux|gn,3,4,local,images/main/metadata_local_<run_id>.parquet,images/main
robustness,pollinations/flux,pollinations,gn,MULTI,domestic worker,pollinations/flux|gn|MULTI|domestic worker,pollinations/flux|gn|MULTI|domestic worker,pollinations_flux__domestic_worker__202625140810006,202625140810006,tembiguai,ok,10,0,10,robustness|pollinations/flux|gn,0,4,local,images/main/metadata_local_<run_id>.parquet,images/main
robustness,pollinations/flux,pollinations,gn,MULTI,domestic worker,pollinations/flux|gn|MULTI|domestic worker,pollinations/flux|gn|MULTI|domestic worker,pollinations_flux__domestic_worker__202625140810007,202625140810007,tembiguai,ok,10,0,10,robustness|pollinations/flux|gn,0,4,local,images/main/metadata_local_<run_id>.parquet,images/main
robustness,pollinations/flux,pollinations,gn,MULTI,domestic worker,pollinations/flux|gn|MULTI|domestic worker,pollinations/flux|gn|MULTI|domestic worker,pollinations_flux__domestic_worker__202625140810008,202625140810008,tembiguai,ok,10,0,10,robustness|pollinations/flux|gn,2,4,local,images/main/metadata_local_<run_id>.parquet,images/main
robustness,pollinations/flux,pollinations,gn,MULTI,domestic worker,pollinations/flux|gn|MULTI|domestic worker,pollinations/flux|gn|MULTI|domestic worker,pollinations_flux__domestic_worker__202625140810009,202625140810009,tembiguai,ok,10,0,10,robustness|pollinations/flux|gn,1,4,local,images/main/metadata_local_<run_id>.parquet,images/main
robustness,runwayml/stable-diffusion-v1-5,local_diffusers,gn,MULTI,domestic worker,runwayml/stable-diffusion-v1-5|gn|MULTI|domestic worker,runwayml/stable-diffusion-v1-5|gn|MULTI|domestic worker,runwayml_stable-diffusion-v1-5__domestic_worker__202625140811000,202625140811000,tembiguai,ok,10,0,10,robustness|runwayml/stable-diffusion-v1-5|gn,0,4,kaggle,images/main/metadata_kaggle_<run_id>.parquet,images/main
robustness,runwayml/stable-diffusion-v1-5,local_diffusers,gn,MULTI,domestic worker,runwayml/stable-diffusion-v1-5|gn|MULTI|domestic worker,runwayml/stable-diffusion-v1-5|gn|MULTI|domestic worker,runwayml_stable-diffusion-v1-5__domestic_worker__202625140811001,202625140811001,tembiguai,ok,10,0,10,robustness|runwayml/stable-diffusion-v1-5|gn,0,4,kaggle,images/main/metadata_kaggle_<run_id>.parquet,images/main
robustness,runwayml/stable-diffusion-v1-5,local_diffusers,gn,MULTI,domestic worker,runwayml/stable-diffusion-v1-5|gn|MULTI|domestic worker,runwayml/stable-diffusion-v1-5|gn|MULTI|domestic worker,runwayml_stable-diffusion-v1-5__domestic_worker__202625140811002,202625140811002,tembiguai,ok,10,0,10,robustness|runwayml/stable-diffusion-v1-5|gn,3,4,kaggle,images/main/metadata_kaggle_<run_id>.parquet,images/main
robustness,runwayml/stable-diffusion-v1-5,local_diffusers,gn,MULTI,domestic worker,runwayml/stable-diffusion-v1-5|gn|MULTI|domestic worker,runwayml/stable-diffusion-v1-5|gn|MULTI|domestic worker,runwayml_stable-diffusion-v1-5__domestic_worker__202625140811003,202625140811003,tembiguai,ok,10,0,10,robustness|runwayml/stable-diffusion-v1-5|gn,3,4,kaggle,images/main/metadata_kaggle_<run_id>.parquet,images/main
robustness,runwayml/stable-diffusion-v1-5,local_diffusers,gn,MULTI,domestic worker,runwayml/stable-diffusion-v1-5|gn|MULTI|domestic worker,runwayml/stable-diffusion-v1-5|gn|MULTI|domestic worker,runwayml_stable-diffusion-v1-5__domestic_worker__202625140811004,202625140811004,tembiguai,ok,10,0,10,robustness|runwayml/stable-diffusion-v1-5|gn,0,4,kaggle,images/main/metadata_kaggle_<run_id>.parquet,images/main
robustness,runwayml/stable-diffusion-v1-5,local_diffusers,gn,MULTI,domestic worker,runwayml/stable-diffusion-v1-5|gn|MULTI|domestic worker,runwayml/stable-diffusion-v1-5|gn|MULTI|domestic worker,runwayml_stable-diffusion-v1-5__domestic_worker__202625140811005,202625140811005,tembiguai,ok,10,0,10,robustness|runwayml/stable-diffusion-v1-5|gn,1,4,kaggle,images/main/metadata_kaggle_<run_id>.parquet,images/main
robustness,runwayml/stable-diffusion-v1-5,local_diffusers,gn,MULTI,domestic worker,runwayml/stable-diffusion-v1-5|gn|MULTI|domestic worker,runwayml/stable-diffusion-v1-5|gn|MULTI|domestic worker,runwayml_stable-diffusion-v1-5__domestic_worker__202625140811006,202625140811006,tembiguai,ok,10,0,10,robustness|runwayml/stable-diffusion-v1-5|gn,0,4,kaggle,images/main/metadata_kaggle_<run_id>.parquet,images/main
robustness,runwayml/stable-diffusion-v1-5,local_diffusers,gn,MULTI,domestic worker,runwayml/stable-diffusion-v1-5|gn|MULTI|domestic worker,runwayml/stable-diffusion-v1-5|gn|MULTI|domestic worker,runwayml_stable-diffusion-v1-5__domestic_worker__202625140811007,202625140811007,tembiguai,ok,10,0,10,robustness|runwayml/stable-diffusion-v1-5|gn,0,4,kaggle,images/main/metadata_kaggle_<run_id>.parquet,images/main
robustness,runwayml/stable-diffusion-v1-5,local_diffusers,gn,MULTI,domestic worker,runwayml/stable-diffusion-v1-5|gn|MULTI|domestic worker,runwayml/stable-diffusion-v1-5|gn|MULTI|domestic worker,runwayml_stable-diffusion-v1-5__domestic_worker__202625140811008,202625140811008,tembiguai,ok,10,0,10,robustness|runwayml/stable-diffusion-v1-5|gn,1,4,kaggle,images/main/metadata_kaggle_<run_id>.parquet,images/main
robustness,runwayml/stable-diffusion-v1-5,local_diffusers,gn,MULTI,domestic worker,runwayml/stable-diffusion-v1-5|gn|MULTI|domestic worker,runwayml/stable-diffusion-v1-5|gn|MULTI|domestic worker,runwayml_stable-diffusion-v1-5__domestic_worker__202625140811009,202625140811009,tembiguai,ok,10,0,10,robustness|runwayml/stable-diffusion-v1-5|gn,0,4,kaggle,images/main/metadata_kaggle_<run_id>.parquet,images/main
robustness,stabilityai/stable-diffusion-xl-base-1.0,local_diffusers,gn,MULTI,domestic worker,stabilityai/stable-diffusion-xl-base-1.0|gn|MULTI|domestic worker,stabilityai/stable-diffusion-xl-base-1.0|gn|MULTI|domestic worker,stabilityai_stable-diffusion-xl-base-1.0__domestic_worker__202625140812000,202625140812000,tembiguai,ok,10,0,10,robustness|stabilityai/stable-diffusion-xl-base-1.0|gn,3,4,kaggle,images/main/metadata_kaggle_<run_id>.parquet,images/main
robustness,stabilityai/stable-diffusion-xl-base-1.0,local_diffusers,gn,MULTI,domestic worker,stabilityai/stable-diffusion-xl-base-1.0|gn|MULTI|domestic worker,stabilityai/stable-diffusion-xl-base-1.0|gn|MULTI|domestic worker,stabilityai_stable-diffusion-xl-base-1.0__domestic_worker__202625140812001,202625140812001,tembiguai,ok,10,0,10,robustness|stabilityai/stable-diffusion-xl-base-1.0|gn,1,4,kaggle,images/main/metadata_kaggle_<run_id>.parquet,images/main
robustness,stabilityai/stable-diffusion-xl-base-1.0,local_diffusers,gn,MULTI,domestic worker,stabilityai/stable-diffusion-xl-base-1.0|gn|MULTI|domestic worker,stabilityai/stable-diffusion-xl-base-1.0|gn|MULTI|domestic worker,stabilityai_stable-diffusion-xl-base-1.0__domestic_worker__202625140812002,202625140812002,tembiguai,ok,10,0,10,robustness|stabilityai/stable-diffusion-xl-base-1.0|gn,0,4,kaggle,images/main/metadata_kaggle_<run_id>.parquet,images/main
robustness,stabilityai/stable-diffusion-xl-base-1.0,local_diffusers,gn,MULTI,domestic worker,stabilityai/stable-diffusion-xl-base-1.0|gn|MULTI|domestic worker,stabilityai/stable-diffusion-xl-base-1.0|gn|MULTI|domestic worker,stabilityai_stable-diffusion-xl-base-1.0__domestic_worker__202625140812003,202625140812003,tembiguai,ok,10,0,10,robustness|stabilityai/stable-diffusion-xl-base-1.0|gn,3,4,kaggle,images/main/metadata_kaggle_<run_id>.parquet,images/main
robustness,stabilityai/stable-diffusion-xl-base-1.0,local_diffusers,gn,MULTI,domestic worker,stabilityai/stable-diffusion-xl-base-1.0|gn|MULTI|domestic worker,stabilityai/stable-diffusion-xl-base-1.0|gn|MULTI|domestic worker,stabilityai_stable-diffusion-xl-base-1.0__domestic_worker__202625140812004,202625140812004,tembiguai,ok,10,0,10,robustness|stabilityai/stable-diffusion-xl-base-1.0|gn,2,4,kaggle,images/main/metadata_kaggle_<run_id>.parquet,images/main
robustness,stabilityai/stable-diffusion-xl-base-1.0,local_diffusers,gn,MULTI,domestic worker,stabilityai/stable-diffusion-xl-base-1.0|gn|MULTI|domestic worker,stabilityai/stable-diffusion-xl-base-1.0|gn|MULTI|domestic worker,stabilityai_stable-diffusion-xl-base-1.0__domestic_worker__202625140812005,202625140812005,tembiguai,ok,10,0,10,robustness|stabilityai/stable-diffusion-xl-base-1.0|gn,3,4,kaggle,images/main/metadata_kaggle_<run_id>.parquet,images/main
robustness,stabilityai/stable-diffusion-xl-base-1.0,local_diffusers,gn,MULTI,domestic worker,stabilityai/stable-diffusion-xl-base-1.0|gn|MULTI|domestic worker,stabilityai/stable-diffusion-xl-base-1.0|gn|MULTI|domestic worker,stabilityai_stable-diffusion-xl-base-1.0__domestic_worker__202625140812006,202625140812006,tembiguai,ok,10,0,10,robustness|stabilityai/stable-diffusion-xl-base-1.0|gn,2,4,kaggle,images/main/metadata_kaggle_<run_id>.parquet,images/main
robustness,stabilityai/stable-diffusion-xl-base-1.0,local_diffusers,gn,MULTI,domestic worker,stabilityai/stable-diffusion-xl-base-1.0|gn|MULTI|domestic worker,stabilityai/stable-diffusion-xl-base-1.0|gn|MULTI|domestic worker,stabilityai_stable-diffusion-xl-base-1.0__domestic_worker__202625140812007,202625140812007,tembiguai,ok,10,0,10,robustness|stabilityai/stable-diffusion-xl-base-1.0|gn,0,4,kaggle,images/main/metadata_kaggle_<run_id>.parquet,images/main
robustness,stabilityai/stable-diffusion-xl-base-1.0,local_diffusers,gn,MULTI,domestic worker,stabilityai/stable-diffusion-xl-base-1.0|gn|MULTI|domestic worker,stabilityai/stable-diffusion-xl-base-1.0|gn|MULTI|domestic worker,stabilityai_stable-diffusion-xl-base-1.0__domestic_worker__202625140812008,202625140812008,tembiguai,ok,10,0,10,robustness|stabilityai/stable-diffusion-xl-base-1.0|gn,1,4,kaggle,images/main/metadata_kaggle_<run_id>.parquet,images/main
robustness,stabilityai/stable-diffusion-xl-base-1.0,local_diffusers,gn,MULTI,domestic worker,stabilityai/stable-diffusion-xl-base-1.0|gn|MULTI|domestic worker,stabilityai/stable-diffusion-xl-base-1.0|gn|MULTI|domestic worker,stabilityai_stable-diffusion-xl-base-1.0__domestic_worker__202625140812009,202625140812009,tembiguai,ok,10,0,10,robustness|stabilityai/stable-diffusion-xl-base-1.0|gn,0,4,kaggle,images/main/metadata_kaggle_<run_id>.parquet,images/main
robustness,stabilityai/stable-diffusion-3.5-medium,local_diffusers,gn,MULTI,domestic worker,stabilityai/stable-diffusion-3.5-medium|gn|MULTI|domestic worker,stabilityai/stable-diffusion-3.5-medium|gn|MULTI|domestic worker,stabilityai_stable-diffusion-3.5-medium__domestic_worker__202625140813000,202625140813000,tembiguai,ok,10,0,10,robustness|stabilityai/stable-diffusion-3.5-medium|gn,0,4,colab,images/main/metadata_colab_<run_id>.parquet,images/main
robustness,stabilityai/stable-diffusion-3.5-medium,local_diffusers,gn,MULTI,domestic worker,stabilityai/stable-diffusion-3.5-medium|gn|MULTI|domestic worker,stabilityai/stable-diffusion-3.5-medium|gn|MULTI|domestic worker,stabilityai_stable-diffusion-3.5-medium__domestic_worker__202625140813001,202625140813001,tembiguai,ok,10,0,10,robustness|stabilityai/stable-diffusion-3.5-medium|gn,1,4,colab,images/main/metadata_colab_<run_id>.parquet,images/main
robustness,stabilityai/stable-diffusion-3.5-medium,local_diffusers,gn,MULTI,domestic worker,stabilityai/stable-diffusion-3.5-medium|gn|MULTI|domestic worker,stabilityai/stable-diffusion-3.5-medium|gn|MULTI|domestic worker,stabilityai_stable-diffusion-3.5-medium__domestic_worker__202625140813002,202625140813002,tembiguai,ok,10,0,10,robustness|stabilityai/stable-diffusion-3.5-medium|gn,1,4,colab,images/main/metadata_colab_<run_id>.parquet,images/main
robustness,stabilityai/stable-diffusion-3.5-medium,local_diffusers,gn,MULTI,domestic worker,stabilityai/stable-diffusion-3.5-medium|gn|MULTI|domestic worker,stabilityai/stable-diffusion-3.5-medium|gn|MULTI|domestic worker,stabilityai_stable-diffusion-3.5-medium__domestic_worker__202625140813003,202625140813003,tembiguai,ok,10,0,10,robustness|stabilityai/stable-diffusion-3.5-medium|gn,2,4,colab,images/main/metadata_colab_<run_id>.parquet,images/main
robustness,stabilityai/stable-diffusion-3.5-medium,local_diffusers,gn,MULTI,domestic worker,stabilityai/stable-diffusion-3.5-medium|gn|MULTI|domestic worker,stabilityai/stable-diffusion-3.5-medium|gn|MULTI|domestic worker,stabilityai_stable-diffusion-3.5-medium__domestic_worker__202625140813004,202625140813004,tembiguai,ok,10,0,10,robustness|stabilityai/stable-diffusion-3.5-medium|gn,3,4,colab,images/main/metadata_colab_<run_id>.parquet,images/main
robustness,stabilityai/stable-diffusion-3.5-medium,local_diffusers,gn,MULTI,domestic worker,stabilityai/stable-diffusion-3.5-medium|gn|MULTI|domestic worker,stabilityai/stable-diffusion-3.5-medium|gn|MULTI|domestic worker,stabilityai_stable-diffusion-3.5-medium__domestic_worker__202625140813005,202625140813005,tembiguai,ok,10,0,10,robustness|stabilityai/stable-diffusion-3.5-medium|gn,1,4,colab,images/main/metadata_colab_<run_id>.parquet,images/main
robustness,stabilityai/stable-diffusion-3.5-medium,local_diffusers,gn,MULTI,domestic worker,stabilityai/stable-diffusion-3.5-medium|gn|MULTI|domestic worker,stabilityai/stable-diffusion-3.5-medium|gn|MULTI|domestic worker,stabilityai_stable-diffusion-3.5-medium__domestic_worker__202625140813006,202625140813006,tembiguai,ok,10,0,10,robustness|stabilityai/stable-diffusion-3.5-medium|gn,0,4,colab,images/main/metadata_colab_<run_id>.parquet,images/main
robustness,stabilityai/stable-diffusion-3.5-medium,local_diffusers,gn,MULTI,domestic worker,stabilityai/stable-diffusion-3.5-medium|gn|MULTI|domestic worker,stabilityai/stable-diffusion-3.5-medium|gn|MULTI|domestic worker,stabilityai_stable-diffusion-3.5-medium__domestic_worker__202625140813007,202625140813007,tembiguai,ok,10,0,10,robustness|stabilityai/stable-diffusion-3.5-medium|gn,3,4,colab,images/main/metadata_colab_<run_id>.parquet,images/main
robustness,stabilityai/stable-diffusion-3.5-medium,local_diffusers,gn,MULTI,domestic worker,stabilityai/stable-diffusion-3.5-medium|gn|MULTI|domestic worker,stabilityai/stable-diffusion-3.5-medium|gn|MULTI|domestic worker,stabilityai_stable-diffusion-3.5-medium__domestic_worker__202625140813008,202625140813008,tembiguai,ok,10,0,10,robustness|stabilityai/stable-diffusion-3.5-medium|gn,1,4,colab,images/main/metadata_colab_<run_id>.parquet,images/main
robustness,stabilityai/stable-diffusion-3.5-medium,local_diffusers,gn,MULTI,domestic worker,stabilityai/stable-diffusion-3.5-medium|gn|MULTI|domestic worker,stabilityai/stable-diffusion-3.5-medium|gn|MULTI|domestic worker,stabilityai_stable-diffusion-3.5-medium__domestic_worker__202625140813009,202625140813009,tembiguai,ok,10,0,10,robustness|stabilityai/stable-diffusion-3.5-medium|gn,1,4,colab,images/main/metadata_colab_<run_id>.parquet,images/main
robustness,pollinations/flux,pollinations,qu,MULTI,street vendor,pollinations/flux|qu|MULTI|street vendor,pollinations/flux|qu|MULTI|street vendor,pollinations_flux__street_vendor__202625140900000,202625140900000,,unavailable:ValueError:no documented qu translation for occupation 'street vendor',10,0,10,robustness|pollinations/flux|qu,2,4,local,images/main/metadata_local_<run_id>.parquet,images/main
robustness,pollinations/flux,pollinations,qu,MULTI,street vendor,pollinations/flux|qu|MULTI|street vendor,pollinations/flux|qu|MULTI|street vendor,pollinations_flux__street_vendor__202625140900001,202625140900001,,unavailable:ValueError:no documented qu translation for occupation 'street vendor',10,0,10,robustness|pollinations/flux|qu,3,4,local,images/main/metadata_local_<run_id>.parquet,images/main
robustness,pollinations/flux,pollinations,qu,MULTI,street vendor,pollinations/flux|qu|MULTI|street vendor,pollinations/flux|qu|MULTI|street vendor,pollinations_flux__street_vendor__202625140900002,202625140900002,,unavailable:ValueError:no documented qu translation for occupation 'street vendor',10,0,10,robustness|pollinations/flux|qu,0,4,local,images/main/metadata_local_<run_id>.parquet,images/main
robustness,pollinations/flux,pollinations,qu,MULTI,street vendor,pollinations/flux|qu|MULTI|street vendor,pollinations/flux|qu|MULTI|street vendor,pollinations_flux__street_vendor__202625140900003,202625140900003,,unavailable:ValueError:no documented qu translation for occupation 'street vendor',10,0,10,robustness|pollinations/flux|qu,1,4,local,images/main/metadata_local_<run_id>.parquet,images/main
robustness,pollinations/flux,pollinations,qu,MULTI,street vendor,pollinations/flux|qu|MULTI|street vendor,pollinations/flux|qu|MULTI|street vendor,pollinations_flux__street_vendor__202625140900004,202625140900004,,unavailable:ValueError:no documented qu translation for occupation 'street vendor',10,0,10,robustness|pollinations/flux|qu,2,4,local,images/main/metadata_local_<run_id>.parquet,images/main
robustness,pollinations/flux,pollinations,qu,MULTI,street vendor,pollinations/flux|qu|MULTI|street vendor,pollinations/flux|qu|MULTI|street vendor,pollinations_flux__street_vendor__202625140900005,202625140900005,,unavailable:ValueError:no documented qu translation for occupation 'street vendor',10,0,10,robustness|pollinations/flux|qu,2,4,local,images/main/metadata_local_<run_id>.parquet,images/main
robustness,pollinations/flux,pollinations,qu,MULTI,street vendor,pollinations/flux|qu|MULTI|street vendor,pollinations/flux|qu|MULTI|street vendor,pollinations_flux__street_vendor__202625140900006,202625140900006,,unavailable:ValueError:no documented qu translation for occupation 'street vendor',10,0,10,robustness|pollinations/flux|qu,3,4,local,images/main/metadata_local_<run_id>.parquet,images/main
robustness,pollinations/flux,pollinations,qu,MULTI,street vendor,pollinations/flux|qu|MULTI|street vendor,pollinations/flux|qu|MULTI|street vendor,pollinations_flux__street_vendor__202625140900007,202625140900007,,unavailable:ValueError:no documented qu translation for occupation 'street vendor',10,0,10,robustness|pollinations/flux|qu,2,4,local,images/main/metadata_local_<run_id>.parquet,images/main
robustness,pollinations/flux,pollinations,qu,MULTI,street vendor,pollinations/flux|qu|MULTI|street vendor,pollinations/flux|qu|MULTI|street vendor,pollinations_flux__street_vendor__202625140900008,202625140900008,,unavailable:ValueError:no documented qu translation for occupation 'street vendor',10,0,10,robustness|pollinations/flux|qu,2,4,local,images/main/metadata_local_<run_id>.parquet,images/main
robustness,pollinations/flux,pollinations,qu,MULTI,street vendor,pollinations/flux|qu|MULTI|street vendor,pollinations/flux|qu|MULTI|street vendor,pollinations_flux__street_vendor__202625140900009,202625140900009,,unavailable:ValueError:no documented qu translation for occupation 'street vendor',10,0,10,robustness|pollinations/flux|qu,3,4,local,images/main/metadata_local_<run_id>.parquet,images/main
robustness,runwayml/stable-diffusion-v1-5,local_diffusers,qu,MULTI,street vendor,runwayml/stable-diffusion-v1-5|qu|MULTI|street vendor,runwayml/stable-diffusion-v1-5|qu|MULTI|street vendor,runwayml_stable-diffusion-v1-5__street_vendor__202625140901000,202625140901000,,unavailable:ValueError:no documented qu translation for occupation 'street vendor',10,0,10,robustness|runwayml/stable-diffusion-v1-5|qu,1,4,kaggle,images/main/metadata_kaggle_<run_id>.parquet,images/main
robustness,runwayml/stable-diffusion-v1-5,local_diffusers,qu,MULTI,street vendor,runwayml/stable-diffusion-v1-5|qu|MULTI|street vendor,runwayml/stable-diffusion-v1-5|qu|MULTI|street vendor,runwayml_stable-diffusion-v1-5__street_vendor__202625140901001,202625140901001,,unavailable:ValueError:no documented qu translation for occupation 'street vendor',10,0,10,robustness|runwayml/stable-diffusion-v1-5|qu,0,4,kaggle,images/main/metadata_kaggle_<run_id>.parquet,images/main
robustness,runwayml/stable-diffusion-v1-5,local_diffusers,qu,MULTI,street vendor,runwayml/stable-diffusion-v1-5|qu|MULTI|street vendor,runwayml/stable-diffusion-v1-5|qu|MULTI|street vendor,runwayml_stable-diffusion-v1-5__street_vendor__202625140901002,202625140901002,,unavailable:ValueError:no documented qu translation for occupation 'street vendor',10,0,10,robustness|runwayml/stable-diffusion-v1-5|qu,1,4,kaggle,images/main/metadata_kaggle_<run_id>.parquet,images/main
robustness,runwayml/stable-diffusion-v1-5,local_diffusers,qu,MULTI,street vendor,runwayml/stable-diffusion-v1-5|qu|MULTI|street vendor,runwayml/stable-diffusion-v1-5|qu|MULTI|street vendor,runwayml_stable-diffusion-v1-5__street_vendor__202625140901003,202625140901003,,unavailable:ValueError:no documented qu translation for occupation 'street vendor',10,0,10,robustness|runwayml/stable-diffusion-v1-5|qu,1,4,kaggle,images/main/metadata_kaggle_<run_id>.parquet,images/main
robustness,runwayml/stable-diffusion-v1-5,local_diffusers,qu,MULTI,street vendor,runwayml/stable-diffusion-v1-5|qu|MULTI|street vendor,runwayml/stable-diffusion-v1-5|qu|MULTI|street vendor,runwayml_stable-diffusion-v1-5__street_vendor__202625140901004,202625140901004,,unavailable:ValueError:no documented qu translation for occupation 'street vendor',10,0,10,robustness|runwayml/stable-diffusion-v1-5|qu,0,4,kaggle,images/main/metadata_kaggle_<run_id>.parquet,images/main
robustness,runwayml/stable-diffusion-v1-5,local_diffusers,qu,MULTI,street vendor,runwayml/stable-diffusion-v1-5|qu|MULTI|street vendor,runwayml/stable-diffusion-v1-5|qu|MULTI|street vendor,runwayml_stable-diffusion-v1-5__street_vendor__202625140901005,202625140901005,,unavailable:ValueError:no documented qu translation for occupation 'street vendor',10,0,10,robustness|runwayml/stable-diffusion-v1-5|qu,2,4,kaggle,images/main/metadata_kaggle_<run_id>.parquet,images/main
robustness,runwayml/stable-diffusion-v1-5,local_diffusers,qu,MULTI,street vendor,runwayml/stable-diffusion-v1-5|qu|MULTI|street vendor,runwayml/stable-diffusion-v1-5|qu|MULTI|street vendor,runwayml_stable-diffusion-v1-5__street_vendor__202625140901006,202625140901006,,unavailable:ValueError:no documented qu translation for occupation 'street vendor',10,0,10,robustness|runwayml/stable-diffusion-v1-5|qu,1,4,kaggle,images/main/metadata_kaggle_<run_id>.parquet,images/main
robustness,runwayml/stable-diffusion-v1-5,local_diffusers,qu,MULTI,street vendor,runwayml/stable-diffusion-v1-5|qu|MULTI|street vendor,runwayml/stable-diffusion-v1-5|qu|MULTI|street vendor,runwayml_stable-diffusion-v1-5__street_vendor__202625140901007,202625140901007,,unavailable:ValueError:no documented qu translation for occupation 'street vendor',10,0,10,robustness|runwayml/stable-diffusion-v1-5|qu,1,4,kaggle,images/main/metadata_kaggle_<run_id>.parquet,images/main
robustness,runwayml/stable-diffusion-v1-5,local_diffusers,qu,MULTI,street vendor,runwayml/stable-diffusion-v1-5|qu|MULTI|street vendor,runwayml/stable-diffusion-v1-5|qu|MULTI|street vendor,runwayml_stable-diffusion-v1-5__street_vendor__202625140901008,202625140901008,,unavailable:ValueError:no documented qu translation for occupation 'street vendor',10,0,10,robustness|runwayml/stable-diffusion-v1-5|qu,2,4,kaggle,images/main/metadata_kaggle_<run_id>.parquet,images/main
robustness,runwayml/stable-diffusion-v1-5,local_diffusers,qu,MULTI,street vendor,runwayml/stable-diffusion-v1-5|qu|MULTI|street vendor,runwayml/stable-diffusion-v1-5|qu|MULTI|street vendor,runwayml_stable-diffusion-v1-5__street_vendor__202625140901009,202625140901009,,unavailable:ValueError:no documented qu translation for occupation 'street vendor',10,0,10,robustness|runwayml/stable-diffusion-v1-5|qu,0,4,kaggle,images/main/metadata_kaggle_<run_id>.parquet,images/main
robustness,stabilityai/stable-diffusion-xl-base-1.0,local_diffusers,qu,MULTI,street vendor,stabilityai/stable-diffusion-xl-base-1.0|qu|MULTI|street vendor,stabilityai/stable-diffusion-xl-base-1.0|qu|MULTI|street vendor,stabilityai_stable-diffusion-xl-base-1.0__street_vendor__202625140902000,202625140902000,,unavailable:ValueError:no documented qu translation for occupation 'street vendor',10,0,10,robustness|stabilityai/stable-diffusion-xl-base-1.0|qu,1,4,kaggle,images/main/metadata_kaggle_<run_id>.parquet,images/main
robustness,stabilityai/stable-diffusion-xl-base-1.0,local_diffusers,qu,MULTI,street vendor,stabilityai/stable-diffusion-xl-base-1.0|qu|MULTI|street vendor,stabilityai/stable-diffusion-xl-base-1.0|qu|MULTI|street vendor,stabilityai_stable-diffusion-xl-base-1.0__street_vendor__202625140902001,202625140902001,,unavailable:ValueError:no documented qu translation for occupation 'street vendor',10,0,10,robustness|stabilityai/stable-diffusion-xl-base-1.0|qu,1,4,kaggle,images/main/metadata_kaggle_<run_id>.parquet,images/main
robustness,stabilityai/stable-diffusion-xl-base-1.0,local_diffusers,qu,MULTI,street vendor,stabilityai/stable-diffusion-xl-base-1.0|qu|MULTI|street vendor,stabilityai/stable-diffusion-xl-base-1.0|qu|MULTI|street vendor,stabilityai_stable-diffusion-xl-base-1.0__street_vendor__202625140902002,202625140902002,,unavailable:ValueError:no documented qu translation for occupation 'street vendor',10,0,10,robustness|stabilityai/stable-diffusion-xl-base-1.0|qu,3,4,kaggle,images/main/metadata_kaggle_<run_id>.parquet,images/main
robustness,stabilityai/stable-diffusion-xl-base-1.0,local_diffusers,qu,MULTI,street vendor,stabilityai/stable-diffusion-xl-base-1.0|qu|MULTI|street vendor,stabilityai/stable-diffusion-xl-base-1.0|qu|MULTI|street vendor,stabilityai_stable-diffusion-xl-base-1.0__street_vendor__202625140902003,202625140902003,,unavailable:ValueError:no documented qu translation for occupation 'street vendor',10,0,10,robustness|stabilityai/stable-diffusion-xl-base-1.0|qu,2,4,kaggle,images/main/metadata_kaggle_<run_id>.parquet,images/main
robustness,stabilityai/stable-diffusion-xl-base-1.0,local_diffusers,qu,MULTI,street vendor,stabilityai/stable-diffusion-xl-base-1.0|qu|MULTI|street vendor,stabilityai/stable-diffusion-xl-base-1.0|qu|MULTI|street vendor,stabilityai_stable-diffusion-xl-base-1.0__street_vendor__202625140902004,202625140902004,,unavailable:ValueError:no documented qu translation for occupation 'street vendor',10,0,10,robustness|stabilityai/stable-diffusion-xl-base-1.0|qu,3,4,kaggle,images/main/metadata_kaggle_<run_id>.parquet,images/main
robustness,stabilityai/stable-diffusion-xl-base-1.0,local_diffusers,qu,MULTI,street vendor,stabilityai/stable-diffusion-xl-base-1.0|qu|MULTI|street vendor,stabilityai/stable-diffusion-xl-base-1.0|qu|MULTI|street vendor,stabilityai_stable-diffusion-xl-base-1.0__street_vendor__202625140902005,202625140902005,,unavailable:ValueError:no documented qu translation for occupation 'street vendor',10,0,10,robustness|stabilityai/stable-diffusion-xl-base-1.0|qu,1,4,kaggle,images/main/metadata_kaggle_<run_id>.parquet,images/main
robustness,stabilityai/stable-diffusion-xl-base-1.0,local_diffusers,qu,MULTI,street vendor,stabilityai/stable-diffusion-xl-base-1.0|qu|MULTI|street vendor,stabilityai/stable-diffusion-xl-base-1.0|qu|MULTI|street vendor,stabilityai_stable-diffusion-xl-base-1.0__street_vendor__202625140902006,202625140902006,,unavailable:ValueError:no documented qu translation for occupation 'street vendor',10,0,10,robustness|stabilityai/stable-diffusion-xl-base-1.0|qu,3,4,kaggle,images/main/metadata_kaggle_<run_id>.parquet,images/main
robustness,stabilityai/stable-diffusion-xl-base-1.0,local_diffusers,qu,MULTI,street vendor,stabilityai/stable-diffusion-xl-base-1.0|qu|MULTI|street vendor,stabilityai/stable-diffusion-xl-base-1.0|qu|MULTI|street vendor,stabilityai_stable-diffusion-xl-base-1.0__street_vendor__202625140902007,202625140902007,,unavailable:ValueError:no documented qu translation for occupation 'street vendor',10,0,10,robustness|stabilityai/stable-diffusion-xl-base-1.0|qu,3,4,kaggle,images/main/metadata_kaggle_<run_id>.parquet,images/main
robustness,stabilityai/stable-diffusion-xl-base-1.0,local_diffusers,qu,MULTI,street vendor,stabilityai/stable-diffusion-xl-base-1.0|qu|MULTI|street vendor,stabilityai/stable-diffusion-xl-base-1.0|qu|MULTI|street vendor,stabilityai_stable-diffusion-xl-base-1.0__street_vendor__202625140902008,202625140902008,,unavailable:ValueError:no documented qu translation for occupation 'street vendor',10,0,10,robustness|stabilityai/stable-diffusion-xl-base-1.0|qu,2,4,kaggle,images/main/metadata_kaggle_<run_id>.parquet,images/main
robustness,stabilityai/stable-diffusion-xl-base-1.0,local_diffusers,qu,MULTI,street vendor,stabilityai/stable-diffusion-xl-base-1.0|qu|MULTI|street vendor,stabilityai/stable-diffusion-xl-base-1.0|qu|MULTI|street vendor,stabilityai_stable-diffusion-xl-base-1.0__street_vendor__202625140902009,202625140902009,,unavailable:ValueError:no documented qu translation for occupation 'street vendor',10,0,10,robustness|stabilityai/stable-diffusion-xl-base-1.0|qu,3,4,kaggle,images/main/metadata_kaggle_<run_id>.parquet,images/main
robustness,stabilityai/stable-diffusion-3.5-medium,local_diffusers,qu,MULTI,street vendor,stabilityai/stable-diffusion-3.5-medium|qu|MULTI|street vendor,stabilityai/stable-diffusion-3.5-medium|qu|MULTI|street vendor,stabilityai_stable-diffusion-3.5-medium__street_vendor__202625140903000,202625140903000,,unavailable:ValueError:no documented qu translation for occupation 'street vendor',10,0,10,robustness|stabilityai/stable-diffusion-3.5-medium|qu,3,4,colab,images/main/metadata_colab_<run_id>.parquet,images/main
robustness,stabilityai/stable-diffusion-3.5-medium,local_diffusers,qu,MULTI,street vendor,stabilityai/stable-diffusion-3.5-medium|qu|MULTI|street vendor,stabilityai/stable-diffusion-3.5-medium|qu|MULTI|street vendor,stabilityai_stable-diffusion-3.5-medium__street_vendor__202625140903001,202625140903001,,unavailable:ValueError:no documented qu translation for occupation 'street vendor',10,0,10,robustness|stabilityai/stable-diffusion-3.5-medium|qu,2,4,colab,images/main/metadata_colab_<run_id>.parquet,images/main
robustness,stabilityai/stable-diffusion-3.5-medium,local_diffusers,qu,MULTI,street vendor,stabilityai/stable-diffusion-3.5-medium|qu|MULTI|street vendor,stabilityai/stable-diffusion-3.5-medium|qu|MULTI|street vendor,stabilityai_stable-diffusion-3.5-medium__street_vendor__202625140903002,202625140903002,,unavailable:ValueError:no documented qu translation for occupation 'street vendor',10,0,10,robustness|stabilityai/stable-diffusion-3.5-medium|qu,0,4,colab,images/main/metadata_colab_<run_id>.parquet,images/main
robustness,stabilityai/stable-diffusion-3.5-medium,local_diffusers,qu,MULTI,street vendor,stabilityai/stable-diffusion-3.5-medium|qu|MULTI|street vendor,stabilityai/stable-diffusion-3.5-medium|qu|MULTI|street vendor,stabilityai_stable-diffusion-3.5-medium__street_vendor__202625140903003,202625140903003,,unavailable:ValueError:no documented qu translation for occupation 'street vendor',10,0,10,robustness|stabilityai/stable-diffusion-3.5-medium|qu,3,4,colab,images/main/metadata_colab_<run_id>.parquet,images/main
robustness,stabilityai/stable-diffusion-3.5-medium,local_diffusers,qu,MULTI,street vendor,stabilityai/stable-diffusion-3.5-medium|qu|MULTI|street vendor,stabilityai/stable-diffusion-3.5-medium|qu|MULTI|street vendor,stabilityai_stable-diffusion-3.5-medium__street_vendor__202625140903004,202625140903004,,unavailable:ValueError:no documented qu translation for occupation 'street vendor',10,0,10,robustness|stabilityai/stable-diffusion-3.5-medium|qu,3,4,colab,images/main/metadata_colab_<run_id>.parquet,images/main
robustness,stabilityai/stable-diffusion-3.5-medium,local_diffusers,qu,MULTI,street vendor,stabilityai/stable-diffusion-3.5-medium|qu|MULTI|street vendor,stabilityai/stable-diffusion-3.5-medium|qu|MULTI|street vendor,stabilityai_stable-diffusion-3.5-medium__street_vendor__202625140903005,202625140903005,,unavailable:ValueError:no documented qu translation for occupation 'street vendor',10,0,10,robustness|stabilityai/stable-diffusion-3.5-medium|qu,0,4,colab,images/main/metadata_colab_<run_id>.parquet,images/main
robustness,stabilityai/stable-diffusion-3.5-medium,local_diffusers,qu,MULTI,street vendor,stabilityai/stable-diffusion-3.5-medium|qu|MULTI|street vendor,stabilityai/stable-diffusion-3.5-medium|qu|MULTI|street vendor,stabilityai_stable-diffusion-3.5-medium__street_vendor__202625140903006,202625140903006,,unavailable:ValueError:no documented qu translation for occupation 'street vendor',10,0,10,robustness|stabilityai/stable-diffusion-3.5-medium|qu,3,4,colab,images/main/metadata_colab_<run_id>.parquet,images/main
robustness,stabilityai/stable-diffusion-3.5-medium,local_diffusers,qu,MULTI,street vendor,stabilityai/stable-diffusion-3.5-medium|qu|MULTI|street vendor,stabilityai/stable-diffusion-3.5-medium|qu|MULTI|street vendor,stabilityai_stable-diffusion-3.5-medium__street_vendor__202625140903007,202625140903007,,unavailable:ValueError:no documented qu translation for occupation 'street vendor',10,0,10,robustness|stabilityai/stable-diffusion-3.5-medium|qu,1,4,colab,images/main/metadata_colab_<run_id>.parquet,images/main
robustness,stabilityai/stable-diffusion-3.5-medium,local_diffusers,qu,MULTI,street vendor,stabilityai/stable-diffusion-3.5-medium|qu|MULTI|street vendor,stabilityai/stable-diffusion-3.5-medium|qu|MULTI|street vendor,stabilityai_stable-diffusion-3.5-medium__street_vendor__202625140903008,202625140903008,,unavailable:ValueError:no documented qu translation for occupation 'street vendor',10,0,10,robustness|stabilityai/stable-diffusion-3.5-medium|qu,1,4,colab,images/main/metadata_colab_<run_id>.parquet,images/main
robustness,stabilityai/stable-diffusion-3.5-medium,local_diffusers,qu,MULTI,street vendor,stabilityai/stable-diffusion-3.5-medium|qu|MULTI|street vendor,stabilityai/stable-diffusion-3.5-medium|qu|MULTI|street vendor,stabilityai_stable-diffusion-3.5-medium__street_vendor__202625140903009,202625140903009,,unavailable:ValueError:no documented qu translation for occupation 'street vendor',10,0,10,robustness|stabilityai/stable-diffusion-3.5-medium|qu,3,4,colab,images/main/metadata_colab_<run_id>.parquet,images/main
robustness,pollinations/flux,pollinations,gn,MULTI,street vendor,pollinations/flux|gn|MULTI|street vendor,pollinations/flux|gn|MULTI|street vendor,pollinations_flux__street_vendor__202625140910000,202625140910000,makatero,ok,10,0,10,robustness|pollinations/flux|gn,0,4,local,images/main/metadata_local_<run_id>.parquet,images/main
robustness,pollinations/flux,pollinations,gn,MULTI,street vendor,pollinations/flux|gn|MULTI|street vendor,pollinations/flux|gn|MULTI|street vendor,pollinations_flux__street_vendor__202625140910001,202625140910001,makatero,ok,10,0,10,robustness|pollinations/flux|gn,2,4,local,images/main/metadata_local_<run_id>.parquet,images/main
robustness,pollinations/flux,pollinations,gn,MULTI,street vendor,pollinations/flux|gn|MULTI|street vendor,pollinations/flux|gn|MULTI|street vendor,pollinations_flux__street_vendor__202625140910002,202625140910002,makatero,ok,10,0,10,robustness|pollinations/flux|gn,2,4,local,images/main/metadata_local_<run_id>.parquet,images/main
robustness,pollinations/flux,pollinations,gn,MULTI,street vendor,pollinations/flux|gn|MULTI|street vendor,pollinations/flux|gn|MULTI|street vendor,pollinations_flux__street_vendor__202625140910003,202625140910003,makatero,ok,10,0,10,robustness|pollinations/flux|gn,0,4,local,images/main/metadata_local_<run_id>.parquet,images/main
robustness,pollinations/flux,pollinations,gn,MULTI,street vendor,pollinations/flux|gn|MULTI|street vendor,pollinations/flux|gn|MULTI|street vendor,pollinations_flux__street_vendor__202625140910004,202625140910004,makatero,ok,10,0,10,robustness|pollinations/flux|gn,3,4,local,images/main/metadata_local_<run_id>.parquet,images/main
robustness,pollinations/flux,pollinations,gn,MULTI,street vendor,pollinations/flux|gn|MULTI|street vendor,pollinations/flux|gn|MULTI|street vendor,pollinations_flux__street_vendor__202625140910005,202625140910005,makatero,ok,10,0,10,robustness|pollinations/flux|gn,0,4,local,images/main/metadata_local_<run_id>.parquet,images/main
robustness,pollinations/flux,pollinations,gn,MULTI,street vendor,pollinations/flux|gn|MULTI|street vendor,pollinations/flux|gn|MULTI|street vendor,pollinations_flux__street_vendor__202625140910006,202625140910006,makatero,ok,10,0,10,robustness|pollinations/flux|gn,3,4,local,images/main/metadata_local_<run_id>.parquet,images/main
robustness,pollinations/flux,pollinations,gn,MULTI,street vendor,pollinations/flux|gn|MULTI|street vendor,pollinations/flux|gn|MULTI|street vendor,pollinations_flux__street_vendor__202625140910007,202625140910007,makatero,ok,10,0,10,robustness|pollinations/flux|gn,2,4,local,images/main/metadata_local_<run_id>.parquet,images/main
robustness,pollinations/flux,pollinations,gn,MULTI,street vendor,pollinations/flux|gn|MULTI|street vendor,pollinations/flux|gn|MULTI|street vendor,pollinations_flux__street_vendor__202625140910008,202625140910008,makatero,ok,10,0,10,robustness|pollinations/flux|gn,2,4,local,images/main/metadata_local_<run_id>.parquet,images/main
robustness,pollinations/flux,pollinations,gn,MULTI,street vendor,pollinations/flux|gn|MULTI|street vendor,pollinations/flux|gn|MULTI|street vendor,pollinations_flux__street_vendor__202625140910009,202625140910009,makatero,ok,10,0,10,robustness|pollinations/flux|gn,3,4,local,images/main/metadata_local_<run_id>.parquet,images/main
robustness,runwayml/stable-diffusion-v1-5,local_diffusers,gn,MULTI,street vendor,runwayml/stable-diffusion-v1-5|gn|MULTI|street vendor,runwayml/stable-diffusion-v1-5|gn|MULTI|street vendor,runwayml_stable-diffusion-v1-5__street_vendor__202625140911000,202625140911000,makatero,ok,10,0,10,robustness|runwayml/stable-diffusion-v1-5|gn,1,4,kaggle,images/main/metadata_kaggle_<run_id>.parquet,images/main
robustness,runwayml/stable-diffusion-v1-5,local_diffusers,gn,MULTI,street vendor,runwayml/stable-diffusion-v1-5|gn|MULTI|street vendor,runwayml/stable-diffusion-v1-5|gn|MULTI|street vendor,runwayml_stable-diffusion-v1-5__street_vendor__202625140911001,202625140911001,makatero,ok,10,0,10,robustness|runwayml/stable-diffusion-v1-5|gn,0,4,kaggle,images/main/metadata_kaggle_<run_id>.parquet,images/main
robustness,runwayml/stable-diffusion-v1-5,local_diffusers,gn,MULTI,street vendor,runwayml/stable-diffusion-v1-5|gn|MULTI|street vendor,runwayml/stable-diffusion-v1-5|gn|MULTI|street vendor,runwayml_stable-diffusion-v1-5__street_vendor__202625140911002,202625140911002,makatero,ok,10,0,10,robustness|runwayml/stable-diffusion-v1-5|gn,1,4,kaggle,images/main/metadata_kaggle_<run_id>.parquet,images/main
robustness,runwayml/stable-diffusion-v1-5,local_diffusers,gn,MULTI,street vendor,runwayml/stable-diffusion-v1-5|gn|MULTI|street vendor,runwayml/stable-diffusion-v1-5|gn|MULTI|street vendor,runwayml_stable-diffusion-v1-5__street_vendor__202625140911003,202625140911003,makatero,ok,10,0,10,robustness|runwayml/stable-diffusion-v1-5|gn,1,4,kaggle,images/main/metadata_kaggle_<run_id>.parquet,images/main
robustness,runwayml/stable-diffusion-v1-5,local_diffusers,gn,MULTI,street vendor,runwayml/stable-diffusion-v1-5|gn|MULTI|street vendor,runwayml/stable-diffusion-v1-5|gn|MULTI|street vendor,runwayml_stable-diffusion-v1-5__street_vendor__202625140911004,202625140911004,makatero,ok,10,0,10,robustness|runwayml/stable-diffusion-v1-5|gn,3,4,kaggle,images/main/metadata_kaggle_<run_id>.parquet,images/main
robustness,runwayml/stable-diffusion-v1-5,local_diffusers,gn,MULTI,street vendor,runwayml/stable-diffusion-v1-5|gn|MULTI|street vendor,runwayml/stable-diffusion-v1-5|gn|MULTI|street vendor,runwayml_stable-diffusion-v1-5__street_vendor__202625140911005,202625140911005,makatero,ok,10,0,10,robustness|runwayml/stable-diffusion-v1-5|gn,1,4,kaggle,images/main/metadata_kaggle_<run_id>.parquet,images/main
robustness,runwayml/stable-diffusion-v1-5,local_diffusers,gn,MULTI,street vendor,runwayml/stable-diffusion-v1-5|gn|MULTI|street vendor,runwayml/stable-diffusion-v1-5|gn|MULTI|street vendor,runwayml_stable-diffusion-v1-5__street_vendor__202625140911006,202625140911006,makatero,ok,10,0,10,robustness|runwayml/stable-diffusion-v1-5|gn,3,4,kaggle,images/main/metadata_kaggle_<run_id>.parquet,images/main
robustness,runwayml/stable-diffusion-v1-5,local_diffusers,gn,MULTI,street vendor,runwayml/stable-diffusion-v1-5|gn|MULTI|street vendor,runwayml/stable-diffusion-v1-5|gn|MULTI|street vendor,runwayml_stable-diffusion-v1-5__street_vendor__202625140911007,202625140911007,makatero,ok,10,0,10,robustness|runwayml/stable-diffusion-v1-5|gn,1,4,kaggle,images/main/metadata_kaggle_<run_id>.parquet,images/main
robustness,runwayml/stable-diffusion-v1-5,local_diffusers,gn,MULTI,street vendor,runwayml/stable-diffusion-v1-5|gn|MULTI|street vendor,runwayml/stable-diffusion-v1-5|gn|MULTI|street vendor,runwayml_stable-diffusion-v1-5__street_vendor__202625140911008,202625140911008,makatero,ok,10,0,10,robustness|runwayml/stable-diffusion-v1-5|gn,3,4,kaggle,images/main/metadata_kaggle_<run_id>.parquet,images/main
robustness,runwayml/stable-diffusion-v1-5,local_diffusers,gn,MULTI,street vendor,runwayml/stable-diffusion-v1-5|gn|MULTI|street vendor,runwayml/stable-diffusion-v1-5|gn|MULTI|street vendor,runwayml_stable-diffusion-v1-5__street_vendor__202625140911009,202625140911009,makatero,ok,10,0,10,robustness|runwayml/stable-diffusion-v1-5|gn,3,4,kaggle,images/main/metadata_kaggle_<run_id>.parquet,images/main
robustness,stabilityai/stable-diffusion-xl-base-1.0,local_diffusers,gn,MULTI,street vendor,stabilityai/stable-diffusion-xl-base-1.0|gn|MULTI|street vendor,stabilityai/stable-diffusion-xl-base-1.0|gn|MULTI|street vendor,stabilityai_stable-diffusion-xl-base-1.0__street_vendor__202625140912000,202625140912000,makatero,ok,10,0,10,robustness|stabilityai/stable-diffusion-xl-base-1.0|gn,1,4,kaggle,images/main/metadata_kaggle_<run_id>.parquet,images/main
robustness,stabilityai/stable-diffusion-xl-base-1.0,local_diffusers,gn,MULTI,street vendor,stabilityai/stable-diffusion-xl-base-1.0|gn|MULTI|street vendor,stabilityai/stable-diffusion-xl-base-1.0|gn|MULTI|street vendor,stabilityai_stable-diffusion-xl-base-1.0__street_vendor__202625140912001,202625140912001,makatero,ok,10,0,10,robustness|stabilityai/stable-diffusion-xl-base-1.0|gn,3,4,kaggle,images/main/metadata_kaggle_<run_id>.parquet,images/main
robustness,stabilityai/stable-diffusion-xl-base-1.0,local_diffusers,gn,MULTI,street vendor,stabilityai/stable-diffusion-xl-base-1.0|gn|MULTI|street vendor,stabilityai/stable-diffusion-xl-base-1.0|gn|MULTI|street vendor,stabilityai_stable-diffusion-xl-base-1.0__street_vendor__202625140912002,202625140912002,makatero,ok,10,0,10,robustness|stabilityai/stable-diffusion-xl-base-1.0|gn,1,4,kaggle,images/main/metadata_kaggle_<run_id>.parquet,images/main
robustness,stabilityai/stable-diffusion-xl-base-1.0,local_diffusers,gn,MULTI,street vendor,stabilityai/stable-diffusion-xl-base-1.0|gn|MULTI|street vendor,stabilityai/stable-diffusion-xl-base-1.0|gn|MULTI|street vendor,stabilityai_stable-diffusion-xl-base-1.0__street_vendor__202625140912003,202625140912003,makatero,ok,10,0,10,robustness|stabilityai/stable-diffusion-xl-base-1.0|gn,3,4,kaggle,images/main/metadata_kaggle_<run_id>.parquet,images/main
robustness,stabilityai/stable-diffusion-xl-base-1.0,local_diffusers,gn,MULTI,street vendor,stabilityai/stable-diffusion-xl-base-1.0|gn|MULTI|street vendor,stabilityai/stable-diffusion-xl-base-1.0|gn|MULTI|street vendor,stabilityai_stable-diffusion-xl-base-1.0__street_vendor__202625140912004,202625140912004,makatero,ok,10,0,10,robustness|stabilityai/stable-diffusion-xl-base-1.0|gn,2,4,kaggle,images/main/metadata_kaggle_<run_id>.parquet,images/main
robustness,stabilityai/stable-diffusion-xl-base-1.0,local_diffusers,gn,MULTI,street vendor,stabilityai/stable-diffusion-xl-base-1.0|gn|MULTI|street vendor,stabilityai/stable-diffusion-xl-base-1.0|gn|MULTI|street vendor,stabilityai_stable-diffusion-xl-base-1.0__street_vendor__202625140912005,202625140912005,makatero,ok,10,0,10,robustness|stabilityai/stable-diffusion-xl-base-1.0|gn,1,4,kaggle,images/main/metadata_kaggle_<run_id>.parquet,images/main
robustness,stabilityai/stable-diffusion-xl-base-1.0,local_diffusers,gn,MULTI,street vendor,stabilityai/stable-diffusion-xl-base-1.0|gn|MULTI|street vendor,stabilityai/stable-diffusion-xl-base-1.0|gn|MULTI|street vendor,stabilityai_stable-diffusion-xl-base-1.0__street_vendor__202625140912006,202625140912006,makatero,ok,10,0,10,robustness|stabilityai/stable-diffusion-xl-base-1.0|gn,3,4,kaggle,images/main/metadata_kaggle_<run_id>.parquet,images/main
robustness,stabilityai/stable-diffusion-xl-base-1.0,local_diffusers,gn,MULTI,street vendor,stabilityai/stable-diffusion-xl-base-1.0|gn|MULTI|street vendor,stabilityai/stable-diffusion-xl-base-1.0|gn|MULTI|street vendor,stabilityai_stable-diffusion-xl-base-1.0__street_vendor__202625140912007,202625140912007,makatero,ok,10,0,10,robustness|stabilityai/stable-diffusion-xl-base-1.0|gn,2,4,kaggle,images/main/metadata_kaggle_<run_id>.parquet,images/main
robustness,stabilityai/stable-diffusion-xl-base-1.0,local_diffusers,gn,MULTI,street vendor,stabilityai/stable-diffusion-xl-base-1.0|gn|MULTI|street vendor,stabilityai/stable-diffusion-xl-base-1.0|gn|MULTI|street vendor,stabilityai_stable-diffusion-xl-base-1.0__street_vendor__202625140912008,202625140912008,makatero,ok,10,0,10,robustness|stabilityai/stable-diffusion-xl-base-1.0|gn,3,4,kaggle,images/main/metadata_kaggle_<run_id>.parquet,images/main
robustness,stabilityai/stable-diffusion-xl-base-1.0,local_diffusers,gn,MULTI,street vendor,stabilityai/stable-diffusion-xl-base-1.0|gn|MULTI|street vendor,stabilityai/stable-diffusion-xl-base-1.0|gn|MULTI|street vendor,stabilityai_stable-diffusion-xl-base-1.0__street_vendor__202625140912009,202625140912009,makatero,ok,10,0,10,robustness|stabilityai/stable-diffusion-xl-base-1.0|gn,1,4,kaggle,images/main/metadata_kaggle_<run_id>.parquet,images/main
robustness,stabilityai/stable-diffusion-3.5-medium,local_diffusers,gn,MULTI,street vendor,stabilityai/stable-diffusion-3.5-medium|gn|MULTI|street vendor,stabilityai/stable-diffusion-3.5-medium|gn|MULTI|street vendor,stabilityai_stable-diffusion-3.5-medium__street_vendor__202625140913000,202625140913000,makatero,ok,10,0,10,robustness|stabilityai/stable-diffusion-3.5-medium|gn,1,4,colab,images/main/metadata_colab_<run_id>.parquet,images/main
robustness,stabilityai/stable-diffusion-3.5-medium,local_diffusers,gn,MULTI,street vendor,stabilityai/stable-diffusion-3.5-medium|gn|MULTI|street vendor,stabilityai/stable-diffusion-3.5-medium|gn|MULTI|street vendor,stabilityai_stable-diffusion-3.5-medium__street_vendor__202625140913001,202625140913001,makatero,ok,10,0,10,robustness|stabilityai/stable-diffusion-3.5-medium|gn,0,4,colab,images/main/metadata_colab_<run_id>.parquet,images/main
robustness,stabilityai/stable-diffusion-3.5-medium,local_diffusers,gn,MULTI,street vendor,stabilityai/stable-diffusion-3.5-medium|gn|MULTI|street vendor,stabilityai/stable-diffusion-3.5-medium|gn|MULTI|street vendor,stabilityai_stable-diffusion-3.5-medium__street_vendor__202625140913002,202625140913002,makatero,ok,10,0,10,robustness|stabilityai/stable-diffusion-3.5-medium|gn,1,4,colab,images/main/metadata_colab_<run_id>.parquet,images/main
robustness,stabilityai/stable-diffusion-3.5-medium,local_diffusers,gn,MULTI,street vendor,stabilityai/stable-diffusion-3.5-medium|gn|MULTI|street vendor,stabilityai/stable-diffusion-3.5-medium|gn|MULTI|street vendor,stabilityai_stable-diffusion-3.5-medium__street_vendor__202625140913003,202625140913003,makatero,ok,10,0,10,robustness|stabilityai/stable-diffusion-3.5-medium|gn,1,4,colab,images/main/metadata_colab_<run_id>.parquet,images/main
robustness,stabilityai/stable-diffusion-3.5-medium,local_diffusers,gn,MULTI,street vendor,stabilityai/stable-diffusion-3.5-medium|gn|MULTI|street vendor,stabilityai/stable-diffusion-3.5-medium|gn|MULTI|street vendor,stabilityai_stable-diffusion-3.5-medium__street_vendor__202625140913004,202625140913004,makatero,ok,10,0,10,robustness|stabilityai/stable-diffusion-3.5-medium|gn,0,4,colab,images/main/metadata_colab_<run_id>.parquet,images/main
robustness,stabilityai/stable-diffusion-3.5-medium,local_diffusers,gn,MULTI,street vendor,stabilityai/stable-diffusion-3.5-medium|gn|MULTI|street vendor,stabilityai/stable-diffusion-3.5-medium|gn|MULTI|street vendor,stabilityai_stable-diffusion-3.5-medium__street_vendor__202625140913005,202625140913005,makatero,ok,10,0,10,robustness|stabilityai/stable-diffusion-3.5-medium|gn,1,4,colab,images/main/metadata_colab_<run_id>.parquet,images/main
robustness,stabilityai/stable-diffusion-3.5-medium,local_diffusers,gn,MULTI,street vendor,stabilityai/stable-diffusion-3.5-medium|gn|MULTI|street vendor,stabilityai/stable-diffusion-3.5-medium|gn|MULTI|street vendor,stabilityai_stable-diffusion-3.5-medium__street_vendor__202625140913006,202625140913006,makatero,ok,10,0,10,robustness|stabilityai/stable-diffusion-3.5-medium|gn,0,4,colab,images/main/metadata_colab_<run_id>.parquet,images/main
robustness,stabilityai/stable-diffusion-3.5-medium,local_diffusers,gn,MULTI,street vendor,stabilityai/stable-diffusion-3.5-medium|gn|MULTI|street vendor,stabilityai/stable-diffusion-3.5-medium|gn|MULTI|street vendor,stabilityai_stable-diffusion-3.5-medium__street_vendor__202625140913007,202625140913007,makatero,ok,10,0,10,robustness|stabilityai/stable-diffusion-3.5-medium|gn,0,4,colab,images/main/metadata_colab_<run_id>.parquet,images/main
robustness,stabilityai/stable-diffusion-3.5-medium,local_diffusers,gn,MULTI,street vendor,stabilityai/stable-diffusion-3.5-medium|gn|MULTI|street vendor,stabilityai/stable-diffusion-3.5-medium|gn|MULTI|street vendor,stabilityai_stable-diffusion-3.5-medium__street_vendor__202625140913008,202625140913008,makatero,ok,10,0,10,robustness|stabilityai/stable-diffusion-3.5-medium|gn,3,4,colab,images/main/metadata_colab_<run_id>.parquet,images/main
robustness,stabilityai/stable-diffusion-3.5-medium,local_diffusers,gn,MULTI,street vendor,stabilityai/stable-diffusion-3.5-medium|gn|MULTI|street vendor,stabilityai/stable-diffusion-3.5-medium|gn|MULTI|street vendor,stabilityai_stable-diffusion-3.5-medium__street_vendor__202625140913009,202625140913009,makatero,ok,10,0,10,robustness|stabilityai/stable-diffusion-3.5-medium|gn,3,4,colab,images/main/metadata_colab_<run_id>.parquet,images/main
