grid,model,backend,language,country,occupation,prompt_id,cell_id,image_id,seed,prompt,prompt_status,target_n,current_n,missing_n,shard_group,shard_id,n_shards,recommended_runner,output_metadata_path,output_image_dir
robustness,pollinations/flux,pollinations,qu,MULTI,CEO,pollinations/flux|qu|MULTI|CEO,pollinations/flux|qu|MULTI|CEO,pollinations_flux__CEO__202625140000000,202625140000000,umalliq,ok,10,0,10,robustness|pollinations/flux|qu,2,4,local,images/main/metadata_local_<run_id>.parquet,images/main
robustness,pollinations/flux,pollinations,qu,MULTI,CEO,pollinations/flux|qu|MULTI|CEO,pollinations/flux|qu|MULTI|CEO,pollinations_flux__CEO__202625140000001,202625140000001,umalliq,ok,10,0,10,robustness|pollinations/flux|qu,1,4,local,images/main/metadata_local_<run_id>.parquet,images/main
robustness,pollinations/flux,pollinations,qu,MULTI,CEO,pollinations/flux|qu|MULTI|CEO,pollinations/flux|qu|MULTI|CEO,pollinations_flux__CEO__202625140000002,202625140000002,umalliq,ok,10,0,10,robustness|pollinations/flux|qu,1,4,local,images/main/metadata_local_<run_id>.parquet,images/main
robustness,pollinations/flux,pollinations,qu,MULTI,CEO,pollinations/flux|qu|MULTI|CEO,pollinations/flux|qu|MULTI|CEO,pollinations_flux__CEO__202625140000003,202625140000003,umalliq,ok,10,0,10,robustness|pollinations/flux|qu,2,4,local,images/main/metadata_local_<run_id>.parquet,images/main
robustness,pollinations/flux,pollinations,qu,MULTI,CEO,pollinations/flux|qu|MULTI|CEO,pollinations/flux|qu|MULTI|CEO,pollinations_flux__CEO__202625140000004,202625140000004,umalliq,ok,10,0,10,robustness|pollinations/flux|qu,1,4,local,images/main/metadata_local_<run_id>.parquet,images/main
robustness,pollinations/flux,pollinations,qu,MULTI,CEO,pollinations/flux|qu|MULTI|CEO,pollinations/flux|qu|MULTI|CEO,pollinations_flux__CEO__202625140000005,202625140000005,umalliq,ok,10,0,10,robustness|pollinations/flux|qu,2,4,local,images/main/metadata_local_<run_id>.parquet,images/main
robustness,pollinations/flux,pollinations,qu,MULTI,CEO,pollinations/flux|qu|MULTI|CEO,pollinations/flux|qu|MULTI|CEO,pollinations_flux__CEO__202625140000006,202625140000006,umalliq,ok,10,0,10,robustness|pollinations/flux|qu,2,4,local,images/main/metadata_local_<run_id>.parquet,images/main
robustness,pollinations/flux,pollinations,qu,MULTI,CEO,pollinations/flux|qu|MULTI|CEO,pollinations/flux|qu|MULTI|CEO,pollinations_flux__CEO__202625140000007,202625140000007,umalliq,ok,10,0,10,robustness|pollinations/flux|qu,1,4,local,images/main/metadata_local_<run_id>.parquet,images/main
robustness,pollinations/flux,pollinations,qu,MULTI,CEO,pollinations/flux|qu|MULTI|CEO,pollinations/flux|qu|MULTI|CEO,pollinations_flux__CEO__202625140000008,202625140000008,umalliq,ok,10,0,10,robustness|pollinations/flux|qu,1,4,local,images/main/metadata_local_<run_id>.parquet,images/main
robustness,pollinations/flux,pollinations,qu,MULTI,CEO,pollinations/flux|qu|MULTI|CEO,pollinations/flux|qu|MULTI|CEO,pollinations_flux__CEO__202625140000009,202625140000009,umalliq,ok,10,0,10,robustness|pollinations/flux|qu,0,4,local,images/main/metadata_local_<run_id>.parquet,images/main
robustness,stabilityai/stable-diffusion-3.5-medium,local_diffusers,qu,MULTI,CEO,stabilityai/stable-diffusion-3.5-medium|qu|MULTI|CEO,stabilityai/stable-diffusion-3.5-medium|qu|MULTI|CEO,stabilityai_stable-diffusion-3.5-medium__CEO__202625140003000,202625140003000,umalliq,ok,10,0,10,robustness|stabilityai/stable-diffusion-3.5-medium|qu,2,4,colab,images/main/metadata_colab_<run_id>.parquet,images/main
robustness,stabilityai/stable-diffusion-3.5-medium,local_diffusers,qu,MULTI,CEO,stabilityai/stable-diffusion-3.5-medium|qu|MULTI|CEO,stabilityai/stable-diffusion-3.5-medium|qu|MULTI|CEO,stabilityai_stable-diffusion-3.5-medium__CEO__202625140003001,202625140003001,umalliq,ok,10,0,10,robustness|stabilityai/stable-diffusion-3.5-medium|qu,1,4,colab,images/main/metadata_colab_<run_id>.parquet,images/main
robustness,stabilityai/stable-diffusion-3.5-medium,local_diffusers,qu,MULTI,CEO,stabilityai/stable-diffusion-3.5-medium|qu|MULTI|CEO,stabilityai/stable-diffusion-3.5-medium|qu|MULTI|CEO,stabilityai_stable-diffusion-3.5-medium__CEO__202625140003002,202625140003002,umalliq,ok,10,0,10,robustness|stabilityai/stable-diffusion-3.5-medium|qu,2,4,colab,images/main/metadata_colab_<run_id>.parquet,images/main
robustness,stabilityai/stable-diffusion-3.5-medium,local_diffusers,qu,MULTI,CEO,stabilityai/stable-diffusion-3.5-medium|qu|MULTI|CEO,stabilityai/stable-diffusion-3.5-medium|qu|MULTI|CEO,stabilityai_stable-diffusion-3.5-medium__CEO__202625140003003,202625140003003,umalliq,ok,10,0,10,robustness|stabilityai/stable-diffusion-3.5-medium|qu,0,4,colab,images/main/metadata_colab_<run_id>.parquet,images/main
robustness,stabilityai/stable-diffusion-3.5-medium,local_diffusers,qu,MULTI,CEO,stabilityai/stable-diffusion-3.5-medium|qu|MULTI|CEO,stabilityai/stable-diffusion-3.5-medium|qu|MULTI|CEO,stabilityai_stable-diffusion-3.5-medium__CEO__202625140003004,202625140003004,umalliq,ok,10,0,10,robustness|stabilityai/stable-diffusion-3.5-medium|qu,1,4,colab,images/main/metadata_colab_<run_id>.parquet,images/main
robustness,stabilityai/stable-diffusion-3.5-medium,local_diffusers,qu,MULTI,CEO,stabilityai/stable-diffusion-3.5-medium|qu|MULTI|CEO,stabilityai/stable-diffusion-3.5-medium|qu|MULTI|CEO,stabilityai_stable-diffusion-3.5-medium__CEO__202625140003005,202625140003005,umalliq,ok,10,0,10,robustness|stabilityai/stable-diffusion-3.5-medium|qu,3,4,colab,images/main/metadata_colab_<run_id>.parquet,images/main
robustness,stabilityai/stable-diffusion-3.5-medium,local_diffusers,qu,MULTI,CEO,stabilityai/stable-diffusion-3.5-medium|qu|MULTI|CEO,stabilityai/stable-diffusion-3.5-medium|qu|MULTI|CEO,stabilityai_stable-diffusion-3.5-medium__CEO__202625140003006,202625140003006,umalliq,ok,10,0,10,robustness|stabilityai/stable-diffusion-3.5-medium|qu,0,4,colab,images/main/metadata_colab_<run_id>.parquet,images/main
robustness,stabilityai/stable-diffusion-3.5-medium,local_diffusers,qu,MULTI,CEO,stabilityai/stable-diffusion-3.5-medium|qu|MULTI|CEO,stabilityai/stable-diffusion-3.5-medium|qu|MULTI|CEO,stabilityai_stable-diffusion-3.5-medium__CEO__202625140003007,202625140003007,umalliq,ok,10,0,10,robustness|stabilityai/stable-diffusion-3.5-medium|qu,2,4,colab,images/main/metadata_colab_<run_id>.parquet,images/main
robustness,stabilityai/stable-diffusion-3.5-medium,local_diffusers,qu,MULTI,CEO,stabilityai/stable-diffusion-3.5-medium|qu|MULTI|CEO,stabilityai/stable-diffusion-3.5-medium|qu|MULTI|CEO,stabilityai_stable-diffusion-3.5-medium__CEO__202625140003008,202625140003008,umalliq,ok,10,0,10,robustness|stabilityai/stable-diffusion-3.5-medium|qu,0,4,colab,images/main/metadata_colab_<run_id>.parquet,images/main
robustness,stabilityai/stable-diffusion-3.5-medium,local_diffusers,qu,MULTI,CEO,stabilityai/stable-diffusion-3.5-medium|qu|MULTI|CEO,stabilityai/stable-diffusion-3.5-medium|qu|MULTI|CEO,stabilityai_stable-diffusion-3.5-medium__CEO__202625140003009,202625140003009,umalliq,ok,10,0,10,robustness|stabilityai/stable-diffusion-3.5-medium|qu,3,4,colab,images/main/metadata_colab_<run_id>.parquet,images/main
robustness,pollinations/flux,pollinations,gn,MULTI,CEO,pollinations/flux|gn|MULTI|CEO,pollinations/flux|gn|MULTI|CEO,pollinations_flux__CEO__202625140010000,202625140010000,sãmbyhyha,ok,10,0,10,robustness|pollinations/flux|gn,0,4,local,images/main/metadata_local_<run_id>.parquet,images/main
robustness,pollinations/flux,pollinations,gn,MULTI,CEO,pollinations/flux|gn|MULTI|CEO,pollinations/flux|gn|MULTI|CEO,pollinations_flux__CEO__202625140010001,202625140010001,sãmbyhyha,ok,10,0,10,robustness|pollinations/flux|gn,1,4,local,images/main/metadata_local_<run_id>.parquet,images/main
robustness,pollinations/flux,pollinations,gn,MULTI,CEO,pollinations/flux|gn|MULTI|CEO,pollinations/flux|gn|MULTI|CEO,pollinations_flux__CEO__202625140010002,202625140010002,sãmbyhyha,ok,10,0,10,robustness|pollinations/flux|gn,0,4,local,images/main/metadata_local_<run_id>.parquet,images/main
robustness,pollinations/flux,pollinations,gn,MULTI,CEO,pollinations/flux|gn|MULTI|CEO,pollinations/flux|gn|MULTI|CEO,pollinations_flux__CEO__202625140010003,202625140010003,sãmbyhyha,ok,10,0,10,robustness|pollinations/flux|gn,1,4,local,images/main/metadata_local_<run_id>.parquet,images/main
robustness,pollinations/flux,pollinations,gn,MULTI,CEO,pollinations/flux|gn|MULTI|CEO,pollinations/flux|gn|MULTI|CEO,pollinations_flux__CEO__202625140010004,202625140010004,sãmbyhyha,ok,10,0,10,robustness|pollinations/flux|gn,2,4,local,images/main/metadata_local_<run_id>.parquet,images/main
robustness,pollinations/flux,pollinations,gn,MULTI,CEO,pollinations/flux|gn|MULTI|CEO,pollinations/flux|gn|MULTI|CEO,pollinations_flux__CEO__202625140010005,202625140010005,sãmbyhyha,ok,10,0,10,robustness|pollinations/flux|gn,3,4,local,images/main/metadata_local_<run_id>.parquet,images/main
robustness,pollinations/flux,pollinations,gn,MULTI,CEO,pollinations/flux|gn|MULTI|CEO,pollinations/flux|gn|MULTI|CEO,pollinations_flux__CEO__202625140010006,202625140010006,sãmbyhyha,ok,10,0,10,robustness|pollinations/flux|gn,0,4,local,images/main/metadata_local_<run_id>.parquet,images/main
robustness,pollinations/flux,pollinations,gn,MULTI,CEO,pollinations/flux|gn|MULTI|CEO,pollinations/flux|gn|MULTI|CEO,pollinations_flux__CEO__202625140010007,202625140010007,sãmbyhyha,ok,10,0,10,robustness|pollinations/flux|gn,2,4,local,images/main/metadata_local_<run_id>.parquet,images/main
robustness,pollinations/flux,pollinations,gn,MULTI,CEO,pollinations/flux|gn|MULTI|CEO,pollinations/flux|gn|MULTI|CEO,pollinations_flux__CEO__202625140010008,202625140010008,sãmbyhyha,ok,10,0,10,robustness|pollinations/flux|gn,0,4,local,images/main/metadata_local_<run_id>.parquet,images/main
robustness,pollinations/flux,pollinations,gn,MULTI,CEO,pollinations/flux|gn|MULTI|CEO,pollinations/flux|gn|MULTI|CEO,pollinations_flux__CEO__202625140010009,202625140010009,sãmbyhyha,ok,10,0,10,robustness|pollinations/flux|gn,2,4,local,images/main/metadata_local_<run_id>.parquet,images/main
robustness,stabilityai/stable-diffusion-3.5-medium,local_diffusers,gn,MULTI,CEO,stabilityai/stable-diffusion-3.5-medium|gn|MULTI|CEO,stabilityai/stable-diffusion-3.5-medium|gn|MULTI|CEO,stabilityai_stable-diffusion-3.5-medium__CEO__202625140013000,202625140013000,sãmbyhyha,ok,10,0,10,robustness|stabilityai/stable-diffusion-3.5-medium|gn,2,4,colab,images/main/metadata_colab_<run_id>.parquet,images/main
robustness,stabilityai/stable-diffusion-3.5-medium,local_diffusers,gn,MULTI,CEO,stabilityai/stable-diffusion-3.5-medium|gn|MULTI|CEO,stabilityai/stable-diffusion-3.5-medium|gn|MULTI|CEO,stabilityai_stable-diffusion-3.5-medium__CEO__202625140013001,202625140013001,sãmbyhyha,ok,10,0,10,robustness|stabilityai/stable-diffusion-3.5-medium|gn,3,4,colab,images/main/metadata_colab_<run_id>.parquet,images/main
robustness,stabilityai/stable-diffusion-3.5-medium,local_diffusers,gn,MULTI,CEO,stabilityai/stable-diffusion-3.5-medium|gn|MULTI|CEO,stabilityai/stable-diffusion-3.5-medium|gn|MULTI|CEO,stabilityai_stable-diffusion-3.5-medium__CEO__202625140013002,202625140013002,sãmbyhyha,ok,10,0,10,robustness|stabilityai/stable-diffusion-3.5-medium|gn,2,4,colab,images/main/metadata_colab_<run_id>.parquet,images/main
robustness,stabilityai/stable-diffusion-3.5-medium,local_diffusers,gn,MULTI,CEO,stabilityai/stable-diffusion-3.5-medium|gn|MULTI|CEO,stabilityai/stable-diffusion-3.5-medium|gn|MULTI|CEO,stabilityai_stable-diffusion-3.5-medium__CEO__202625140013003,202625140013003,sãmbyhyha,ok,10,0,10,robustness|stabilityai/stable-diffusion-3.5-medium|gn,2,4,colab,images/main/metadata_colab_<run_id>.parquet,images/main
robustness,stabilityai/stable-diffusion-3.5-medium,local_diffusers,gn,MULTI,CEO,stabilityai/stable-diffusion-3.5-medium|gn|MULTI|CEO,stabilityai/stable-diffusion-3.5-medium|gn|MULTI|CEO,stabilityai_stable-diffusion-3.5-medium__CEO__202625140013004,202625140013004,sãmbyhyha,ok,10,0,10,robustness|stabilityai/stable-diffusion-3.5-medium|gn,0,4,colab,images/main/metadata_colab_<run_id>.parquet,images/main
robustness,stabilityai/stable-diffusion-3.5-medium,local_diffusers,gn,MULTI,CEO,stabilityai/stable-diffusion-3.5-medium|gn|MULTI|CEO,stabilityai/stable-diffusion-3.5-medium|gn|MULTI|CEO,stabilityai_stable-diffusion-3.5-medium__CEO__202625140013005,202625140013005,sãmbyhyha,ok,10,0,10,robustness|stabilityai/stable-diffusion-3.5-medium|gn,0,4,colab,images/main/metadata_colab_<run_id>.parquet,images/main
robustness,stabilityai/stable-diffusion-3.5-medium,local_diffusers,gn,MULTI,CEO,stabilityai/stable-diffusion-3.5-medium|gn|MULTI|CEO,stabilityai/stable-diffusion-3.5-medium|gn|MULTI|CEO,stabilityai_stable-diffusion-3.5-medium__CEO__202625140013006,202625140013006,sãmbyhyha,ok,10,0,10,robustness|stabilityai/stable-diffusion-3.5-medium|gn,2,4,colab,images/main/metadata_colab_<run_id>.parquet,images/main
robustness,stabilityai/stable-diffusion-3.5-medium,local_diffusers,gn,MULTI,CEO,stabilityai/stable-diffusion-3.5-medium|gn|MULTI|CEO,stabilityai/stable-diffusion-3.5-medium|gn|MULTI|CEO,stabilityai_stable-diffusion-3.5-medium__CEO__202625140013007,202625140013007,sãmbyhyha,ok,10,0,10,robustness|stabilityai/stable-diffusion-3.5-medium|gn,2,4,colab,images/main/metadata_colab_<run_id>.parquet,images/main
robustness,stabilityai/stable-diffusion-3.5-medium,local_diffusers,gn,MULTI,CEO,stabilityai/stable-diffusion-3.5-medium|gn|MULTI|CEO,stabilityai/stable-diffusion-3.5-medium|gn|MULTI|CEO,stabilityai_stable-diffusion-3.5-medium__CEO__202625140013008,202625140013008,sãmbyhyha,ok,10,0,10,robustness|stabilityai/stable-diffusion-3.5-medium|gn,3,4,colab,images/main/metadata_colab_<run_id>.parquet,images/main
robustness,stabilityai/stable-diffusion-3.5-medium,local_diffusers,gn,MULTI,CEO,stabilityai/stable-diffusion-3.5-medium|gn|MULTI|CEO,stabilityai/stable-diffusion-3.5-medium|gn|MULTI|CEO,stabilityai_stable-diffusion-3.5-medium__CEO__202625140013009,202625140013009,sãmbyhyha,ok,10,0,10,robustness|stabilityai/stable-diffusion-3.5-medium|gn,1,4,colab,images/main/metadata_colab_<run_id>.parquet,images/main
robustness,pollinations/flux,pollinations,qu,MULTI,doctor,pollinations/flux|qu|MULTI|doctor,pollinations/flux|qu|MULTI|doctor,pollinations_flux__doctor__202625140100000,202625140100000,hampi kamayuq,ok,10,0,10,robustness|pollinations/flux|qu,2,4,local,images/main/metadata_local_<run_id>.parquet,images/main
robustness,pollinations/flux,pollinations,qu,MULTI,doctor,pollinations/flux|qu|MULTI|doctor,pollinations/flux|qu|MULTI|doctor,pollinations_flux__doctor__202625140100001,202625140100001,hampi kamayuq,ok,10,0,10,robustness|pollinations/flux|qu,0,4,local,images/main/metadata_local_<run_id>.parquet,images/main
robustness,pollinations/flux,pollinations,qu,MULTI,doctor,pollinations/flux|qu|MULTI|doctor,pollinations/flux|qu|MULTI|doctor,pollinations_flux__doctor__202625140100002,202625140100002,hampi kamayuq,ok,10,0,10,robustness|pollinations/flux|qu,2,4,local,images/main/metadata_local_<run_id>.parquet,images/main
robustness,pollinations/flux,pollinations,qu,MULTI,doctor,pollinations/flux|qu|MULTI|doctor,pollinations/flux|qu|MULTI|doctor,pollinations_flux__doctor__202625140100003,202625140100003,hampi kamayuq,ok,10,0,10,robustness|pollinations/flux|qu,1,4,local,images/main/metadata_local_<run_id>.parquet,images/main
robustness,pollinations/flux,pollinations,qu,MULTI,doctor,pollinations/flux|qu|MULTI|doctor,pollinations/flux|qu|MULTI|doctor,pollinations_flux__doctor__202625140100004,202625140100004,hampi kamayuq,ok,10,0,10,robustness|pollinations/flux|qu,1,4,local,images/main/metadata_local_<run_id>.parquet,images/main
robustness,pollinations/flux,pollinations,qu,MULTI,doctor,pollinations/flux|qu|MULTI|doctor,pollinations/flux|qu|MULTI|doctor,pollinations_flux__doctor__202625140100005,202625140100005,hampi kamayuq,ok,10,0,10,robustness|pollinations/flux|qu,0,4,local,images/main/metadata_local_<run_id>.parquet,images/main
robustness,pollinations/flux,pollinations,qu,MULTI,doctor,pollinations/flux|qu|MULTI|doctor,pollinations/flux|qu|MULTI|doctor,pollinations_flux__doctor__202625140100006,202625140100006,hampi kamayuq,ok,10,0,10,robustness|pollinations/flux|qu,3,4,local,images/main/metadata_local_<run_id>.parquet,images/main
robustness,pollinations/flux,pollinations,qu,MULTI,doctor,pollinations/flux|qu|MULTI|doctor,pollinations/flux|qu|MULTI|doctor,pollinations_flux__doctor__202625140100007,202625140100007,hampi kamayuq,ok,10,0,10,robustness|pollinations/flux|qu,2,4,local,images/main/metadata_local_<run_id>.parquet,images/main
robustness,pollinations/flux,pollinations,qu,MULTI,doctor,pollinations/flux|qu|MULTI|doctor,pollinations/flux|qu|MULTI|doctor,pollinations_flux__doctor__202625140100008,202625140100008,hampi kamayuq,ok,10,0,10,robustness|pollinations/flux|qu,1,4,local,images/main/metadata_local_<run_id>.parquet,images/main
robustness,pollinations/flux,pollinations,qu,MULTI,doctor,pollinations/flux|qu|MULTI|doctor,pollinations/flux|qu|MULTI|doctor,pollinations_flux__doctor__202625140100009,202625140100009,hampi kamayuq,ok,10,0,10,robustness|pollinations/flux|qu,0,4,local,images/main/metadata_local_<run_id>.parquet,images/main
robustness,stabilityai/stable-diffusion-3.5-medium,local_diffusers,qu,MULTI,doctor,stabilityai/stable-diffusion-3.5-medium|qu|MULTI|doctor,stabilityai/stable-diffusion-3.5-medium|qu|MULTI|doctor,stabilityai_stable-diffusion-3.5-medium__doctor__202625140103000,202625140103000,hampi kamayuq,ok,10,0,10,robustness|stabilityai/stable-diffusion-3.5-medium|qu,2,4,colab,images/main/metadata_colab_<run_id>.parquet,images/main
robustness,stabilityai/stable-diffusion-3.5-medium,local_diffusers,qu,MULTI,doctor,stabilityai/stable-diffusion-3.5-medium|qu|MULTI|doctor,stabilityai/stable-diffusion-3.5-medium|qu|MULTI|doctor,stabilityai_stable-diffusion-3.5-medium__doctor__202625140103001,202625140103001,hampi kamayuq,ok,10,0,10,robustness|stabilityai/stable-diffusion-3.5-medium|qu,1,4,colab,images/main/metadata_colab_<run_id>.parquet,images/main
robustness,stabilityai/stable-diffusion-3.5-medium,local_diffusers,qu,MULTI,doctor,stabilityai/stable-diffusion-3.5-medium|qu|MULTI|doctor,stabilityai/stable-diffusion-3.5-medium|qu|MULTI|doctor,stabilityai_stable-diffusion-3.5-medium__doctor__202625140103002,202625140103002,hampi kamayuq,ok,10,0,10,robustness|stabilityai/stable-diffusion-3.5-medium|qu,0,4,colab,images/main/metadata_colab_<run_id>.parquet,images/main
robustness,stabilityai/stable-diffusion-3.5-medium,local_diffusers,qu,MULTI,doctor,stabilityai/stable-diffusion-3.5-medium|qu|MULTI|doctor,stabilityai/stable-diffusion-3.5-medium|qu|MULTI|doctor,stabilityai_stable-diffusion-3.5-medium__doctor__202625140103003,202625140103003,hampi kamayuq,ok,10,0,10,robustness|stabilityai/stable-diffusion-3.5-medium|qu,1,4,colab,images/main/metadata_colab_<run_id>.parquet,images/main
robustness,stabilityai/stable-diffusion-3.5-medium,local_diffusers,qu,MULTI,doctor,stabilityai/stable-diffusion-3.5-medium|qu|MULTI|doctor,stabilityai/stable-diffusion-3.5-medium|qu|MULTI|doctor,stabilityai_stable-diffusion-3.5-medium__doctor__202625140103004,202625140103004,hampi kamayuq,ok,10,0,10,robustness|stabilityai/stable-diffusion-3.5-medium|qu,0,4,colab,images/main/metadata_colab_<run_id>.parquet,images/main
robustness,stabilityai/stable-diffusion-3.5-medium,local_diffusers,qu,MULTI,doctor,stabilityai/stable-diffusion-3.5-medium|qu|MULTI|doctor,stabilityai/stable-diffusion-3.5-medium|qu|MULTI|doctor,stabilityai_stable-diffusion-3.5-medium__doctor__202625140103005,202625140103005,hampi kamayuq,ok,10,0,10,robustness|stabilityai/stable-diffusion-3.5-medium|qu,0,4,colab,images/main/metadata_colab_<run_id>.parquet,images/main
robustness,stabilityai/stable-diffusion-3.5-medium,local_diffusers,qu,MULTI,doctor,stabilityai/stable-diffusion-3.5-medium|qu|MULTI|doctor,stabilityai/stable-diffusion-3.5-medium|qu|MULTI|doctor,stabilityai_stable-diffusion-3.5-medium__doctor__202625140103006,202625140103006,hampi kamayuq,ok,10,0,10,robustness|stabilityai/stable-diffusion-3.5-medium|qu,2,4,colab,images/main/metadata_colab_<run_id>.parquet,images/main
robustness,stabilityai/stable-diffusion-3.5-medium,local_diffusers,qu,MULTI,doctor,stabilityai/stable-diffusion-3.5-medium|qu|MULTI|doctor,stabilityai/stable-diffusion-3.5-medium|qu|MULTI|doctor,stabilityai_stable-diffusion-3.5-medium__doctor__202625140103007,202625140103007,hampi kamayuq,ok,10,0,10,robustness|stabilityai/stable-diffusion-3.5-medium|qu,3,4,colab,images/main/metadata_colab_<run_id>.parquet,images/main
robustness,stabilityai/stable-diffusion-3.5-medium,local_diffusers,qu,MULTI,doctor,stabilityai/stable-diffusion-3.5-medium|qu|MULTI|doctor,stabilityai/stable-diffusion-3.5-medium|qu|MULTI|doctor,stabilityai_stable-diffusion-3.5-medium__doctor__202625140103008,202625140103008,hampi kamayuq,ok,10,0,10,robustness|stabilityai/stable-diffusion-3.5-medium|qu,3,4,colab,images/main/metadata_colab_<run_id>.parquet,images/main
robustness,stabilityai/stable-diffusion-3.5-medium,local_diffusers,qu,MULTI,doctor,stabilityai/stable-diffusion-3.5-medium|qu|MULTI|doctor,stabilityai/stable-diffusion-3.5-medium|qu|MULTI|doctor,stabilityai_stable-diffusion-3.5-medium__doctor__202625140103009,202625140103009,hampi kamayuq,ok,10,0,10,robustness|stabilityai/stable-diffusion-3.5-medium|qu,0,4,colab,images/main/metadata_colab_<run_id>.parquet,images/main
robustness,pollinations/flux,pollinations,gn,MULTI,doctor,pollinations/flux|gn|MULTI|doctor,pollinations/flux|gn|MULTI|doctor,pollinations_flux__doctor__202625140110000,202625140110000,pohanohára,ok,10,0,10,robustness|pollinations/flux|gn,2,4,local,images/main/metadata_local_<run_id>.parquet,images/main
robustness,pollinations/flux,pollinations,gn,MULTI,doctor,pollinations/flux|gn|MULTI|doctor,pollinations/flux|gn|MULTI|doctor,pollinations_flux__doctor__202625140110001,202625140110001,pohanohára,ok,10,0,10,robustness|pollinations/flux|gn,1,4,local,images/main/metadata_local_<run_id>.parquet,images/main
robustness,pollinations/flux,pollinations,gn,MULTI,doctor,pollinations/flux|gn|MULTI|doctor,pollinations/flux|gn|MULTI|doctor,pollinations_flux__doctor__202625140110002,202625140110002,pohanohára,ok,10,0,10,robustness|pollinations/flux|gn,1,4,local,images/main/metadata_local_<run_id>.parquet,images/main
robustness,pollinations/flux,pollinations,gn,MULTI,doctor,pollinations/flux|gn|MULTI|doctor,pollinations/flux|gn|MULTI|doctor,pollinations_flux__doctor__202625140110003,202625140110003,pohanohára,ok,10,0,10,robustness|pollinations/flux|gn,3,4,local,images/main/metadata_local_<run_id>.parquet,images/main
robustness,pollinations/flux,pollinations,gn,MULTI,doctor,pollinations/flux|gn|MULTI|doctor,pollinations/flux|gn|MULTI|doctor,pollinations_flux__doctor__202625140110004,202625140110004,pohanohára,ok,10,0,10,robustness|pollinations/flux|gn,3,4,local,images/main/metadata_local_<run_id>.parquet,images/main
robustness,pollinations/flux,pollinations,gn,MULTI,doctor,pollinations/flux|gn|MULTI|doctor,pollinations/flux|gn|MULTI|doctor,pollinations_flux__doctor__202625140110005,202625140110005,pohanohára,ok,10,0,10,robustness|pollinations/flux|gn,0,4,local,images/main/metadata_local_<run_id>.parquet,images/main
robustness,pollinations/flux,pollinations,gn,MULTI,doctor,pollinations/flux|gn|MULTI|doctor,pollinations/flux|gn|MULTI|doctor,pollinations_flux__doctor__202625140110006,202625140110006,pohanohára,ok,10,0,10,robustness|pollinations/flux|gn,3,4,local,images/main/metadata_local_<run_id>.parquet,images/main
robustness,pollinations/flux,pollinations,gn,MULTI,doctor,pollinations/flux|gn|MULTI|doctor,pollinations/flux|gn|MULTI|doctor,pollinations_flux__doctor__202625140110007,202625140110007,pohanohára,ok,10,0,10,robustness|pollinations/flux|gn,3,4,local,images/main/metadata_local_<run_id>.parquet,images/main
robustness,pollinations/flux,pollinations,gn,MULTI,doctor,pollinations/flux|gn|MULTI|doctor,pollinations/flux|gn|MULTI|doctor,pollinations_flux__doctor__202625140110008,202625140110008,pohanohára,ok,10,0,10,robustness|pollinations/flux|gn,3,4,local,images/main/metadata_local_<run_id>.parquet,images/main
robustness,pollinations/flux,pollinations,gn,MULTI,doctor,pollinations/flux|gn|MULTI|doctor,pollinations/flux|gn|MULTI|doctor,pollinations_flux__doctor__202625140110009,202625140110009,pohanohára,ok,10,0,10,robustness|pollinations/flux|gn,2,4,local,images/main/metadata_local_<run_id>.parquet,images/main
robustness,stabilityai/stable-diffusion-3.5-medium,local_diffusers,gn,MULTI,doctor,stabilityai/stable-diffusion-3.5-medium|gn|MULTI|doctor,stabilityai/stable-diffusion-3.5-medium|gn|MULTI|doctor,stabilityai_stable-diffusion-3.5-medium__doctor__202625140113000,202625140113000,pohanohára,ok,10,0,10,robustness|stabilityai/stable-diffusion-3.5-medium|gn,1,4,colab,images/main/metadata_colab_<run_id>.parquet,images/main
robustness,stabilityai/stable-diffusion-3.5-medium,local_diffusers,gn,MULTI,doctor,stabilityai/stable-diffusion-3.5-medium|gn|MULTI|doctor,stabilityai/stable-diffusion-3.5-medium|gn|MULTI|doctor,stabilityai_stable-diffusion-3.5-medium__doctor__202625140113001,202625140113001,pohanohára,ok,10,0,10,robustness|stabilityai/stable-diffusion-3.5-medium|gn,2,4,colab,images/main/metadata_colab_<run_id>.parquet,images/main
robustness,stabilityai/stable-diffusion-3.5-medium,local_diffusers,gn,MULTI,doctor,stabilityai/stable-diffusion-3.5-medium|gn|MULTI|doctor,stabilityai/stable-diffusion-3.5-medium|gn|MULTI|doctor,stabilityai_stable-diffusion-3.5-medium__doctor__202625140113002,202625140113002,pohanohára,ok,10,0,10,robustness|stabilityai/stable-diffusion-3.5-medium|gn,3,4,colab,images/main/metadata_colab_<run_id>.parquet,images/main
robustness,stabilityai/stable-diffusion-3.5-medium,local_diffusers,gn,MULTI,doctor,stabilityai/stable-diffusion-3.5-medium|gn|MULTI|doctor,stabilityai/stable-diffusion-3.5-medium|gn|MULTI|doctor,stabilityai_stable-diffusion-3.5-medium__doctor__202625140113003,202625140113003,pohanohára,ok,10,0,10,robustness|stabilityai/stable-diffusion-3.5-medium|gn,1,4,colab,images/main/metadata_colab_<run_id>.parquet,images/main
robustness,stabilityai/stable-diffusion-3.5-medium,local_diffusers,gn,MULTI,doctor,stabilityai/stable-diffusion-3.5-medium|gn|MULTI|doctor,stabilityai/stable-diffusion-3.5-medium|gn|MULTI|doctor,stabilityai_stable-diffusion-3.5-medium__doctor__202625140113004,202625140113004,pohanohára,ok,10,0,10,robustness|stabilityai/stable-diffusion-3.5-medium|gn,2,4,colab,images/main/metadata_colab_<run_id>.parquet,images/main
robustness,stabilityai/stable-diffusion-3.5-medium,local_diffusers,gn,MULTI,doctor,stabilityai/stable-diffusion-3.5-medium|gn|MULTI|doctor,stabilityai/stable-diffusion-3.5-medium|gn|MULTI|doctor,stabilityai_stable-diffusion-3.5-medium__doctor__202625140113005,202625140113005,pohanohára,ok,10,0,10,robustness|stabilityai/stable-diffusion-3.5-medium|gn,1,4,colab,images/main/metadata_colab_<run_id>.parquet,images/main
robustness,stabilityai/stable-diffusion-3.5-medium,local_diffusers,gn,MULTI,doctor,stabilityai/stable-diffusion-3.5-medium|gn|MULTI|doctor,stabilityai/stable-diffusion-3.5-medium|gn|MULTI|doctor,stabilityai_stable-diffusion-3.5-medium__doctor__202625140113006,202625140113006,pohanohára,ok,10,0,10,robustness|stabilityai/stable-diffusion-3.5-medium|gn,3,4,colab,images/main/metadata_colab_<run_id>.parquet,images/main
robustness,stabilityai/stable-diffusion-3.5-medium,local_diffusers,gn,MULTI,doctor,stabilityai/stable-diffusion-3.5-medium|gn|MULTI|doctor,stabilityai/stable-diffusion-3.5-medium|gn|MULTI|doctor,stabilityai_stable-diffusion-3.5-medium__doctor__202625140113007,202625140113007,pohanohára,ok,10,0,10,robustness|stabilityai/stable-diffusion-3.5-medium|gn,0,4,colab,images/main/metadata_colab_<run_id>.parquet,images/main
robustness,stabilityai/stable-diffusion-3.5-medium,local_diffusers,gn,MULTI,doctor,stabilityai/stable-diffusion-3.5-medium|gn|MULTI|doctor,stabilityai/stable-diffusion-3.5-medium|gn|MULTI|doctor,stabilityai_stable-diffusion-3.5-medium__doctor__202625140113008,202625140113008,pohanohára,ok,10,0,10,robustness|stabilityai/stable-diffusion-3.5-medium|gn,1,4,colab,images/main/metadata_colab_<run_id>.parquet,images/main
robustness,stabilityai/stable-diffusion-3.5-medium,local_diffusers,gn,MULTI,doctor,stabilityai/stable-diffusion-3.5-medium|gn|MULTI|doctor,stabilityai/stable-diffusion-3.5-medium|gn|MULTI|doctor,stabilityai_stable-diffusion-3.5-medium__doctor__202625140113009,202625140113009,pohanohára,ok,10,0,10,robustness|stabilityai/stable-diffusion-3.5-medium|gn,1,4,colab,images/main/metadata_colab_<run_id>.parquet,images/main
robustness,pollinations/flux,pollinations,qu,MULTI,lawyer,pollinations/flux|qu|MULTI|lawyer,pollinations/flux|qu|MULTI|lawyer,pollinations_flux__lawyer__202625140200000,202625140200000,rimapakuq,ok,10,0,10,robustness|pollinations/flux|qu,1,4,local,images/main/metadata_local_<run_id>.parquet,images/main
robustness,pollinations/flux,pollinations,qu,MULTI,lawyer,pollinations/flux|qu|MULTI|lawyer,pollinations/flux|qu|MULTI|lawyer,pollinations_flux__lawyer__202625140200001,202625140200001,rimapakuq,ok,10,0,10,robustness|pollinations/flux|qu,0,4,local,images/main/metadata_local_<run_id>.parquet,images/main
robustness,pollinations/flux,pollinations,qu,MULTI,lawyer,pollinations/flux|qu|MULTI|lawyer,pollinations/flux|qu|MULTI|lawyer,pollinations_flux__lawyer__202625140200002,202625140200002,rimapakuq,ok,10,0,10,robustness|pollinations/flux|qu,2,4,local,images/main/metadata_local_<run_id>.parquet,images/main
robustness,pollinations/flux,pollinations,qu,MULTI,lawyer,pollinations/flux|qu|MULTI|lawyer,pollinations/flux|qu|MULTI|lawyer,pollinations_flux__lawyer__202625140200003,202625140200003,rimapakuq,ok,10,0,10,robustness|pollinations/flux|qu,1,4,local,images/main/metadata_local_<run_id>.parquet,images/main
robustness,pollinations/flux,pollinations,qu,MULTI,lawyer,pollinations/flux|qu|MULTI|lawyer,pollinations/flux|qu|MULTI|lawyer,pollinations_flux__lawyer__202625140200004,202625140200004,rimapakuq,ok,10,0,10,robustness|pollinations/flux|qu,0,4,local,images/main/metadata_local_<run_id>.parquet,images/main
robustness,pollinations/flux,pollinations,qu,MULTI,lawyer,pollinations/flux|qu|MULTI|lawyer,pollinations/flux|qu|MULTI|lawyer,pollinations_flux__lawyer__202625140200005,202625140200005,rimapakuq,ok,10,0,10,robustness|pollinations/flux|qu,1,4,local,images/main/metadata_local_<run_id>.parquet,images/main
robustness,pollinations/flux,pollinations,qu,MULTI,lawyer,pollinations/flux|qu|MULTI|lawyer,pollinations/flux|qu|MULTI|lawyer,pollinations_flux__lawyer__202625140200006,202625140200006,rimapakuq,ok,10,0,10,robustness|pollinations/flux|qu,2,4,local,images/main/metadata_local_<run_id>.parquet,images/main
robustness,pollinations/flux,pollinations,qu,MULTI,lawyer,pollinations/flux|qu|MULTI|lawyer,pollinations/flux|qu|MULTI|lawyer,pollinations_flux__lawyer__202625140200007,202625140200007,rimapakuq,ok,10,0,10,robustness|pollinations/flux|qu,3,4,local,images/main/metadata_local_<run_id>.parquet,images/main
robustness,pollinations/flux,pollinations,qu,MULTI,lawyer,pollinations/flux|qu|MULTI|lawyer,pollinations/flux|qu|MULTI|lawyer,pollinations_flux__lawyer__202625140200008,202625140200008,rimapakuq,ok,10,0,10,robustness|pollinations/flux|qu,0,4,local,images/main/metadata_local_<run_id>.parquet,images/main
robustness,pollinations/flux,pollinations,qu,MULTI,lawyer,pollinations/flux|qu|MULTI|lawyer,pollinations/flux|qu|MULTI|lawyer,pollinations_flux__lawyer__202625140200009,202625140200009,rimapakuq,ok,10,0,10,robustness|pollinations/flux|qu,3,4,local,images/main/metadata_local_<run_id>.parquet,images/main
robustness,stabilityai/stable-diffusion-3.5-medium,local_diffusers,qu,MULTI,lawyer,stabilityai/stable-diffusion-3.5-medium|qu|MULTI|lawyer,stabilityai/stable-diffusion-3.5-medium|qu|MULTI|lawyer,stabilityai_stable-diffusion-3.5-medium__lawyer__202625140203000,202625140203000,rimapakuq,ok,10,0,10,robustness|stabilityai/stable-diffusion-3.5-medium|qu,0,4,colab,images/main/metadata_colab_<run_id>.parquet,images/main
robustness,stabilityai/stable-diffusion-3.5-medium,local_diffusers,qu,MULTI,lawyer,stabilityai/stable-diffusion-3.5-medium|qu|MULTI|lawyer,stabilityai/stable-diffusion-3.5-medium|qu|MULTI|lawyer,stabilityai_stable-diffusion-3.5-medium__lawyer__202625140203001,202625140203001,rimapakuq,ok,10,0,10,robustness|stabilityai/stable-diffusion-3.5-medium|qu,1,4,colab,images/main/metadata_colab_<run_id>.parquet,images/main
robustness,stabilityai/stable-diffusion-3.5-medium,local_diffusers,qu,MULTI,lawyer,stabilityai/stable-diffusion-3.5-medium|qu|MULTI|lawyer,stabilityai/stable-diffusion-3.5-medium|qu|MULTI|lawyer,stabilityai_stable-diffusion-3.5-medium__lawyer__202625140203002,202625140203002,rimapakuq,ok,10,0,10,robustness|stabilityai/stable-diffusion-3.5-medium|qu,1,4,colab,images/main/metadata_colab_<run_id>.parquet,images/main
robustness,stabilityai/stable-diffusion-3.5-medium,local_diffusers,qu,MULTI,lawyer,stabilityai/stable-diffusion-3.5-medium|qu|MULTI|lawyer,stabilityai/stable-diffusion-3.5-medium|qu|MULTI|lawyer,stabilityai_stable-diffusion-3.5-medium__lawyer__202625140203003,202625140203003,rimapakuq,ok,10,0,10,robustness|stabilityai/stable-diffusion-3.5-medium|qu,1,4,colab,images/main/metadata_colab_<run_id>.parquet,images/main
robustness,stabilityai/stable-diffusion-3.5-medium,local_diffusers,qu,MULTI,lawyer,stabilityai/stable-diffusion-3.5-medium|qu|MULTI|lawyer,stabilityai/stable-diffusion-3.5-medium|qu|MULTI|lawyer,stabilityai_stable-diffusion-3.5-medium__lawyer__202625140203004,202625140203004,rimapakuq,ok,10,0,10,robustness|stabilityai/stable-diffusion-3.5-medium|qu,2,4,colab,images/main/metadata_colab_<run_id>.parquet,images/main
robustness,stabilityai/stable-diffusion-3.5-medium,local_diffusers,qu,MULTI,lawyer,stabilityai/stable-diffusion-3.5-medium|qu|MULTI|lawyer,stabilityai/stable-diffusion-3.5-medium|qu|MULTI|lawyer,stabilityai_stable-diffusion-3.5-medium__lawyer__202625140203005,202625140203005,rimapakuq,ok,10,0,10,robustness|stabilityai/stable-diffusion-3.5-medium|qu,2,4,colab,images/main/metadata_colab_<run_id>.parquet,images/main
robustness,stabilityai/stable-diffusion-3.5-medium,local_diffusers,qu,MULTI,lawyer,stabilityai/stable-diffusion-3.5-medium|qu|MULTI|lawyer,stabilityai/stable-diffusion-3.5-medium|qu|MULTI|lawyer,stabilityai_stable-diffusion-3.5-medium__lawyer__202625140203006,202625140203006,rimapakuq,ok,10,0,10,robustness|stabilityai/stable-diffusion-3.5-medium|qu,1,4,colab,images/main/metadata_colab_<run_id>.parquet,images/main
robustness,stabilityai/stable-diffusion-3.5-medium,local_diffusers,qu,MULTI,lawyer,stabilityai/stable-diffusion-3.5-medium|qu|MULTI|lawyer,stabilityai/stable-diffusion-3.5-medium|qu|MULTI|lawyer,stabilityai_stable-diffusion-3.5-medium__lawyer__202625140203007,202625140203007,rimapakuq,ok,10,0,10,robustness|stabilityai/stable-diffusion-3.5-medium|qu,0,4,colab,images/main/metadata_colab_<run_id>.parquet,images/main
robustness,stabilityai/stable-diffusion-3.5-medium,local_diffusers,qu,MULTI,lawyer,stabilityai/stable-diffusion-3.5-medium|qu|MULTI|lawyer,stabilityai/stable-diffusion-3.5-medium|qu|MULTI|lawyer,stabilityai_stable-diffusion-3.5-medium__lawyer__202625140203008,202625140203008,rimapakuq,ok,10,0,10,robustness|stabilityai/stable-diffusion-3.5-medium|qu,3,4,colab,images/main/metadata_colab_<run_id>.parquet,images/main
robustness,stabilityai/stable-diffusion-3.5-medium,local_diffusers,qu,MULTI,lawyer,stabilityai/stable-diffusion-3.5-medium|qu|MULTI|lawyer,stabilityai/stable-diffusion-3.5-medium|qu|MULTI|lawyer,stabilityai_stable-diffusion-3.5-medium__lawyer__202625140203009,202625140203009,rimapakuq,ok,10,0,10,robustness|stabilityai/stable-diffusion-3.5-medium|qu,2,4,colab,images/main/metadata_colab_<run_id>.parquet,images/main
robustness,pollinations/flux,pollinations,gn,MULTI,lawyer,pollinations/flux|gn|MULTI|lawyer,pollinations/flux|gn|MULTI|lawyer,pollinations_flux__lawyer__202625140210000,202625140210000,moʼãhára,ok,10,0,10,robustness|pollinations/flux|gn,3,4,local,images/main/metadata_local_<run_id>.parquet,images/main
robustness,pollinations/flux,pollinations,gn,MULTI,lawyer,pollinations/flux|gn|MULTI|lawyer,pollinations/flux|gn|MULTI|lawyer,pollinations_flux__lawyer__202625140210001,202625140210001,moʼãhára,ok,10,0,10,robustness|pollinations/flux|gn,1,4,local,images/main/metadata_local_<run_id>.parquet,images/main
robustness,pollinations/flux,pollinations,gn,MULTI,lawyer,pollinations/flux|gn|MULTI|lawyer,pollinations/flux|gn|MULTI|lawyer,pollinations_flux__lawyer__202625140210002,202625140210002,moʼãhára,ok,10,0,10,robustness|pollinations/flux|gn,0,4,local,images/main/metadata_local_<run_id>.parquet,images/main
robustness,pollinations/flux,pollinations,gn,MULTI,lawyer,pollinations/flux|gn|MULTI|lawyer,pollinations/flux|gn|MULTI|lawyer,pollinations_flux__lawyer__202625140210003,202625140210003,moʼãhára,ok,10,0,10,robustness|pollinations/flux|gn,3,4,local,images/main/metadata_local_<run_id>.parquet,images/main
robustness,pollinations/flux,pollinations,gn,MULTI,lawyer,pollinations/flux|gn|MULTI|lawyer,pollinations/flux|gn|MULTI|lawyer,pollinations_flux__lawyer__202625140210004,202625140210004,moʼãhára,ok,10,0,10,robustness|pollinations/flux|gn,3,4,local,images/main/metadata_local_<run_id>.parquet,images/main
robustness,pollinations/flux,pollinations,gn,MULTI,lawyer,pollinations/flux|gn|MULTI|lawyer,pollinations/flux|gn|MULTI|lawyer,pollinations_flux__lawyer__202625140210005,202625140210005,moʼãhára,ok,10,0,10,robustness|pollinations/flux|gn,1,4,local,images/main/metadata_local_<run_id>.parquet,images/main
robustness,pollinations/flux,pollinations,gn,MULTI,lawyer,pollinations/flux|gn|MULTI|lawyer,pollinations/flux|gn|MULTI|lawyer,pollinations_flux__lawyer__202625140210006,202625140210006,moʼãhára,ok,10,0,10,robustness|pollinations/flux|gn,0,4,local,images/main/metadata_local_<run_id>.parquet,images/main
robustness,pollinations/flux,pollinations,gn,MULTI,lawyer,pollinations/flux|gn|MULTI|lawyer,pollinations/flux|gn|MULTI|lawyer,pollinations_flux__lawyer__202625140210007,202625140210007,moʼãhára,ok,10,0,10,robustness|pollinations/flux|gn,2,4,local,images/main/metadata_local_<run_id>.parquet,images/main
robustness,pollinations/flux,pollinations,gn,MULTI,lawyer,pollinations/flux|gn|MULTI|lawyer,pollinations/flux|gn|MULTI|lawyer,pollinations_flux__lawyer__202625140210008,202625140210008,moʼãhára,ok,10,0,10,robustness|pollinations/flux|gn,3,4,local,images/main/metadata_local_<run_id>.parquet,images/main
robustness,pollinations/flux,pollinations,gn,MULTI,lawyer,pollinations/flux|gn|MULTI|lawyer,pollinations/flux|gn|MULTI|lawyer,pollinations_flux__lawyer__202625140210009,202625140210009,moʼãhára,ok,10,0,10,robustness|pollinations/flux|gn,3,4,local,images/main/metadata_local_<run_id>.parquet,images/main
robustness,stabilityai/stable-diffusion-3.5-medium,local_diffusers,gn,MULTI,lawyer,stabilityai/stable-diffusion-3.5-medium|gn|MULTI|lawyer,stabilityai/stable-diffusion-3.5-medium|gn|MULTI|lawyer,stabilityai_stable-diffusion-3.5-medium__lawyer__202625140213000,202625140213000,moʼãhára,ok,10,0,10,robustness|stabilityai/stable-diffusion-3.5-medium|gn,0,4,colab,images/main/metadata_colab_<run_id>.parquet,images/main
robustness,stabilityai/stable-diffusion-3.5-medium,local_diffusers,gn,MULTI,lawyer,stabilityai/stable-diffusion-3.5-medium|gn|MULTI|lawyer,stabilityai/stable-diffusion-3.5-medium|gn|MULTI|lawyer,stabilityai_stable-diffusion-3.5-medium__lawyer__202625140213001,202625140213001,moʼãhára,ok,10,0,10,robustness|stabilityai/stable-diffusion-3.5-medium|gn,0,4,colab,images/main/metadata_colab_<run_id>.parquet,images/main
robustness,stabilityai/stable-diffusion-3.5-medium,local_diffusers,gn,MULTI,lawyer,stabilityai/stable-diffusion-3.5-medium|gn|MULTI|lawyer,stabilityai/stable-diffusion-3.5-medium|gn|MULTI|lawyer,stabilityai_stable-diffusion-3.5-medium__lawyer__202625140213002,202625140213002,moʼãhára,ok,10,0,10,robustness|stabilityai/stable-diffusion-3.5-medium|gn,0,4,colab,images/main/metadata_colab_<run_id>.parquet,images/main
robustness,stabilityai/stable-diffusion-3.5-medium,local_diffusers,gn,MULTI,lawyer,stabilityai/stable-diffusion-3.5-medium|gn|MULTI|lawyer,stabilityai/stable-diffusion-3.5-medium|gn|MULTI|lawyer,stabilityai_stable-diffusion-3.5-medium__lawyer__202625140213003,202625140213003,moʼãhára,ok,10,0,10,robustness|stabilityai/stable-diffusion-3.5-medium|gn,1,4,colab,images/main/metadata_colab_<run_id>.parquet,images/main
robustness,stabilityai/stable-diffusion-3.5-medium,local_diffusers,gn,MULTI,lawyer,stabilityai/stable-diffusion-3.5-medium|gn|MULTI|lawyer,stabilityai/stable-diffusion-3.5-medium|gn|MULTI|lawyer,stabilityai_stable-diffusion-3.5-medium__lawyer__202625140213004,202625140213004,moʼãhára,ok,10,0,10,robustness|stabilityai/stable-diffusion-3.5-medium|gn,3,4,colab,images/main/metadata_colab_<run_id>.parquet,images/main
robustness,stabilityai/stable-diffusion-3.5-medium,local_diffusers,gn,MULTI,lawyer,stabilityai/stable-diffusion-3.5-medium|gn|MULTI|lawyer,stabilityai/stable-diffusion-3.5-medium|gn|MULTI|lawyer,stabilityai_stable-diffusion-3.5-medium__lawyer__202625140213005,202625140213005,moʼãhára,ok,10,0,10,robustness|stabilityai/stable-diffusion-3.5-medium|gn,2,4,colab,images/main/metadata_colab_<run_id>.parquet,images/main
robustness,stabilityai/stable-diffusion-3.5-medium,local_diffusers,gn,MULTI,lawyer,stabilityai/stable-diffusion-3.5-medium|gn|MULTI|lawyer,stabilityai/stable-diffusion-3.5-medium|gn|MULTI|lawyer,stabilityai_stable-diffusion-3.5-medium__lawyer__202625140213006,202625140213006,moʼãhára,ok,10,0,10,robustness|stabilityai/stable-diffusion-3.5-medium|gn,1,4,colab,images/main/metadata_colab_<run_id>.parquet,images/main
robustness,stabilityai/stable-diffusion-3.5-medium,local_diffusers,gn,MULTI,lawyer,stabilityai/stable-diffusion-3.5-medium|gn|MULTI|lawyer,stabilityai/stable-diffusion-3.5-medium|gn|MULTI|lawyer,stabilityai_stable-diffusion-3.5-medium__lawyer__202625140213007,202625140213007,moʼãhára,ok,10,0,10,robustness|stabilityai/stable-diffusion-3.5-medium|gn,1,4,colab,images/main/metadata_colab_<run_id>.parquet,images/main
robustness,stabilityai/stable-diffusion-3.5-medium,local_diffusers,gn,MULTI,lawyer,stabilityai/stable-diffusion-3.5-medium|gn|MULTI|lawyer,stabilityai/stable-diffusion-3.5-medium|gn|MULTI|lawyer,stabilityai_stable-diffusion-3.5-medium__lawyer__202625140213008,202625140213008,moʼãhára,ok,10,0,10,robustness|stabilityai/stable-diffusion-3.5-medium|gn,2,4,colab,images/main/metadata_colab_<run_id>.parquet,images/main
robustness,stabilityai/stable-diffusion-3.5-medium,local_diffusers,gn,MULTI,lawyer,stabilityai/stable-diffusion-3.5-medium|gn|MULTI|lawyer,stabilityai/stable-diffusion-3.5-medium|gn|MULTI|lawyer,stabilityai_stable-diffusion-3.5-medium__lawyer__202625140213009,202625140213009,moʼãhára,ok,10,0,10,robustness|stabilityai/stable-diffusion-3.5-medium|gn,1,4,colab,images/main/metadata_colab_<run_id>.parquet,images/main
robustness,pollinations/flux,pollinations,qu,MULTI,nurse,pollinations/flux|qu|MULTI|nurse,pollinations/flux|qu|MULTI|nurse,pollinations_flux__nurse__202625140300000,202625140300000,,unavailable:ValueError:no documented qu translation for occupation 'nurse',10,0,10,robustness|pollinations/flux|qu,0,4,local,images/main/metadata_local_<run_id>.parquet,images/main
robustness,pollinations/flux,pollinations,qu,MULTI,nurse,pollinations/flux|qu|MULTI|nurse,pollinations/flux|qu|MULTI|nurse,pollinations_flux__nurse__202625140300001,202625140300001,,unavailable:ValueError:no documented qu translation for occupation 'nurse',10,0,10,robustness|pollinations/flux|qu,0,4,local,images/main/metadata_local_<run_id>.parquet,images/main
robustness,pollinations/flux,pollinations,qu,MULTI,nurse,pollinations/flux|qu|MULTI|nurse,pollinations/flux|qu|MULTI|nurse,pollinations_flux__nurse__202625140300002,202625140300002,,unavailable:ValueError:no documented qu translation for occupation 'nurse',10,0,10,robustness|pollinations/flux|qu,2,4,local,images/main/metadata_local_<run_id>.parquet,images/main
robustness,pollinations/flux,pollinations,qu,MULTI,nurse,pollinations/flux|qu|MULTI|nurse,pollinations/flux|qu|MULTI|nurse,pollinations_flux__nurse__202625140300003,202625140300003,,unavailable:ValueError:no documented qu translation for occupation 'nurse',10,0,10,robustness|pollinations/flux|qu,0,4,local,images/main/metadata_local_<run_id>.parquet,images/main
robustness,pollinations/flux,pollinations,qu,MULTI,nurse,pollinations/flux|qu|MULTI|nurse,pollinations/flux|qu|MULTI|nurse,pollinations_flux__nurse__202625140300004,202625140300004,,unavailable:ValueError:no documented qu translation for occupation 'nurse',10,0,10,robustness|pollinations/flux|qu,2,4,local,images/main/metadata_local_<run_id>.parquet,images/main
robustness,pollinations/flux,pollinations,qu,MULTI,nurse,pollinations/flux|qu|MULTI|nurse,pollinations/flux|qu|MULTI|nurse,pollinations_flux__nurse__202625140300005,202625140300005,,unavailable:ValueError:no documented qu translation for occupation 'nurse',10,0,10,robustness|pollinations/flux|qu,2,4,local,images/main/metadata_local_<run_id>.parquet,images/main
robustness,pollinations/flux,pollinations,qu,MULTI,nurse,pollinations/flux|qu|MULTI|nurse,pollinations/flux|qu|MULTI|nurse,pollinations_flux__nurse__202625140300006,202625140300006,,unavailable:ValueError:no documented qu translation for occupation 'nurse',10,0,10,robustness|pollinations/flux|qu,0,4,local,images/main/metadata_local_<run_id>.parquet,images/main
robustness,pollinations/flux,pollinations,qu,MULTI,nurse,pollinations/flux|qu|MULTI|nurse,pollinations/flux|qu|MULTI|nurse,pollinations_flux__nurse__202625140300007,202625140300007,,unavailable:ValueError:no documented qu translation for occupation 'nurse',10,0,10,robustness|pollinations/flux|qu,2,4,local,images/main/metadata_local_<run_id>.parquet,images/main
robustness,pollinations/flux,pollinations,qu,MULTI,nurse,pollinations/flux|qu|MULTI|nurse,pollinations/flux|qu|MULTI|nurse,pollinations_flux__nurse__202625140300008,202625140300008,,unavailable:ValueError:no documented qu translation for occupation 'nurse',10,0,10,robustness|pollinations/flux|qu,2,4,local,images/main/metadata_local_<run_id>.parquet,images/main
robustness,pollinations/flux,pollinations,qu,MULTI,nurse,pollinations/flux|qu|MULTI|nurse,pollinations/flux|qu|MULTI|nurse,pollinations_flux__nurse__202625140300009,202625140300009,,unavailable:ValueError:no documented qu translation for occupation 'nurse',10,0,10,robustness|pollinations/flux|qu,0,4,local,images/main/metadata_local_<run_id>.parquet,images/main
robustness,runwayml/stable-diffusion-v1-5,local_diffusers,qu,MULTI,nurse,runwayml/stable-diffusion-v1-5|qu|MULTI|nurse,runwayml/stable-diffusion-v1-5|qu|MULTI|nurse,runwayml_stable-diffusion-v1-5__nurse__202625140301000,202625140301000,,unavailable:ValueError:no documented qu translation for occupation 'nurse',10,0,10,robustness|runwayml/stable-diffusion-v1-5|qu,1,4,kaggle,images/main/metadata_kaggle_<run_id>.parquet,images/main
robustness,runwayml/stable-diffusion-v1-5,local_diffusers,qu,MULTI,nurse,runwayml/stable-diffusion-v1-5|qu|MULTI|nurse,runwayml/stable-diffusion-v1-5|qu|MULTI|nurse,runwayml_stable-diffusion-v1-5__nurse__202625140301001,202625140301001,,unavailable:ValueError:no documented qu translation for occupation 'nurse',10,0,10,robustness|runwayml/stable-diffusion-v1-5|qu,0,4,kaggle,images/main/metadata_kaggle_<run_id>.parquet,images/main
robustness,runwayml/stable-diffusion-v1-5,local_diffusers,qu,MULTI,nurse,runwayml/stable-diffusion-v1-5|qu|MULTI|nurse,runwayml/stable-diffusion-v1-5|qu|MULTI|nurse,runwayml_stable-diffusion-v1-5__nurse__202625140301002,202625140301002,,unavailable:ValueError:no documented qu translation for occupation 'nurse',10,0,10,robustness|runwayml/stable-diffusion-v1-5|qu,1,4,kaggle,images/main/metadata_kaggle_<run_id>.parquet,images/main
robustness,runwayml/stable-diffusion-v1-5,local_diffusers,qu,MULTI,nurse,runwayml/stable-diffusion-v1-5|qu|MULTI|nurse,runwayml/stable-diffusion-v1-5|qu|MULTI|nurse,runwayml_stable-diffusion-v1-5__nurse__202625140301003,202625140301003,,unavailable:ValueError:no documented qu translation for occupation 'nurse',10,0,10,robustness|runwayml/stable-diffusion-v1-5|qu,2,4,kaggle,images/main/metadata_kaggle_<run_id>.parquet,images/main
robustness,runwayml/stable-diffusion-v1-5,local_diffusers,qu,MULTI,nurse,runwayml/stable-diffusion-v1-5|qu|MULTI|nurse,runwayml/stable-diffusion-v1-5|qu|MULTI|nurse,runwayml_stable-diffusion-v1-5__nurse__202625140301004,202625140301004,,unavailable:ValueError:no documented qu translation for occupation 'nurse',10,0,10,robustness|runwayml/stable-diffusion-v1-5|qu,2,4,kaggle,images/main/metadata_kaggle_<run_id>.parquet,images/main
robustness,runwayml/stable-diffusion-v1-5,local_diffusers,qu,MULTI,nurse,runwayml/stable-diffusion-v1-5|qu|MULTI|nurse,runwayml/stable-diffusion-v1-5|qu|MULTI|nurse,runwayml_stable-diffusion-v1-5__nurse__202625140301005,202625140301005,,unavailable:ValueError:no documented qu translation for occupation 'nurse',10,0,10,robustness|runwayml/stable-diffusion-v1-5|qu,2,4,kaggle,images/main/metadata_kaggle_<run_id>.parquet,images/main
robustness,runwayml/stable-diffusion-v1-5,local_diffusers,qu,MULTI,nurse,runwayml/stable-diffusion-v1-5|qu|MULTI|nurse,runwayml/stable-diffusion-v1-5|qu|MULTI|nurse,runwayml_stable-diffusion-v1-5__nurse__202625140301006,202625140301006,,unavailable:ValueError:no documented qu translation for occupation 'nurse',10,0,10,robustness|runwayml/stable-diffusion-v1-5|qu,2,4,kaggle,images/main/metadata_kaggle_<run_id>.parquet,images/main
robustness,runwayml/stable-diffusion-v1-5,local_diffusers,qu,MULTI,nurse,runwayml/stable-diffusion-v1-5|qu|MULTI|nurse,runwayml/stable-diffusion-v1-5|qu|MULTI|nurse,runwayml_stable-diffusion-v1-5__nurse__202625140301007,202625140301007,,unavailable:ValueError:no documented qu translation for occupation 'nurse',10,0,10,robustness|runwayml/stable-diffusion-v1-5|qu,0,4,kaggle,images/main/metadata_kaggle_<run_id>.parquet,images/main
robustness,runwayml/stable-diffusion-v1-5,local_diffusers,qu,MULTI,nurse,runwayml/stable-diffusion-v1-5|qu|MULTI|nurse,runwayml/stable-diffusion-v1-5|qu|MULTI|nurse,runwayml_stable-diffusion-v1-5__nurse__202625140301008,202625140301008,,unavailable:ValueError:no documented qu translation for occupation 'nurse',10,0,10,robustness|runwayml/stable-diffusion-v1-5|qu,0,4,kaggle,images/main/metadata_kaggle_<run_id>.parquet,images/main
robustness,runwayml/stable-diffusion-v1-5,local_diffusers,qu,MULTI,nurse,runwayml/stable-diffusion-v1-5|qu|MULTI|nurse,runwayml/stable-diffusion-v1-5|qu|MULTI|nurse,runwayml_stable-diffusion-v1-5__nurse__202625140301009,202625140301009,,unavailable:ValueError:no documented qu translation for occupation 'nurse',10,0,10,robustness|runwayml/stable-diffusion-v1-5|qu,0,4,kaggle,images/main/metadata_kaggle_<run_id>.parquet,images/main
robustness,stabilityai/stable-diffusion-xl-base-1.0,local_diffusers,qu,MULTI,nurse,stabilityai/stable-diffusion-xl-base-1.0|qu|MULTI|nurse,stabilityai/stable-diffusion-xl-base-1.0|qu|MULTI|nurse,stabilityai_stable-diffusion-xl-base-1.0__nurse__202625140302000,202625140302000,,unavailable:ValueError:no documented qu translation for occupation 'nurse',10,0,10,robustness|stabilityai/stable-diffusion-xl-base-1.0|qu,0,4,kaggle,images/main/metadata_kaggle_<run_id>.parquet,images/main
robustness,stabilityai/stable-diffusion-xl-base-1.0,local_diffusers,qu,MULTI,nurse,stabilityai/stable-diffusion-xl-base-1.0|qu|MULTI|nurse,stabilityai/stable-diffusion-xl-base-1.0|qu|MULTI|nurse,stabilityai_stable-diffusion-xl-base-1.0__nurse__202625140302001,202625140302001,,unavailable:ValueError:no documented qu translation for occupation 'nurse',10,0,10,robustness|stabilityai/stable-diffusion-xl-base-1.0|qu,2,4,kaggle,images/main/metadata_kaggle_<run_id>.parquet,images/main
robustness,stabilityai/stable-diffusion-xl-base-1.0,local_diffusers,qu,MULTI,nurse,stabilityai/stable-diffusion-xl-base-1.0|qu|MULTI|nurse,stabilityai/stable-diffusion-xl-base-1.0|qu|MULTI|nurse,stabilityai_stable-diffusion-xl-base-1.0__nurse__202625140302002,202625140302002,,unavailable:ValueError:no documented qu translation for occupation 'nurse',10,0,10,robustness|stabilityai/stable-diffusion-xl-base-1.0|qu,1,4,kaggle,images/main/metadata_kaggle_<run_id>.parquet,images/main
robustness,stabilityai/stable-diffusion-xl-base-1.0,local_diffusers,qu,MULTI,nurse,stabilityai/stable-diffusion-xl-base-1.0|qu|MULTI|nurse,stabilityai/stable-diffusion-xl-base-1.0|qu|MULTI|nurse,stabilityai_stable-diffusion-xl-base-1.0__nurse__202625140302003,202625140302003,,unavailable:ValueError:no documented qu translation for occupation 'nurse',10,0,10,robustness|stabilityai/stable-diffusion-xl-base-1.0|qu,2,4,kaggle,images/main/metadata_kaggle_<run_id>.parquet,images/main
robustness,stabilityai/stable-diffusion-xl-base-1.0,local_diffusers,qu,MULTI,nurse,stabilityai/stable-diffusion-xl-base-1.0|qu|MULTI|nurse,stabilityai/stable-diffusion-xl-base-1.0|qu|MULTI|nurse,stabilityai_stable-diffusion-xl-base-1.0__nurse__202625140302004,202625140302004,,unavailable:ValueError:no documented qu translation for occupation 'nurse',10,0,10,robustness|stabilityai/stable-diffusion-xl-base-1.0|qu,2,4,kaggle,images/main/metadata_kaggle_<run_id>.parquet,images/main
robustness,stabilityai/stable-diffusion-xl-base-1.0,local_diffusers,qu,MULTI,nurse,stabilityai/stable-diffusion-xl-base-1.0|qu|MULTI|nurse,stabilityai/stable-diffusion-xl-base-1.0|qu|MULTI|nurse,stabilityai_stable-diffusion-xl-base-1.0__nurse__202625140302005,202625140302005,,unavailable:ValueError:no documented qu translation for occupation 'nurse',10,0,10,robustness|stabilityai/stable-diffusion-xl-base-1.0|qu,3,4,kaggle,images/main/metadata_kaggle_<run_id>.parquet,images/main
robustness,stabilityai/stable-diffusion-xl-base-1.0,local_diffusers,qu,MULTI,nurse,stabilityai/stable-diffusion-xl-base-1.0|qu|MULTI|nurse,stabilityai/stable-diffusion-xl-base-1.0|qu|MULTI|nurse,stabilityai_stable-diffusion-xl-base-1.0__nurse__202625140302006,202625140302006,,unavailable:ValueError:no documented qu translation for occupation 'nurse',10,0,10,robustness|stabilityai/stable-diffusion-xl-base-1.0|qu,2,4,kaggle,images/main/metadata_kaggle_<run_id>.parquet,images/main
robustness,stabilityai/stable-diffusion-xl-base-1.0,local_diffusers,qu,MULTI,nurse,stabilityai/stable-diffusion-xl-base-1.0|qu|MULTI|nurse,stabilityai/stable-diffusion-xl-base-1.0|qu|MULTI|nurse,stabilityai_stable-diffusion-xl-base-1.0__nurse__202625140302007,202625140302007,,unavailable:ValueError:no documented qu translation for occupation 'nurse',10,0,10,robustness|stabilityai/stable-diffusion-xl-base-1.0|qu,3,4,kaggle,images/main/metadata_kaggle_<run_id>.parquet,images/main
robustness,stabilityai/stable-diffusion-xl-base-1.0,local_diffusers,qu,MULTI,nurse,stabilityai/stable-diffusion-xl-base-1.0|qu|MULTI|nurse,stabilityai/stable-diffusion-xl-base-1.0|qu|MULTI|nurse,stabilityai_stable-diffusion-xl-base-1.0__nurse__202625140302008,202625140302008,,unavailable:ValueError:no documented qu translation for occupation 'nurse',10,0,10,robustness|stabilityai/stable-diffusion-xl-base-1.0|qu,1,4,kaggle,images/main/metadata_kaggle_<run_id>.parquet,images/main
robustness,stabilityai/stable-diffusion-xl-base-1.0,local_diffusers,qu,MULTI,nurse,stabilityai/stable-diffusion-xl-base-1.0|qu|MULTI|nurse,stabilityai/stable-diffusion-xl-base-1.0|qu|MULTI|nurse,stabilityai_stable-diffusion-xl-base-1.0__nurse__202625140302009,202625140302009,,unavailable:ValueError:no documented qu translation for occupation 'nurse',10,0,10,robustness|stabilityai/stable-diffusion-xl-base-1.0|qu,2,4,kaggle,images/main/metadata_kaggle_<run_id>.parquet,images/main
robustness,stabilityai/stable-diffusion-3.5-medium,local_diffusers,qu,MULTI,nurse,stabilityai/stable-diffusion-3.5-medium|qu|MULTI|nurse,stabilityai/stable-diffusion-3.5-medium|qu|MULTI|nurse,stabilityai_stable-diffusion-3.5-medium__nurse__202625140303000,202625140303000,,unavailable:ValueError:no documented qu translation for occupation 'nurse',10,0,10,robustness|stabilityai/stable-diffusion-3.5-medium|qu,0,4,colab,images/main/metadata_colab_<run_id>.parquet,images/main
robustness,stabilityai/stable-diffusion-3.5-medium,local_diffusers,qu,MULTI,nurse,stabilityai/stable-diffusion-3.5-medium|qu|MULTI|nurse,stabilityai/stable-diffusion-3.5-medium|qu|MULTI|nurse,stabilityai_stable-diffusion-3.5-medium__nurse__202625140303001,202625140303001,,unavailable:ValueError:no documented qu translation for occupation 'nurse',10,0,10,robustness|stabilityai/stable-diffusion-3.5-medium|qu,3,4,colab,images/main/metadata_colab_<run_id>.parquet,images/main
robustness,stabilityai/stable-diffusion-3.5-medium,local_diffusers,qu,MULTI,nurse,stabilityai/stable-diffusion-3.5-medium|qu|MULTI|nurse,stabilityai/stable-diffusion-3.5-medium|qu|MULTI|nurse,stabilityai_stable-diffusion-3.5-medium__nurse__202625140303002,202625140303002,,unavailable:ValueError:no documented qu translation for occupation 'nurse',10,0,10,robustness|stabilityai/stable-diffusion-3.5-medium|qu,1,4,colab,images/main/metadata_colab_<run_id>.parquet,images/main
robustness,stabilityai/stable-diffusion-3.5-medium,local_diffusers,qu,MULTI,nurse,stabilityai/stable-diffusion-3.5-medium|qu|MULTI|nurse,stabilityai/stable-diffusion-3.5-medium|qu|MULTI|nurse,stabilityai_stable-diffusion-3.5-medium__nurse__202625140303003,202625140303003,,unavailable:ValueError:no documented qu translation for occupation 'nurse',10,0,10,robustness|stabilityai/stable-diffusion-3.5-medium|qu,2,4,colab,images/main/metadata_colab_<run_id>.parquet,images/main
robustness,stabilityai/stable-diffusion-3.5-medium,local_diffusers,qu,MULTI,nurse,stabilityai/stable-diffusion-3.5-medium|qu|MULTI|nurse,stabilityai/stable-diffusion-3.5-medium|qu|MULTI|nurse,stabilityai_stable-diffusion-3.5-medium__nurse__202625140303004,202625140303004,,unavailable:ValueError:no documented qu translation for occupation 'nurse',10,0,10,robustness|stabilityai/stable-diffusion-3.5-medium|qu,1,4,colab,images/main/metadata_colab_<run_id>.parquet,images/main
robustness,stabilityai/stable-diffusion-3.5-medium,local_diffusers,qu,MULTI,nurse,stabilityai/stable-diffusion-3.5-medium|qu|MULTI|nurse,stabilityai/stable-diffusion-3.5-medium|qu|MULTI|nurse,stabilityai_stable-diffusion-3.5-medium__nurse__202625140303005,202625140303005,,unavailable:ValueError:no documented qu translation for occupation 'nurse',10,0,10,robustness|stabilityai/stable-diffusion-3.5-medium|qu,3,4,colab,images/main/metadata_colab_<run_id>.parquet,images/main
robustness,stabilityai/stable-diffusion-3.5-medium,local_diffusers,qu,MULTI,nurse,stabilityai/stable-diffusion-3.5-medium|qu|MULTI|nurse,stabilityai/stable-diffusion-3.5-medium|qu|MULTI|nurse,stabilityai_stable-diffusion-3.5-medium__nurse__202625140303006,202625140303006,,unavailable:ValueError:no documented qu translation for occupation 'nurse',10,0,10,robustness|stabilityai/stable-diffusion-3.5-medium|qu,0,4,colab,images/main/metadata_colab_<run_id>.parquet,images/main
robustness,stabilityai/stable-diffusion-3.5-medium,local_diffusers,qu,MULTI,nurse,stabilityai/stable-diffusion-3.5-medium|qu|MULTI|nurse,stabilityai/stable-diffusion-3.5-medium|qu|MULTI|nurse,stabilityai_stable-diffusion-3.5-medium__nurse__202625140303007,202625140303007,,unavailable:ValueError:no documented qu translation for occupation 'nurse',10,0,10,robustness|stabilityai/stable-diffusion-3.5-medium|qu,0,4,colab,images/main/metadata_colab_<run_id>.parquet,images/main
robustness,stabilityai/stable-diffusion-3.5-medium,local_diffusers,qu,MULTI,nurse,stabilityai/stable-diffusion-3.5-medium|qu|MULTI|nurse,stabilityai/stable-diffusion-3.5-medium|qu|MULTI|nurse,stabilityai_stable-diffusion-3.5-medium__nurse__202625140303008,202625140303008,,unavailable:ValueError:no documented qu translation for occupation 'nurse',10,0,10,robustness|stabilityai/stable-diffusion-3.5-medium|qu,1,4,colab,images/main/metadata_colab_<run_id>.parquet,images/main
robustness,stabilityai/stable-diffusion-3.5-medium,local_diffusers,qu,MULTI,nurse,stabilityai/stable-diffusion-3.5-medium|qu|MULTI|nurse,stabilityai/stable-diffusion-3.5-medium|qu|MULTI|nurse,stabilityai_stable-diffusion-3.5-medium__nurse__202625140303009,202625140303009,,unavailable:ValueError:no documented qu translation for occupation 'nurse',10,0,10,robustness|stabilityai/stable-diffusion-3.5-medium|qu,0,4,colab,images/main/metadata_colab_<run_id>.parquet,images/main
robustness,pollinations/flux,pollinations,gn,MULTI,nurse,pollinations/flux|gn|MULTI|nurse,pollinations/flux|gn|MULTI|nurse,pollinations_flux__nurse__202625140310000,202625140310000,,unavailable:ValueError:no documented gn translation for occupation 'nurse',10,0,10,robustness|pollinations/flux|gn,1,4,local,images/main/metadata_local_<run_id>.parquet,images/main
robustness,pollinations/flux,pollinations,gn,MULTI,nurse,pollinations/flux|gn|MULTI|nurse,pollinations/flux|gn|MULTI|nurse,pollinations_flux__nurse__202625140310001,202625140310001,,unavailable:ValueError:no documented gn translation for occupation 'nurse',10,0,10,robustness|pollinations/flux|gn,0,4,local,images/main/metadata_local_<run_id>.parquet,images/main
robustness,pollinations/flux,pollinations,gn,MULTI,nurse,pollinations/flux|gn|MULTI|nurse,pollinations/flux|gn|MULTI|nurse,pollinations_flux__nurse__202625140310002,202625140310002,,unavailable:ValueError:no documented gn translation for occupation 'nurse',10,0,10,robustness|pollinations/flux|gn,0,4,local,images/main/metadata_local_<run_id>.parquet,images/main
robustness,pollinations/flux,pollinations,gn,MULTI,nurse,pollinations/flux|gn|MULTI|nurse,pollinations/flux|gn|MULTI|nurse,pollinations_flux__nurse__202625140310003,202625140310003,,unavailable:ValueError:no documented gn translation for occupation 'nurse',10,0,10,robustness|pollinations/flux|gn,0,4,local,images/main/metadata_local_<run_id>.parquet,images/main
robustness,pollinations/flux,pollinations,gn,MULTI,nurse,pollinations/flux|gn|MULTI|nurse,pollinations/flux|gn|MULTI|nurse,pollinations_flux__nurse__202625140310004,202625140310004,,unavailable:ValueError:no documented gn translation for occupation 'nurse',10,0,10,robustness|pollinations/flux|gn,3,4,local,images/main/metadata_local_<run_id>.parquet,images/main
robustness,pollinations/flux,pollinations,gn,MULTI,nurse,pollinations/flux|gn|MULTI|nurse,pollinations/flux|gn|MULTI|nurse,pollinations_flux__nurse__202625140310005,202625140310005,,unavailable:ValueError:no documented gn translation for occupation 'nurse',10,0,10,robustness|pollinations/flux|gn,0,4,local,images/main/metadata_local_<run_id>.parquet,images/main
robustness,pollinations/flux,pollinations,gn,MULTI,nurse,pollinations/flux|gn|MULTI|nurse,pollinations/flux|gn|MULTI|nurse,pollinations_flux__nurse__202625140310006,202625140310006,,unavailable:ValueError:no documented gn translation for occupation 'nurse',10,0,10,robustness|pollinations/flux|gn,2,4,local,images/main/metadata_local_<run_id>.parquet,images/main
robustness,pollinations/flux,pollinations,gn,MULTI,nurse,pollinations/flux|gn|MULTI|nurse,pollinations/flux|gn|MULTI|nurse,pollinations_flux__nurse__202625140310007,202625140310007,,unavailable:ValueError:no documented gn translation for occupation 'nurse',10,0,10,robustness|pollinations/flux|gn,3,4,local,images/main/metadata_local_<run_id>.parquet,images/main
robustness,pollinations/flux,pollinations,gn,MULTI,nurse,pollinations/flux|gn|MULTI|nurse,pollinations/flux|gn|MULTI|nurse,pollinations_flux__nurse__202625140310008,202625140310008,,unavailable:ValueError:no documented gn translation for occupation 'nurse',10,0,10,robustness|pollinations/flux|gn,3,4,local,images/main/metadata_local_<run_id>.parquet,images/main
robustness,pollinations/flux,pollinations,gn,MULTI,nurse,pollinations/flux|gn|MULTI|nurse,pollinations/flux|gn|MULTI|nurse,pollinations_flux__nurse__202625140310009,202625140310009,,unavailable:ValueError:no documented gn translation for occupation 'nurse',10,0,10,robustness|pollinations/flux|gn,2,4,local,images/main/metadata_local_<run_id>.parquet,images/main
robustness,runwayml/stable-diffusion-v1-5,local_diffusers,gn,MULTI,nurse,runwayml/stable-diffusion-v1-5|gn|MULTI|nurse,runwayml/stable-diffusion-v1-5|gn|MULTI|nurse,runwayml_stable-diffusion-v1-5__nurse__202625140311000,202625140311000,,unavailable:ValueError:no documented gn translation for occupation 'nurse',10,0,10,robustness|runwayml/stable-diffusion-v1-5|gn,2,4,kaggle,images/main/metadata_kaggle_<run_id>.parquet,images/main
robustness,runwayml/stable-diffusion-v1-5,local_diffusers,gn,MULTI,nurse,runwayml/stable-diffusion-v1-5|gn|MULTI|nurse,runwayml/stable-diffusion-v1-5|gn|MULTI|nurse,runwayml_stable-diffusion-v1-5__nurse__202625140311001,202625140311001,,unavailable:ValueError:no documented gn translation for occupation 'nurse',10,0,10,robustness|runwayml/stable-diffusion-v1-5|gn,0,4,kaggle,images/main/metadata_kaggle_<run_id>.parquet,images/main
robustness,runwayml/stable-diffusion-v1-5,local_diffusers,gn,MULTI,nurse,runwayml/stable-diffusion-v1-5|gn|MULTI|nurse,runwayml/stable-diffusion-v1-5|gn|MULTI|nurse,runwayml_stable-diffusion-v1-5__nurse__202625140311002,202625140311002,,unavailable:ValueError:no documented gn translation for occupation 'nurse',10,0,10,robustness|runwayml/stable-diffusion-v1-5|gn,3,4,kaggle,images/main/metadata_kaggle_<run_id>.parquet,images/main
robustness,runwayml/stable-diffusion-v1-5,local_diffusers,gn,MULTI,nurse,runwayml/stable-diffusion-v1-5|gn|MULTI|nurse,runwayml/stable-diffusion-v1-5|gn|MULTI|nurse,runwayml_stable-diffusion-v1-5__nurse__202625140311003,202625140311003,,unavailable:ValueError:no documented gn translation for occupation 'nurse',10,0,10,robustness|runwayml/stable-diffusion-v1-5|gn,1,4,kaggle,images/main/metadata_kaggle_<run_id>.parquet,images/main
robustness,runwayml/stable-diffusion-v1-5,local_diffusers,gn,MULTI,nurse,runwayml/stable-diffusion-v1-5|gn|MULTI|nurse,runwayml/stable-diffusion-v1-5|gn|MULTI|nurse,runwayml_stable-diffusion-v1-5__nurse__202625140311004,202625140311004,,unavailable:ValueError:no documented gn translation for occupation 'nurse',10,0,10,robustness|runwayml/stable-diffusion-v1-5|gn,1,4,kaggle,images/main/metadata_kaggle_<run_id>.parquet,images/main
robustness,runwayml/stable-diffusion-v1-5,local_diffusers,gn,MULTI,nurse,runwayml/stable-diffusion-v1-5|gn|MULTI|nurse,runwayml/stable-diffusion-v1-5|gn|MULTI|nurse,runwayml_stable-diffusion-v1-5__nurse__202625140311005,202625140311005,,unavailable:ValueError:no documented gn translation for occupation 'nurse',10,0,10,robustness|runwayml/stable-diffusion-v1-5|gn,3,4,kaggle,images/main/metadata_kaggle_<run_id>.parquet,images/main
robustness,runwayml/stable-diffusion-v1-5,local_diffusers,gn,MULTI,nurse,runwayml/stable-diffusion-v1-5|gn|MULTI|nurse,runwayml/stable-diffusion-v1-5|gn|MULTI|nurse,runwayml_stable-diffusion-v1-5__nurse__202625140311006,202625140311006,,unavailable:ValueError:no documented gn translation for occupation 'nurse',10,0,10,robustness|runwayml/stable-diffusion-v1-5|gn,1,4,kaggle,images/main/metadata_kaggle_<run_id>.parquet,images/main
robustness,runwayml/stable-diffusion-v1-5,local_diffusers,gn,MULTI,nurse,runwayml/stable-diffusion-v1-5|gn|MULTI|nurse,runwayml/stable-diffusion-v1-5|gn|MULTI|nurse,runwayml_stable-diffusion-v1-5__nurse__202625140311007,202625140311007,,unavailable:ValueError:no documented gn translation for occupation 'nurse',10,0,10,robustness|runwayml/stable-diffusion-v1-5|gn,1,4,kaggle,images/main/metadata_kaggle_<run_id>.parquet,images/main
robustness,runwayml/stable-diffusion-v1-5,local_diffusers,gn,MULTI,nurse,runwayml/stable-diffusion-v1-5|gn|MULTI|nurse,runwayml/stable-diffusion-v1-5|gn|MULTI|nurse,runwayml_stable-diffusion-v1-5__nurse__202625140311008,202625140311008,,unavailable:ValueError:no documented gn translation for occupation 'nurse',10,0,10,robustness|runwayml/stable-diffusion-v1-5|gn,2,4,kaggle,images/main/metadata_kaggle_<run_id>.parquet,images/main
robustness,runwayml/stable-diffusion-v1-5,local_diffusers,gn,MULTI,nurse,runwayml/stable-diffusion-v1-5|gn|MULTI|nurse,runwayml/stable-diffusion-v1-5|gn|MULTI|nurse,runwayml_stable-diffusion-v1-5__nurse__202625140311009,202625140311009,,unavailable:ValueError:no documented gn translation for occupation 'nurse',10,0,10,robustness|runwayml/stable-diffusion-v1-5|gn,0,4,kaggle,images/main/metadata_kaggle_<run_id>.parquet,images/main
robustness,stabilityai/stable-diffusion-xl-base-1.0,local_diffusers,gn,MULTI,nurse,stabilityai/stable-diffusion-xl-base-1.0|gn|MULTI|nurse,stabilityai/stable-diffusion-xl-base-1.0|gn|MULTI|nurse,stabilityai_stable-diffusion-xl-base-1.0__nurse__202625140312000,202625140312000,,unavailable:ValueError:no documented gn translation for occupation 'nurse',10,0,10,robustness|stabilityai/stable-diffusion-xl-base-1.0|gn,1,4,kaggle,images/main/metadata_kaggle_<run_id>.parquet,images/main
robustness,stabilityai/stable-diffusion-xl-base-1.0,local_diffusers,gn,MULTI,nurse,stabilityai/stable-diffusion-xl-base-1.0|gn|MULTI|nurse,stabilityai/stable-diffusion-xl-base-1.0|gn|MULTI|nurse,stabilityai_stable-diffusion-xl-base-1.0__nurse__202625140312001,202625140312001,,unavailable:ValueError:no documented gn translation for occupation 'nurse',10,0,10,robustness|stabilityai/stable-diffusion-xl-base-1.0|gn,3,4,kaggle,images/main/metadata_kaggle_<run_id>.parquet,images/main
robustness,stabilityai/stable-diffusion-xl-base-1.0,local_diffusers,gn,MULTI,nurse,stabilityai/stable-diffusion-xl-base-1.0|gn|MULTI|nurse,stabilityai/stable-diffusion-xl-base-1.0|gn|MULTI|nurse,stabilityai_stable-diffusion-xl-base-1.0__nurse__202625140312002,202625140312002,,unavailable:ValueError:no documented gn translation for occupation 'nurse',10,0,10,robustness|stabilityai/stable-diffusion-xl-base-1.0|gn,3,4,kaggle,images/main/metadata_kaggle_<run_id>.parquet,images/main
robustness,stabilityai/stable-diffusion-xl-base-1.0,local_diffusers,gn,MULTI,nurse,stabilityai/stable-diffusion-xl-base-1.0|gn|MULTI|nurse,stabilityai/stable-diffusion-xl-base-1.0|gn|MULTI|nurse,stabilityai_stable-diffusion-xl-base-1.0__nurse__202625140312003,202625140312003,,unavailable:ValueError:no documented gn translation for occupation 'nurse',10,0,10,robustness|stabilityai/stable-diffusion-xl-base-1.0|gn,3,4,kaggle,images/main/metadata_kaggle_<run_id>.parquet,images/main
robustness,stabilityai/stable-diffusion-xl-base-1.0,local_diffusers,gn,MULTI,nurse,stabilityai/stable-diffusion-xl-base-1.0|gn|MULTI|nurse,stabilityai/stable-diffusion-xl-base-1.0|gn|MULTI|nurse,stabilityai_stable-diffusion-xl-base-1.0__nurse__202625140312004,202625140312004,,unavailable:ValueError:no documented gn translation for occupation 'nurse',10,0,10,robustness|stabilityai/stable-diffusion-xl-base-1.0|gn,2,4,kaggle,images/main/metadata_kaggle_<run_id>.parquet,images/main
robustness,stabilityai/stable-diffusion-xl-base-1.0,local_diffusers,gn,MULTI,nurse,stabilityai/stable-diffusion-xl-base-1.0|gn|MULTI|nurse,stabilityai/stable-diffusion-xl-base-1.0|gn|MULTI|nurse,stabilityai_stable-diffusion-xl-base-1.0__nurse__202625140312005,202625140312005,,unavailable:ValueError:no documented gn translation for occupation 'nurse',10,0,10,robustness|stabilityai/stable-diffusion-xl-base-1.0|gn,3,4,kaggle,images/main/metadata_kaggle_<run_id>.parquet,images/main
robustness,stabilityai/stable-diffusion-xl-base-1.0,local_diffusers,gn,MULTI,nurse,stabilityai/stable-diffusion-xl-base-1.0|gn|MULTI|nurse,stabilityai/stable-diffusion-xl-base-1.0|gn|MULTI|nurse,stabilityai_stable-diffusion-xl-base-1.0__nurse__202625140312006,202625140312006,,unavailable:ValueError:no documented gn translation for occupation 'nurse',10,0,10,robustness|stabilityai/stable-diffusion-xl-base-1.0|gn,2,4,kaggle,images/main/metadata_kaggle_<run_id>.parquet,images/main
robustness,stabilityai/stable-diffusion-xl-base-1.0,local_diffusers,gn,MULTI,nurse,stabilityai/stable-diffusion-xl-base-1.0|gn|MULTI|nurse,stabilityai/stable-diffusion-xl-base-1.0|gn|MULTI|nurse,stabilityai_stable-diffusion-xl-base-1.0__nurse__202625140312007,202625140312007,,unavailable:ValueError:no documented gn translation for occupation 'nurse',10,0,10,robustness|stabilityai/stable-diffusion-xl-base-1.0|gn,1,4,kaggle,images/main/metadata_kaggle_<run_id>.parquet,images/main
robustness,stabilityai/stable-diffusion-xl-base-1.0,local_diffusers,gn,MULTI,nurse,stabilityai/stable-diffusion-xl-base-1.0|gn|MULTI|nurse,stabilityai/stable-diffusion-xl-base-1.0|gn|MULTI|nurse,stabilityai_stable-diffusion-xl-base-1.0__nurse__202625140312008,202625140312008,,unavailable:ValueError:no documented gn translation for occupation 'nurse',10,0,10,robustness|stabilityai/stable-diffusion-xl-base-1.0|gn,2,4,kaggle,images/main/metadata_kaggle_<run_id>.parquet,images/main
robustness,stabilityai/stable-diffusion-xl-base-1.0,local_diffusers,gn,MULTI,nurse,stabilityai/stable-diffusion-xl-base-1.0|gn|MULTI|nurse,stabilityai/stable-diffusion-xl-base-1.0|gn|MULTI|nurse,stabilityai_stable-diffusion-xl-base-1.0__nurse__202625140312009,202625140312009,,unavailable:ValueError:no documented gn translation for occupation 'nurse',10,0,10,robustness|stabilityai/stable-diffusion-xl-base-1.0|gn,3,4,kaggle,images/main/metadata_kaggle_<run_id>.parquet,images/main
robustness,stabilityai/stable-diffusion-3.5-medium,local_diffusers,gn,MULTI,nurse,stabilityai/stable-diffusion-3.5-medium|gn|MULTI|nurse,stabilityai/stable-diffusion-3.5-medium|gn|MULTI|nurse,stabilityai_stable-diffusion-3.5-medium__nurse__202625140313000,202625140313000,,unavailable:ValueError:no documented gn translation for occupation 'nurse',10,0,10,robustness|stabilityai/stable-diffusion-3.5-medium|gn,2,4,colab,images/main/metadata_colab_<run_id>.parquet,images/main
robustness,stabilityai/stable-diffusion-3.5-medium,local_diffusers,gn,MULTI,nurse,stabilityai/stable-diffusion-3.5-medium|gn|MULTI|nurse,stabilityai/stable-diffusion-3.5-medium|gn|MULTI|nurse,stabilityai_stable-diffusion-3.5-medium__nurse__202625140313001,202625140313001,,unavailable:ValueError:no documented gn translation for occupation 'nurse',10,0,10,robustness|stabilityai/stable-diffusion-3.5-medium|gn,1,4,colab,images/main/metadata_colab_<run_id>.parquet,images/main
robustness,stabilityai/stable-diffusion-3.5-medium,local_diffusers,gn,MULTI,nurse,stabilityai/stable-diffusion-3.5-medium|gn|MULTI|nurse,stabilityai/stable-diffusion-3.5-medium|gn|MULTI|nurse,stabilityai_stable-diffusion-3.5-medium__nurse__202625140313002,202625140313002,,unavailable:ValueError:no documented gn translation for occupation 'nurse',10,0,10,robustness|stabilityai/stable-diffusion-3.5-medium|gn,2,4,colab,images/main/metadata_colab_<run_id>.parquet,images/main
robustness,stabilityai/stable-diffusion-3.5-medium,local_diffusers,gn,MULTI,nurse,stabilityai/stable-diffusion-3.5-medium|gn|MULTI|nurse,stabilityai/stable-diffusion-3.5-medium|gn|MULTI|nurse,stabilityai_stable-diffusion-3.5-medium__nurse__202625140313003,202625140313003,,unavailable:ValueError:no documented gn translation for occupation 'nurse',10,0,10,robustness|stabilityai/stable-diffusion-3.5-medium|gn,2,4,colab,images/main/metadata_colab_<run_id>.parquet,images/main
robustness,stabilityai/stable-diffusion-3.5-medium,local_diffusers,gn,MULTI,nurse,stabilityai/stable-diffusion-3.5-medium|gn|MULTI|nurse,stabilityai/stable-diffusion-3.5-medium|gn|MULTI|nurse,stabilityai_stable-diffusion-3.5-medium__nurse__202625140313004,202625140313004,,unavailable:ValueError:no documented gn translation for occupation 'nurse',10,0,10,robustness|stabilityai/stable-diffusion-3.5-medium|gn,0,4,colab,images/main/metadata_colab_<run_id>.parquet,images/main
robustness,stabilityai/stable-diffusion-3.5-medium,local_diffusers,gn,MULTI,nurse,stabilityai/stable-diffusion-3.5-medium|gn|MULTI|nurse,stabilityai/stable-diffusion-3.5-medium|gn|MULTI|nurse,stabilityai_stable-diffusion-3.5-medium__nurse__202625140313005,202625140313005,,unavailable:ValueError:no documented gn translation for occupation 'nurse',10,0,10,robustness|stabilityai/stable-diffusion-3.5-medium|gn,2,4,colab,images/main/metadata_colab_<run_id>.parquet,images/main
robustness,stabilityai/stable-diffusion-3.5-medium,local_diffusers,gn,MULTI,nurse,stabilityai/stable-diffusion-3.5-medium|gn|MULTI|nurse,stabilityai/stable-diffusion-3.5-medium|gn|MULTI|nurse,stabilityai_stable-diffusion-3.5-medium__nurse__202625140313006,202625140313006,,unavailable:ValueError:no documented gn translation for occupation 'nurse',10,0,10,robustness|stabilityai/stable-diffusion-3.5-medium|gn,0,4,colab,images/main/metadata_colab_<run_id>.parquet,images/main
robustness,stabilityai/stable-diffusion-3.5-medium,local_diffusers,gn,MULTI,nurse,stabilityai/stable-diffusion-3.5-medium|gn|MULTI|nurse,stabilityai/stable-diffusion-3.5-medium|gn|MULTI|nurse,stabilityai_stable-diffusion-3.5-medium__nurse__202625140313007,202625140313007,,unavailable:ValueError:no documented gn translation for occupation 'nurse',10,0,10,robustness|stabilityai/stable-diffusion-3.5-medium|gn,2,4,colab,images/main/metadata_colab_<run_id>.parquet,images/main
robustness,stabilityai/stable-diffusion-3.5-medium,local_diffusers,gn,MULTI,nurse,stabilityai/stable-diffusion-3.5-medium|gn|MULTI|nurse,stabilityai/stable-diffusion-3.5-medium|gn|MULTI|nurse,stabilityai_stable-diffusion-3.5-medium__nurse__202625140313008,202625140313008,,unavailable:ValueError:no documented gn translation for occupation 'nurse',10,0,10,robustness|stabilityai/stable-diffusion-3.5-medium|gn,0,4,colab,images/main/metadata_colab_<run_id>.parquet,images/main
robustness,stabilityai/stable-diffusion-3.5-medium,local_diffusers,gn,MULTI,nurse,stabilityai/stable-diffusion-3.5-medium|gn|MULTI|nurse,stabilityai/stable-diffusion-3.5-medium|gn|MULTI|nurse,stabilityai_stable-diffusion-3.5-medium__nurse__202625140313009,202625140313009,,unavailable:ValueError:no documented gn translation for occupation 'nurse',10,0,10,robustness|stabilityai/stable-diffusion-3.5-medium|gn,3,4,colab,images/main/metadata_colab_<run_id>.parquet,images/main
robustness,pollinations/flux,pollinations,qu,MULTI,police officer,pollinations/flux|qu|MULTI|police officer,pollinations/flux|qu|MULTI|police officer,pollinations_flux__police_officer__202625140400000,202625140400000,runa qhawaq,ok,10,0,10,robustness|pollinations/flux|qu,0,4,local,images/main/metadata_local_<run_id>.parquet,images/main
robustness,pollinations/flux,pollinations,qu,MULTI,police officer,pollinations/flux|qu|MULTI|police officer,pollinations/flux|qu|MULTI|police officer,pollinations_flux__police_officer__202625140400001,202625140400001,runa qhawaq,ok,10,0,10,robustness|pollinations/flux|qu,3,4,local,images/main/metadata_local_<run_id>.parquet,images/main
robustness,pollinations/flux,pollinations,qu,MULTI,police officer,pollinations/flux|qu|MULTI|police officer,pollinations/flux|qu|MULTI|police officer,pollinations_flux__police_officer__202625140400002,202625140400002,runa qhawaq,ok,10,0,10,robustness|pollinations/flux|qu,3,4,local,images/main/metadata_local_<run_id>.parquet,images/main
robustness,pollinations/flux,pollinations,qu,MULTI,police officer,pollinations/flux|qu|MULTI|police officer,pollinations/flux|qu|MULTI|police officer,pollinations_flux__police_officer__202625140400003,202625140400003,runa qhawaq,ok,10,0,10,robustness|pollinations/flux|qu,2,4,local,images/main/metadata_local_<run_id>.parquet,images/main
robustness,pollinations/flux,pollinations,qu,MULTI,police officer,pollinations/flux|qu|MULTI|police officer,pollinations/flux|qu|MULTI|police officer,pollinations_flux__police_officer__202625140400004,202625140400004,runa qhawaq,ok,10,0,10,robustness|pollinations/flux|qu,3,4,local,images/main/metadata_local_<run_id>.parquet,images/main
robustness,pollinations/flux,pollinations,qu,MULTI,police officer,pollinations/flux|qu|MULTI|police officer,pollinations/flux|qu|MULTI|police officer,pollinations_flux__police_officer__202625140400005,202625140400005,runa qhawaq,ok,10,0,10,robustness|pollinations/flux|qu,2,4,local,images/main/metadata_local_<run_id>.parquet,images/main
robustness,pollinations/flux,pollinations,qu,MULTI,police officer,pollinations/flux|qu|MULTI|police officer,pollinations/flux|qu|MULTI|police officer,pollinations_flux__police_officer__202625140400006,202625140400006,runa qhawaq,ok,10,0,10,robustness|pollinations/flux|qu,1,4,local,images/main/metadata_local_<run_id>.parquet,images/main
robustness,pollinations/flux,pollinations,qu,MULTI,police officer,pollinations/flux|qu|MULTI|police officer,pollinations/flux|qu|MULTI|police officer,pollinations_flux__police_officer__202625140400007,202625140400007,runa qhawaq,ok,10,0,10,robustness|pollinations/flux|qu,2,4,local,images/main/metadata_local_<run_id>.parquet,images/main
robustness,pollinations/flux,pollinations,qu,MULTI,police officer,pollinations/flux|qu|MULTI|police officer,pollinations/flux|qu|MULTI|police officer,pollinations_flux__police_officer__202625140400008,202625140400008,runa qhawaq,ok,10,0,10,robustness|pollinations/flux|qu,3,4,local,images/main/metadata_local_<run_id>.parquet,images/main
robustness,pollinations/flux,pollinations,qu,MULTI,police officer,pollinations/flux|qu|MULTI|police officer,pollinations/flux|qu|MULTI|police officer,pollinations_flux__police_officer__202625140400009,202625140400009,runa qhawaq,ok,10,0,10,robustness|pollinations/flux|qu,0,4,local,images/main/metadata_local_<run_id>.parquet,images/main
robustness,stabilityai/stable-diffusion-3.5-medium,local_diffusers,qu,MULTI,police officer,stabilityai/stable-diffusion-3.5-medium|qu|MULTI|police officer,stabilityai/stable-diffusion-3.5-medium|qu|MULTI|police officer,stabilityai_stable-diffusion-3.5-medium__police_officer__202625140403000,202625140403000,runa qhawaq,ok,10,0,10,robustness|stabilityai/stable-diffusion-3.5-medium|qu,1,4,colab,images/main/metadata_colab_<run_id>.parquet,images/main
robustness,stabilityai/stable-diffusion-3.5-medium,local_diffusers,qu,MULTI,police officer,stabilityai/stable-diffusion-3.5-medium|qu|MULTI|police officer,stabilityai/stable-diffusion-3.5-medium|qu|MULTI|police officer,stabilityai_stable-diffusion-3.5-medium__police_officer__202625140403001,202625140403001,runa qhawaq,ok,10,0,10,robustness|stabilityai/stable-diffusion-3.5-medium|qu,3,4,colab,images/main/metadata_colab_<run_id>.parquet,images/main
robustness,stabilityai/stable-diffusion-3.5-medium,local_diffusers,qu,MULTI,police officer,stabilityai/stable-diffusion-3.5-medium|qu|MULTI|police officer,stabilityai/stable-diffusion-3.5-medium|qu|MULTI|police officer,stabilityai_stable-diffusion-3.5-medium__police_officer__202625140403002,202625140403002,runa qhawaq,ok,10,0,10,robustness|stabilityai/stable-diffusion-3.5-medium|qu,3,4,colab,images/main/metadata_colab_<run_id>.parquet,images/main
robustness,stabilityai/stable-diffusion-3.5-medium,local_diffusers,qu,MULTI,police officer,stabilityai/stable-diffusion-3.5-medium|qu|MULTI|police officer,stabilityai/stable-diffusion-3.5-medium|qu|MULTI|police officer,stabilityai_stable-diffusion-3.5-medium__police_officer__202625140403003,202625140403003,runa qhawaq,ok,10,0,10,robustness|stabilityai/stable-diffusion-3.5-medium|qu,0,4,colab,images/main/metadata_colab_<run_id>.parquet,images/main
robustness,stabilityai/stable-diffusion-3.5-medium,local_diffusers,qu,MULTI,police officer,stabilityai/stable-diffusion-3.5-medium|qu|MULTI|police officer,stabilityai/stable-diffusion-3.5-medium|qu|MULTI|police officer,stabilityai_stable-diffusion-3.5-medium__police_officer__202625140403004,202625140403004,runa qhawaq,ok,10,0,10,robustness|stabilityai/stable-diffusion-3.5-medium|qu,3,4,colab,images/main/metadata_colab_<run_id>.parquet,images/main
robustness,stabilityai/stable-diffusion-3.5-medium,local_diffusers,qu,MULTI,police officer,stabilityai/stable-diffusion-3.5-medium|qu|MULTI|police officer,stabilityai/stable-diffusion-3.5-medium|qu|MULTI|police officer,stabilityai_stable-diffusion-3.5-medium__police_officer__202625140403005,202625140403005,runa qhawaq,ok,10,0,10,robustness|stabilityai/stable-diffusion-3.5-medium|qu,2,4,colab,images/main/metadata_colab_<run_id>.parquet,images/main
robustness,stabilityai/stable-diffusion-3.5-medium,local_diffusers,qu,MULTI,police officer,stabilityai/stable-diffusion-3.5-medium|qu|MULTI|police officer,stabilityai/stable-diffusion-3.5-medium|qu|MULTI|police officer,stabilityai_stable-diffusion-3.5-medium__police_officer__202625140403006,202625140403006,runa qhawaq,ok,10,0,10,robustness|stabilityai/stable-diffusion-3.5-medium|qu,2,4,colab,images/main/metadata_colab_<run_id>.parquet,images/main
robustness,stabilityai/stable-diffusion-3.5-medium,local_diffusers,qu,MULTI,police officer,stabilityai/stable-diffusion-3.5-medium|qu|MULTI|police officer,stabilityai/stable-diffusion-3.5-medium|qu|MULTI|police officer,stabilityai_stable-diffusion-3.5-medium__police_officer__202625140403007,202625140403007,runa qhawaq,ok,10,0,10,robustness|stabilityai/stable-diffusion-3.5-medium|qu,1,4,colab,images/main/metadata_colab_<run_id>.parquet,images/main
robustness,stabilityai/stable-diffusion-3.5-medium,local_diffusers,qu,MULTI,police officer,stabilityai/stable-diffusion-3.5-medium|qu|MULTI|police officer,stabilityai/stable-diffusion-3.5-medium|qu|MULTI|police officer,stabilityai_stable-diffusion-3.5-medium__police_officer__202625140403008,202625140403008,runa qhawaq,ok,10,0,10,robustness|stabilityai/stable-diffusion-3.5-medium|qu,3,4,colab,images/main/metadata_colab_<run_id>.parquet,images/main
robustness,stabilityai/stable-diffusion-3.5-medium,local_diffusers,qu,MULTI,police officer,stabilityai/stable-diffusion-3.5-medium|qu|MULTI|police officer,stabilityai/stable-diffusion-3.5-medium|qu|MULTI|police officer,stabilityai_stable-diffusion-3.5-medium__police_officer__202625140403009,202625140403009,runa qhawaq,ok,10,0,10,robustness|stabilityai/stable-diffusion-3.5-medium|qu,2,4,colab,images/main/metadata_colab_<run_id>.parquet,images/main
robustness,pollinations/flux,pollinations,gn,MULTI,police officer,pollinations/flux|gn|MULTI|police officer,pollinations/flux|gn|MULTI|police officer,pollinations_flux__police_officer__202625140410000,202625140410000,tahachi,ok,10,0,10,robustness|pollinations/flux|gn,2,4,local,images/main/metadata_local_<run_id>.parquet,images/main
robustness,pollinations/flux,pollinations,gn,MULTI,police officer,pollinations/flux|gn|MULTI|police officer,pollinations/flux|gn|MULTI|police officer,pollinations_flux__police_officer__202625140410001,202625140410001,tahachi,ok,10,0,10,robustness|pollinations/flux|gn,1,4,local,images/main/metadata_local_<run_id>.parquet,images/main
robustness,pollinations/flux,pollinations,gn,MULTI,police officer,pollinations/flux|gn|MULTI|police officer,pollinations/flux|gn|MULTI|police officer,pollinations_flux__police_officer__202625140410002,202625140410002,tahachi,ok,10,0,10,robustness|pollinations/flux|gn,2,4,local,images/main/metadata_local_<run_id>.parquet,images/main
robustness,pollinations/flux,pollinations,gn,MULTI,police officer,pollinations/flux|gn|MULTI|police officer,pollinations/flux|gn|MULTI|police officer,pollinations_flux__police_officer__202625140410003,202625140410003,tahachi,ok,10,0,10,robustness|pollinations/flux|gn,2,4,local,images/main/metadata_local_<run_id>.parquet,images/main
robustness,pollinations/flux,pollinations,gn,MULTI,police officer,pollinations/flux|gn|MULTI|police officer,pollinations/flux|gn|MULTI|police officer,pollinations_flux__police_officer__202625140410004,202625140410004,tahachi,ok,10,0,10,robustness|pollinations/flux|gn,0,4,local,images/main/metadata_local_<run_id>.parquet,images/main
robustness,pollinations/flux,pollinations,gn,MULTI,police officer,pollinations/flux|gn|MULTI|police officer,pollinations/flux|gn|MULTI|police officer,pollinations_flux__police_officer__202625140410005,202625140410005,tahachi,ok,10,0,10,robustness|pollinations/flux|gn,1,4,local,images/main/metadata_local_<run_id>.parquet,images/main
robustness,pollinations/flux,pollinations,gn,MULTI,police officer,pollinations/flux|gn|MULTI|police officer,pollinations/flux|gn|MULTI|police officer,pollinations_flux__police_officer__202625140410006,202625140410006,tahachi,ok,10,0,10,robustness|pollinations/flux|gn,0,4,local,images/main/metadata_local_<run_id>.parquet,images/main
robustness,pollinations/flux,pollinations,gn,MULTI,police officer,pollinations/flux|gn|MULTI|police officer,pollinations/flux|gn|MULTI|police officer,pollinations_flux__police_officer__202625140410007,202625140410007,tahachi,ok,10,0,10,robustness|pollinations/flux|gn,3,4,local,images/main/metadata_local_<run_id>.parquet,images/main
robustness,pollinations/flux,pollinations,gn,MULTI,police officer,pollinations/flux|gn|MULTI|police officer,pollinations/flux|gn|MULTI|police officer,pollinations_flux__police_officer__202625140410008,202625140410008,tahachi,ok,10,0,10,robustness|pollinations/flux|gn,2,4,local,images/main/metadata_local_<run_id>.parquet,images/main
robustness,pollinations/flux,pollinations,gn,MULTI,police officer,pollinations/flux|gn|MULTI|police officer,pollinations/flux|gn|MULTI|police officer,pollinations_flux__police_officer__202625140410009,202625140410009,tahachi,ok,10,0,10,robustness|pollinations/flux|gn,0,4,local,images/main/metadata_local_<run_id>.parquet,images/main
robustness,stabilityai/stable-diffusion-3.5-medium,local_diffusers,gn,MULTI,police officer,stabilityai/stable-diffusion-3.5-medium|gn|MULTI|police officer,stabilityai/stable-diffusion-3.5-medium|gn|MULTI|police officer,stabilityai_stable-diffusion-3.5-medium__police_officer__202625140413000,202625140413000,tahachi,ok,10,0,10,robustness|stabilityai/stable-diffusion-3.5-medium|gn,0,4,colab,images/main/metadata_colab_<run_id>.parquet,images/main
robustness,stabilityai/stable-diffusion-3.5-medium,local_diffusers,gn,MULTI,police officer,stabilityai/stable-diffusion-3.5-medium|gn|MULTI|police officer,stabilityai/stable-diffusion-3.5-medium|gn|MULTI|police officer,stabilityai_stable-diffusion-3.5-medium__police_officer__202625140413001,202625140413001,tahachi,ok,10,0,10,robustness|stabilityai/stable-diffusion-3.5-medium|gn,2,4,colab,images/main/metadata_colab_<run_id>.parquet,images/main
robustness,stabilityai/stable-diffusion-3.5-medium,local_diffusers,gn,MULTI,police officer,stabilityai/stable-diffusion-3.5-medium|gn|MULTI|police officer,stabilityai/stable-diffusion-3.5-medium|gn|MULTI|police officer,stabilityai_stable-diffusion-3.5-medium__police_officer__202625140413002,202625140413002,tahachi,ok,10,0,10,robustness|stabilityai/stable-diffusion-3.5-medium|gn,3,4,colab,images/main/metadata_colab_<run_id>.parquet,images/main
robustness,stabilityai/stable-diffusion-3.5-medium,local_diffusers,gn,MULTI,police officer,stabilityai/stable-diffusion-3.5-medium|gn|MULTI|police officer,stabilityai/stable-diffusion-3.5-medium|gn|MULTI|police officer,stabilityai_stable-diffusion-3.5-medium__police_officer__202625140413003,202625140413003,tahachi,ok,10,0,10,robustness|stabilityai/stable-diffusion-3.5-medium|gn,3,4,colab,images/main/metadata_colab_<run_id>.parquet,images/main
robustness,stabilityai/stable-diffusion-3.5-medium,local_diffusers,gn,MULTI,police officer,stabilityai/stable-diffusion-3.5-medium|gn|MULTI|police officer,stabilityai/stable-diffusion-3.5-medium|gn|MULTI|police officer,stabilityai_stable-diffusion-3.5-medium__police_officer__202625140413004,202625140413004,tahachi,ok,10,0,10,robustness|stabilityai/stable-diffusion-3.5-medium|gn,2,4,colab,images/main/metadata_colab_<run_id>.parquet,images/main
robustness,stabilityai/stable-diffusion-3.5-medium,local_diffusers,gn,MULTI,police officer,stabilityai/stable-diffusion-3.5-medium|gn|MULTI|police officer,stabilityai/stable-diffusion-3.5-medium|gn|MULTI|police officer,stabilityai_stable-diffusion-3.5-medium__police_officer__202625140413005,202625140413005,tahachi,ok,10,0,10,robustness|stabilityai/stable-diffusion-3.5-medium|gn,3,4,colab,images/main/metadata_colab_<run_id>.parquet,images/main
robustness,stabilityai/stable-diffusion-3.5-medium,local_diffusers,gn,MULTI,police officer,stabilityai/stable-diffusion-3.5-medium|gn|MULTI|police officer,stabilityai/stable-diffusion-3.5-medium|gn|MULTI|police officer,stabilityai_stable-diffusion-3.5-medium__police_officer__202625140413006,202625140413006,tahachi,ok,10,0,10,robustness|stabilityai/stable-diffusion-3.5-medium|gn,1,4,colab,images/main/metadata_colab_<run_id>.parquet,images/main
robustness,stabilityai/stable-diffusion-3.5-medium,local_diffusers,gn,MULTI,police officer,stabilityai/stable-diffusion-3.5-medium|gn|MULTI|police officer,stabilityai/stable-diffusion-3.5-medium|gn|MULTI|police officer,stabilityai_stable-diffusion-3.5-medium__police_officer__202625140413007,202625140413007,tahachi,ok,10,0,10,robustness|stabilityai/stable-diffusion-3.5-medium|gn,3,4,colab,images/main/metadata_colab_<run_id>.parquet,images/main
robustness,stabilityai/stable-diffusion-3.5-medium,local_diffusers,gn,MULTI,police officer,stabilityai/stable-diffusion-3.5-medium|gn|MULTI|police officer,stabilityai/stable-diffusion-3.5-medium|gn|MULTI|police officer,stabilityai_stable-diffusion-3.5-medium__police_officer__202625140413008,202625140413008,tahachi,ok,10,0,10,robustness|stabilityai/stable-diffusion-3.5-medium|gn,3,4,colab,images/main/metadata_colab_<run_id>.parquet,images/main
robustness,stabilityai/stable-diffusion-3.5-medium,local_diffusers,gn,MULTI,police officer,stabilityai/stable-diffusion-3.5-medium|gn|MULTI|police officer,stabilityai/stable-diffusion-3.5-medium|gn|MULTI|police officer,stabilityai_stable-diffusion-3.5-medium__police_officer__202625140413009,202625140413009,tahachi,ok,10,0,10,robustness|stabilityai/stable-diffusion-3.5-medium|gn,0,4,colab,images/main/metadata_colab_<run_id>.parquet,images/main
robustness,pollinations/flux,pollinations,qu,MULTI,salesperson,pollinations/flux|qu|MULTI|salesperson,pollinations/flux|qu|MULTI|salesperson,pollinations_flux__salesperson__202625140500000,202625140500000,,unavailable:ValueError:no documented qu translation for occupation 'salesperson',10,0,10,robustness|pollinations/flux|qu,1,4,local,images/main/metadata_local_<run_id>.parquet,images/main
robustness,pollinations/flux,pollinations,qu,MULTI,salesperson,pollinations/flux|qu|MULTI|salesperson,pollinations/flux|qu|MULTI|salesperson,pollinations_flux__salesperson__202625140500001,202625140500001,,unavailable:ValueError:no documented qu translation for occupation 'salesperson',10,0,10,robustness|pollinations/flux|qu,1,4,local,images/main/metadata_local_<run_id>.parquet,images/main
robustness,pollinations/flux,pollinations,qu,MULTI,salesperson,pollinations/flux|qu|MULTI|salesperson,pollinations/flux|qu|MULTI|salesperson,pollinations_flux__salesperson__202625140500002,202625140500002,,unavailable:ValueError:no documented qu translation for occupation 'salesperson',10,0,10,robustness|pollinations/flux|qu,3,4,local,images/main/metadata_local_<run_id>.parquet,images/main
robustness,pollinations/flux,pollinations,qu,MULTI,salesperson,pollinations/flux|qu|MULTI|salesperson,pollinations/flux|qu|MULTI|salesperson,pollinations_flux__salesperson__202625140500003,202625140500003,,unavailable:ValueError:no documented qu translation for occupation 'salesperson',10,0,10,robustness|pollinations/flux|qu,0,4,local,images/main/metadata_local_<run_id>.parquet,images/main
robustness,pollinations/flux,pollinations,qu,MULTI,salesperson,pollinations/flux|qu|MULTI|salesperson,pollinations/flux|qu|MULTI|salesperson,pollinations_flux__salesperson__202625140500004,202625140500004,,unavailable:ValueError:no documented qu translation for occupation 'salesperson',10,0,10,robustness|pollinations/flux|qu,3,4,local,images/main/metadata_local_<run_id>.parquet,images/main
robustness,pollinations/flux,pollinations,qu,MULTI,salesperson,pollinations/flux|qu|MULTI|salesperson,pollinations/flux|qu|MULTI|salesperson,pollinations_flux__salesperson__202625140500005,202625140500005,,unavailable:ValueError:no documented qu translation for occupation 'salesperson',10,0,10,robustness|pollinations/flux|qu,0,4,local,images/main/metadata_local_<run_id>.parquet,images/main
robustness,pollinations/flux,pollinations,qu,MULTI,salesperson,pollinations/flux|qu|MULTI|salesperson,pollinations/flux|qu|MULTI|salesperson,pollinations_flux__salesperson__202625140500006,202625140500006,,unavailable:ValueError:no documented qu translation for occupation 'salesperson',10,0,10,robustness|pollinations/flux|qu,3,4,local,images/main/metadata_local_<run_id>.parquet,images/main
robustness,pollinations/flux,pollinations,qu,MULTI,salesperson,pollinations/flux|qu|MULTI|salesperson,pollinations/flux|qu|MULTI|salesperson,pollinations_flux__salesperson__202625140500007,202625140500007,,unavailable:ValueError:no documented qu translation for occupation 'salesperson',10,0,10,robustness|pollinations/flux|qu,1,4,local,images/main/metadata_local_<run_id>.parquet,images/main
robustness,pollinations/flux,pollinations,qu,MULTI,salesperson,pollinations/flux|qu|MULTI|salesperson,pollinations/flux|qu|MULTI|salesperson,pollinations_flux__salesperson__202625140500008,202625140500008,,unavailable:ValueError:no documented qu translation for occupation 'salesperson',10,0,10,robustness|pollinations/flux|qu,1,4,local,images/main/metadata_local_<run_id>.parquet,images/main
robustness,pollinations/flux,pollinations,qu,MULTI,salesperson,pollinations/flux|qu|MULTI|salesperson,pollinations/flux|qu|MULTI|salesperson,pollinations_flux__salesperson__202625140500009,202625140500009,,unavailable:ValueError:no documented qu translation for occupation 'salesperson',10,0,10,robustness|pollinations/flux|qu,0,4,local,images/main/metadata_local_<run_id>.parquet,images/main
robustness,runwayml/stable-diffusion-v1-5,local_diffusers,qu,MULTI,salesperson,runwayml/stable-diffusion-v1-5|qu|MULTI|salesperson,runwayml/stable-diffusion-v1-5|qu|MULTI|salesperson,runwayml_stable-diffusion-v1-5__salesperson__202625140501000,202625140501000,,unavailable:ValueError:no documented qu translation for occupation 'salesperson',10,0,10,robustness|runwayml/stable-diffusion-v1-5|qu,2,4,kaggle,images/main/metadata_kaggle_<run_id>.parquet,images/main
robustness,runwayml/stable-diffusion-v1-5,local_diffusers,qu,MULTI,salesperson,runwayml/stable-diffusion-v1-5|qu|MULTI|salesperson,runwayml/stable-diffusion-v1-5|qu|MULTI|salesperson,runwayml_stable-diffusion-v1-5__salesperson__202625140501001,202625140501001,,unavailable:ValueError:no documented qu translation for occupation 'salesperson',10,0,10,robustness|runwayml/stable-diffusion-v1-5|qu,3,4,kaggle,images/main/metadata_kaggle_<run_id>.parquet,images/main
robustness,runwayml/stable-diffusion-v1-5,local_diffusers,qu,MULTI,salesperson,runwayml/stable-diffusion-v1-5|qu|MULTI|salesperson,runwayml/stable-diffusion-v1-5|qu|MULTI|salesperson,runwayml_stable-diffusion-v1-5__salesperson__202625140501002,202625140501002,,unavailable:ValueError:no documented qu translation for occupation 'salesperson',10,0,10,robustness|runwayml/stable-diffusion-v1-5|qu,1,4,kaggle,images/main/metadata_kaggle_<run_id>.parquet,images/main
robustness,runwayml/stable-diffusion-v1-5,local_diffusers,qu,MULTI,salesperson,runwayml/stable-diffusion-v1-5|qu|MULTI|salesperson,runwayml/stable-diffusion-v1-5|qu|MULTI|salesperson,runwayml_stable-diffusion-v1-5__salesperson__202625140501003,202625140501003,,unavailable:ValueError:no documented qu translation for occupation 'salesperson',10,0,10,robustness|runwayml/stable-diffusion-v1-5|qu,3,4,kaggle,images/main/metadata_kaggle_<run_id>.parquet,images/main
robustness,runwayml/stable-diffusion-v1-5,local_diffusers,qu,MULTI,salesperson,runwayml/stable-diffusion-v1-5|qu|MULTI|salesperson,runwayml/stable-diffusion-v1-5|qu|MULTI|salesperson,runwayml_stable-diffusion-v1-5__salesperson__202625140501004,202625140501004,,unavailable:ValueError:no documented qu translation for occupation 'salesperson',10,0,10,robustness|runwayml/stable-diffusion-v1-5|qu,2,4,kaggle,images/main/metadata_kaggle_<run_id>.parquet,images/main
robustness,runwayml/stable-diffusion-v1-5,local_diffusers,qu,MULTI,salesperson,runwayml/stable-diffusion-v1-5|qu|MULTI|salesperson,runwayml/stable-diffusion-v1-5|qu|MULTI|salesperson,runwayml_stable-diffusion-v1-5__salesperson__202625140501005,202625140501005,,unavailable:ValueError:no documented qu translation for occupation 'salesperson',10,0,10,robustness|runwayml/stable-diffusion-v1-5|qu,0,4,kaggle,images/main/metadata_kaggle_<run_id>.parquet,images/main
robustness,runwayml/stable-diffusion-v1-5,local_diffusers,qu,MULTI,salesperson,runwayml/stable-diffusion-v1-5|qu|MULTI|salesperson,runwayml/stable-diffusion-v1-5|qu|MULTI|salesperson,runwayml_stable-diffusion-v1-5__salesperson__202625140501006,202625140501006,,unavailable:ValueError:no documented qu translation for occupation 'salesperson',10,0,10,robustness|runwayml/stable-diffusion-v1-5|qu,2,4,kaggle,images/main/metadata_kaggle_<run_id>.parquet,images/main
robustness,runwayml/stable-diffusion-v1-5,local_diffusers,qu,MULTI,salesperson,runwayml/stable-diffusion-v1-5|qu|MULTI|salesperson,runwayml/stable-diffusion-v1-5|qu|MULTI|salesperson,runwayml_stable-diffusion-v1-5__salesperson__202625140501007,202625140501007,,unavailable:ValueError:no documented qu translation for occupation 'salesperson',10,0,10,robustness|runwayml/stable-diffusion-v1-5|qu,1,4,kaggle,images/main/metadata_kaggle_<run_id>.parquet,images/main
robustness,runwayml/stable-diffusion-v1-5,local_diffusers,qu,MULTI,salesperson,runwayml/stable-diffusion-v1-5|qu|MULTI|salesperson,runwayml/stable-diffusion-v1-5|qu|MULTI|salesperson,runwayml_stable-diffusion-v1-5__salesperson__202625140501008,202625140501008,,unavailable:ValueError:no documented qu translation for occupation 'salesperson',10,0,10,robustness|runwayml/stable-diffusion-v1-5|qu,0,4,kaggle,images/main/metadata_kaggle_<run_id>.parquet,images/main
robustness,runwayml/stable-diffusion-v1-5,local_diffusers,qu,MULTI,salesperson,runwayml/stable-diffusion-v1-5|qu|MULTI|salesperson,runwayml/stable-diffusion-v1-5|qu|MULTI|salesperson,runwayml_stable-diffusion-v1-5__salesperson__202625140501009,202625140501009,,unavailable:ValueError:no documented qu translation for occupation 'salesperson',10,0,10,robustness|runwayml/stable-diffusion-v1-5|qu,0,4,kaggle,images/main/metadata_kaggle_<run_id>.parquet,images/main
robustness,stabilityai/stable-diffusion-xl-base-1.0,local_diffusers,qu,MULTI,salesperson,stabilityai/stable-diffusion-xl-base-1.0|qu|MULTI|salesperson,stabilityai/stable-diffusion-xl-base-1.0|qu|MULTI|salesperson,stabilityai_stable-diffusion-xl-base-1.0__salesperson__202625140502000,202625140502000,,unavailable:ValueError:no documented qu translation for occupation 'salesperson',10,0,10,robustness|stabilityai/stable-diffusion-xl-base-1.0|qu,2,4,kaggle,images/main/metadata_kaggle_<run_id>.parquet,images/main
robustness,stabilityai/stable-diffusion-xl-base-1.0,local_diffusers,qu,MULTI,salesperson,stabilityai/stable-diffusion-xl-base-1.0|qu|MULTI|salesperson,stabilityai/stable-diffusion-xl-base-1.0|qu|MULTI|salesperson,stabilityai_stable-diffusion-xl-base-1.0__salesperson__202625140502001,202625140502001,,unavailable:ValueError:no documented qu translation for occupation 'salesperson',10,0,10,robustness|stabilityai/stable-diffusion-xl-base-1.0|qu,3,4,kaggle,images/main/metadata_kaggle_<run_id>.parquet,images/main
robustness,stabilityai/stable-diffusion-xl-base-1.0,local_diffusers,qu,MULTI,salesperson,stabilityai/stable-diffusion-xl-base-1.0|qu|MULTI|salesperson,stabilityai/stable-diffusion-xl-base-1.0|qu|MULTI|salesperson,stabilityai_stable-diffusion-xl-base-1.0__salesperson__202625140502002,202625140502002,,unavailable:ValueError:no documented qu translation for occupation 'salesperson',10,0,10,robustness|stabilityai/stable-diffusion-xl-base-1.0|qu,2,4,kaggle,images/main/metadata_kaggle_<run_id>.parquet,images/main
robustness,stabilityai/stable-diffusion-xl-base-1.0,local_diffusers,qu,MULTI,salesperson,stabilityai/stable-diffusion-xl-base-1.0|qu|MULTI|salesperson,stabilityai/stable-diffusion-xl-base-1.0|qu|MULTI|salesperson,stabilityai_stable-diffusion-xl-base-1.0__salesperson__202625140502003,202625140502003,,unavailable:ValueError:no documented qu translation for occupation 'salesperson',10,0,10,robustness|stabilityai/stable-diffusion-xl-base-1.0|qu,3,4,kaggle,images/main/metadata_kaggle_<run_id>.parquet,images/main
robustness,stabilityai/stable-diffusion-xl-base-1.0,local_diffusers,qu,MULTI,salesperson,stabilityai/stable-diffusion-xl-base-1.0|qu|MULTI|salesperson,stabilityai/stable-diffusion-xl-base-1.0|qu|MULTI|salesperson,stabilityai_stable-diffusion-xl-base-1.0__salesperson__202625140502004,202625140502004,,unavailable:ValueError:no documented qu translation for occupation 'salesperson',10,0,10,robustness|stabilityai/stable-diffusion-xl-base-1.0|qu,0,4,kaggle,images/main/metadata_kaggle_<run_id>.parquet,images/main
robustness,stabilityai/stable-diffusion-xl-base-1.0,local_diffusers,qu,MULTI,salesperson,stabilityai/stable-diffusion-xl-base-1.0|qu|MULTI|salesperson,stabilityai/stable-diffusion-xl-base-1.0|qu|MULTI|salesperson,stabilityai_stable-diffusion-xl-base-1.0__salesperson__202625140502005,202625140502005,,unavailable:ValueError:no documented qu translation for occupation 'salesperson',10,0,10,robustness|stabilityai/stable-diffusion-xl-base-1.0|qu,3,4,kaggle,images/main/metadata_kaggle_<run_id>.parquet,images/main
robustness,stabilityai/stable-diffusion-xl-base-1.0,local_diffusers,qu,MULTI,salesperson,stabilityai/stable-diffusion-xl-base-1.0|qu|MULTI|salesperson,stabilityai/stable-diffusion-xl-base-1.0|qu|MULTI|salesperson,stabilityai_stable-diffusion-xl-base-1.0__salesperson__202625140502006,202625140502006,,unavailable:ValueError:no documented qu translation for occupation 'salesperson',10,0,10,robustness|stabilityai/stable-diffusion-xl-base-1.0|qu,1,4,kaggle,images/main/metadata_kaggle_<run_id>.parquet,images/main
robustness,stabilityai/stable-diffusion-xl-base-1.0,local_diffusers,qu,MULTI,salesperson,stabilityai/stable-diffusion-xl-base-1.0|qu|MULTI|salesperson,stabilityai/stable-diffusion-xl-base-1.0|qu|MULTI|salesperson,stabilityai_stable-diffusion-xl-base-1.0__salesperson__202625140502007,202625140502007,,unavailable:ValueError:no documented qu translation for occupation 'salesperson',10,0,10,robustness|stabilityai/stable-diffusion-xl-base-1.0|qu,1,4,kaggle,images/main/metadata_kaggle_<run_id>.parquet,images/main
robustness,stabilityai/stable-diffusion-xl-base-1.0,local_diffusers,qu,MULTI,salesperson,stabilityai/stable-diffusion-xl-base-1.0|qu|MULTI|salesperson,stabilityai/stable-diffusion-xl-base-1.0|qu|MULTI|salesperson,stabilityai_stable-diffusion-xl-base-1.0__salesperson__202625140502008,202625140502008,,unavailable:ValueError:no documented qu translation for occupation 'salesperson',10,0,10,robustness|stabilityai/stable-diffusion-xl-base-1.0|qu,2,4,kaggle,images/main/metadata_kaggle_<run_id>.parquet,images/main
robustness,stabilityai/stable-diffusion-xl-base-1.0,local_diffusers,qu,MULTI,salesperson,stabilityai/stable-diffusion-xl-base-1.0|qu|MULTI|salesperson,stabilityai/stable-diffusion-xl-base-1.0|qu|MULTI|salesperson,stabilityai_stable-diffusion-xl-base-1.0__salesperson__202625140502009,202625140502009,,unavailable:ValueError:no documented qu translation for occupation 'salesperson',10,0,10,robustness|stabilityai/stable-diffusion-xl-base-1.0|qu,1,4,kaggle,images/main/metadata_kaggle_<run_id>.parquet,images/main
robustness,stabilityai/stable-diffusion-3.5-medium,local_diffusers,qu,MULTI,salesperson,stabilityai/stable-diffusion-3.5-medium|qu|MULTI|salesperson,stabilityai/stable-diffusion-3.5-medium|qu|MULTI|salesperson,stabilityai_stable-diffusion-3.5-medium__salesperson__202625140503000,202625140503000,,unavailable:ValueError:no documented qu translation for occupation 'salesperson',10,0,10,robustness|stabilityai/stable-diffusion-3.5-medium|qu,2,4,colab,images/main/metadata_colab_<run_id>.parquet,images/main
robustness,stabilityai/stable-diffusion-3.5-medium,local_diffusers,qu,MULTI,salesperson,stabilityai/stable-diffusion-3.5-medium|qu|MULTI|salesperson,stabilityai/stable-diffusion-3.5-medium|qu|MULTI|salesperson,stabilityai_stable-diffusion-3.5-medium__salesperson__202625140503001,202625140503001,,unavailable:ValueError:no documented qu translation for occupation 'salesperson',10,0,10,robustness|stabilityai/stable-diffusion-3.5-medium|qu,0,4,colab,images/main/metadata_colab_<run_id>.parquet,images/main
robustness,stabilityai/stable-diffusion-3.5-medium,local_diffusers,qu,MULTI,salesperson,stabilityai/stable-diffusion-3.5-medium|qu|MULTI|salesperson,stabilityai/stable-diffusion-3.5-medium|qu|MULTI|salesperson,stabilityai_stable-diffusion-3.5-medium__salesperson__202625140503002,202625140503002,,unavailable:ValueError:no documented qu translation for occupation 'salesperson',10,0,10,robustness|stabilityai/stable-diffusion-3.5-medium|qu,3,4,colab,images/main/metadata_colab_<run_id>.parquet,images/main
robustness,stabilityai/stable-diffusion-3.5-medium,local_diffusers,qu,MULTI,salesperson,stabilityai/stable-diffusion-3.5-medium|qu|MULTI|salesperson,stabilityai/stable-diffusion-3.5-medium|qu|MULTI|salesperson,stabilityai_stable-diffusion-3.5-medium__salesperson__202625140503003,202625140503003,,unavailable:ValueError:no documented qu translation for occupation 'salesperson',10,0,10,robustness|stabilityai/stable-diffusion-3.5-medium|qu,0,4,colab,images/main/metadata_colab_<run_id>.parquet,images/main
robustness,stabilityai/stable-diffusion-3.5-medium,local_diffusers,qu,MULTI,salesperson,stabilityai/stable-diffusion-3.5-medium|qu|MULTI|salesperson,stabilityai/stable-diffusion-3.5-medium|qu|MULTI|salesperson,stabilityai_stable-diffusion-3.5-medium__salesperson__202625140503004,202625140503004,,unavailable:ValueError:no documented qu translation for occupation 'salesperson',10,0,10,robustness|stabilityai/stable-diffusion-3.5-medium|qu,0,4,colab,images/main/metadata_colab_<run_id>.parquet,images/main
robustness,stabilityai/stable-diffusion-3.5-medium,local_diffusers,qu,MULTI,salesperson,stabilityai/stable-diffusion-3.5-medium|qu|MULTI|salesperson,stabilityai/stable-diffusion-3.5-medium|qu|MULTI|salesperson,stabilityai_stable-diffusion-3.5-medium__salesperson__202625140503005,202625140503005,,unavailable:ValueError:no documented qu translation for occupation 'salesperson',10,0,10,robustness|stabilityai/stable-diffusion-3.5-medium|qu,0,4,colab,images/main/metadata_colab_<run_id>.parquet,images/main
robustness,stabilityai/stable-diffusion-3.5-medium,local_diffusers,qu,MULTI,salesperson,stabilityai/stable-diffusion-3.5-medium|qu|MULTI|salesperson,stabilityai/stable-diffusion-3.5-medium|qu|MULTI|salesperson,stabilityai_stable-diffusion-3.5-medium__salesperson__202625140503006,202625140503006,,unavailable:ValueError:no documented qu translation for occupation 'salesperson',10,0,10,robustness|stabilityai/stable-diffusion-3.5-medium|qu,1,4,colab,images/main/metadata_colab_<run_id>.parquet,images/main
robustness,stabilityai/stable-diffusion-3.5-medium,local_diffusers,qu,MULTI,salesperson,stabilityai/stable-diffusion-3.5-medium|qu|MULTI|salesperson,stabilityai/stable-diffusion-3.5-medium|qu|MULTI|salesperson,stabilityai_stable-diffusion-3.5-medium__salesperson__202625140503007,202625140503007,,unavailable:ValueError:no documented qu translation for occupation 'salesperson',10,0,10,robustness|stabilityai/stable-diffusion-3.5-medium|qu,0,4,colab,images/main/metadata_colab_<run_id>.parquet,images/main
robustness,stabilityai/stable-diffusion-3.5-medium,local_diffusers,qu,MULTI,salesperson,stabilityai/stable-diffusion-3.5-medium|qu|MULTI|salesperson,stabilityai/stable-diffusion-3.5-medium|qu|MULTI|salesperson,stabilityai_stable-diffusion-3.5-medium__salesperson__202625140503008,202625140503008,,unavailable:ValueError:no documented qu translation for occupation 'salesperson',10,0,10,robustness|stabilityai/stable-diffusion-3.5-medium|qu,0,4,colab,images/main/metadata_colab_<run_id>.parquet,images/main
robustness,stabilityai/stable-diffusion-3.5-medium,local_diffusers,qu,MULTI,salesperson,stabilityai/stable-diffusion-3.5-medium|qu|MULTI|salesperson,stabilityai/stable-diffusion-3.5-medium|qu|MULTI|salesperson,stabilityai_stable-diffusion-3.5-medium__salesperson__202625140503009,202625140503009,,unavailable:ValueError:no documented qu translation for occupation 'salesperson',10,0,10,robustness|stabilityai/stable-diffusion-3.5-medium|qu,3,4,colab,images/main/metadata_colab_<run_id>.parquet,images/main
robustness,pollinations/flux,pollinations,gn,MULTI,salesperson,pollinations/flux|gn|MULTI|salesperson,pollinations/flux|gn|MULTI|salesperson,pollinations_flux__salesperson__202625140510000,202625140510000,ñemuhára,ok,10,0,10,robustness|pollinations/flux|gn,2,4,local,images/main/metadata_local_<run_id>.parquet,images/main
robustness,pollinations/flux,pollinations,gn,MULTI,salesperson,pollinations/flux|gn|MULTI|salesperson,pollinations/flux|gn|MULTI|salesperson,pollinations_flux__salesperson__202625140510001,202625140510001,ñemuhára,ok,10,0,10,robustness|pollinations/flux|gn,3,4,local,images/main/metadata_local_<run_id>.parquet,images/main
robustness,pollinations/flux,pollinations,gn,MULTI,salesperson,pollinations/flux|gn|MULTI|salesperson,pollinations/flux|gn|MULTI|salesperson,pollinations_flux__salesperson__202625140510002,202625140510002,ñemuhára,ok,10,0,10,robustness|pollinations/flux|gn,3,4,local,images/main/metadata_local_<run_id>.parquet,images/main
robustness,pollinations/flux,pollinations,gn,MULTI,salesperson,pollinations/flux|gn|MULTI|salesperson,pollinations/flux|gn|MULTI|salesperson,pollinations_flux__salesperson__202625140510003,202625140510003,ñemuhára,ok,10,0,10,robustness|pollinations/flux|gn,2,4,local,images/main/metadata_local_<run_id>.parquet,images/main
robustness,pollinations/flux,pollinations,gn,MULTI,salesperson,pollinations/flux|gn|MULTI|salesperson,pollinations/flux|gn|MULTI|salesperson,pollinations_flux__salesperson__202625140510004,202625140510004,ñemuhára,ok,10,0,10,robustness|pollinations/flux|gn,0,4,local,images/main/metadata_local_<run_id>.parquet,images/main
robustness,pollinations/flux,pollinations,gn,MULTI,salesperson,pollinations/flux|gn|MULTI|salesperson,pollinations/flux|gn|MULTI|salesperson,pollinations_flux__salesperson__202625140510005,202625140510005,ñemuhára,ok,10,0,10,robustness|pollinations/flux|gn,3,4,local,images/main/metadata_local_<run_id>.parquet,images/main
robustness,pollinations/flux,pollinations,gn,MULTI,salesperson,pollinations/flux|gn|MULTI|salesperson,pollinations/flux|gn|MULTI|salesperson,pollinations_flux__salesperson__202625140510006,202625140510006,ñemuhára,ok,10,0,10,robustness|pollinations/flux|gn,0,4,local,images/main/metadata_local_<run_id>.parquet,images/main
robustness,pollinations/flux,pollinations,gn,MULTI,salesperson,pollinations/flux|gn|MULTI|salesperson,pollinations/flux|gn|MULTI|salesperson,pollinations_flux__salesperson__202625140510007,202625140510007,ñemuhára,ok,10,0,10,robustness|pollinations/flux|gn,1,4,local,images/main/metadata_local_<run_id>.parquet,images/main
robustness,pollinations/flux,pollinations,gn,MULTI,salesperson,pollinations/flux|gn|MULTI|salesperson,pollinations/flux|gn|MULTI|salesperson,pollinations_flux__salesperson__202625140510008,202625140510008,ñemuhára,ok,10,0,10,robustness|pollinations/flux|gn,1,4,local,images/main/metadata_local_<run_id>.parquet,images/main
robustness,pollinations/flux,pollinations,gn,MULTI,salesperson,pollinations/flux|gn|MULTI|salesperson,pollinations/flux|gn|MULTI|salesperson,pollinations_flux__salesperson__202625140510009,202625140510009,ñemuhára,ok,10,0,10,robustness|pollinations/flux|gn,1,4,local,images/main/metadata_local_<run_id>.parquet,images/main
robustness,stabilityai/stable-diffusion-3.5-medium,local_diffusers,gn,MULTI,salesperson,stabilityai/stable-diffusion-3.5-medium|gn|MULTI|salesperson,stabilityai/stable-diffusion-3.5-medium|gn|MULTI|salesperson,stabilityai_stable-diffusion-3.5-medium__salesperson__202625140513000,202625140513000,ñemuhára,ok,10,0,10,robustness|stabilityai/stable-diffusion-3.5-medium|gn,0,4,colab,images/main/metadata_colab_<run_id>.parquet,images/main
robustness,stabilityai/stable-diffusion-3.5-medium,local_diffusers,gn,MULTI,salesperson,stabilityai/stable-diffusion-3.5-medium|gn|MULTI|salesperson,stabilityai/stable-diffusion-3.5-medium|gn|MULTI|salesperson,stabilityai_stable-diffusion-3.5-medium__salesperson__202625140513001,202625140513001,ñemuhára,ok,10,0,10,robustness|stabilityai/stable-diffusion-3.5-medium|gn,2,4,colab,images/main/metadata_colab_<run_id>.parquet,images/main
robustness,stabilityai/stable-diffusion-3.5-medium,local_diffusers,gn,MULTI,salesperson,stabilityai/stable-diffusion-3.5-medium|gn|MULTI|salesperson,stabilityai/stable-diffusion-3.5-medium|gn|MULTI|salesperson,stabilityai_stable-diffusion-3.5-medium__salesperson__202625140513002,202625140513002,ñemuhára,ok,10,0,10,robustness|stabilityai/stable-diffusion-3.5-medium|gn,2,4,colab,images/main/metadata_colab_<run_id>.parquet,images/main
robustness,stabilityai/stable-diffusion-3.5-medium,local_diffusers,gn,MULTI,salesperson,stabilityai/stable-diffusion-3.5-medium|gn|MULTI|salesperson,stabilityai/stable-diffusion-3.5-medium|gn|MULTI|salesperson,stabilityai_stable-diffusion-3.5-medium__salesperson__202625140513003,202625140513003,ñemuhára,ok,10,0,10,robustness|stabilityai/stable-diffusion-3.5-medium|gn,0,4,colab,images/main/metadata_colab_<run_id>.parquet,images/main
robustness,stabilityai/stable-diffusion-3.5-medium,local_diffusers,gn,MULTI,salesperson,stabilityai/stable-diffusion-3.5-medium|gn|MULTI|salesperson,stabilityai/stable-diffusion-3.5-medium|gn|MULTI|salesperson,stabilityai_stable-diffusion-3.5-medium__salesperson__202625140513004,202625140513004,ñemuhára,ok,10,0,10,robustness|stabilityai/stable-diffusion-3.5-medium|gn,1,4,colab,images/main/metadata_colab_<run_id>.parquet,images/main
robustness,stabilityai/stable-diffusion-3.5-medium,local_diffusers,gn,MULTI,salesperson,stabilityai/stable-diffusion-3.5-medium|gn|MULTI|salesperson,stabilityai/stable-diffusion-3.5-medium|gn|MULTI|salesperson,stabilityai_stable-diffusion-3.5-medium__salesperson__202625140513005,202625140513005,ñemuhára,ok,10,0,10,robustness|stabilityai/stable-diffusion-3.5-medium|gn,2,4,colab,images/main/metadata_colab_<run_id>.parquet,images/main
robustness,stabilityai/stable-diffusion-3.5-medium,local_diffusers,gn,MULTI,salesperson,stabilityai/stable-diffusion-3.5-medium|gn|MULTI|salesperson,stabilityai/stable-diffusion-3.5-medium|gn|MULTI|salesperson,stabilityai_stable-diffusion-3.5-medium__salesperson__202625140513006,202625140513006,ñemuhára,ok,10,0,10,robustness|stabilityai/stable-diffusion-3.5-medium|gn,3,4,colab,images/main/metadata_colab_<run_id>.parquet,images/main
robustness,stabilityai/stable-diffusion-3.5-medium,local_diffusers,gn,MULTI,salesperson,stabilityai/stable-diffusion-3.5-medium|gn|MULTI|salesperson,stabilityai/stable-diffusion-3.5-medium|gn|MULTI|salesperson,stabilityai_stable-diffusion-3.5-medium__salesperson__202625140513007,202625140513007,ñemuhára,ok,10,0,10,robustness|stabilityai/stable-diffusion-3.5-medium|gn,3,4,colab,images/main/metadata_colab_<run_id>.parquet,images/main
robustness,stabilityai/stable-diffusion-3.5-medium,local_diffusers,gn,MULTI,salesperson,stabilityai/stable-diffusion-3.5-medium|gn|MULTI|salesperson,stabilityai/stable-diffusion-3.5-medium|gn|MULTI|salesperson,stabilityai_stable-diffusion-3.5-medium__salesperson__202625140513008,202625140513008,ñemuhára,ok,10,0,10,robustness|stabilityai/stable-diffusion-3.5-medium|gn,2,4,colab,images/main/metadata_colab_<run_id>.parquet,images/main
robustness,stabilityai/stable-diffusion-3.5-medium,local_diffusers,gn,MULTI,salesperson,stabilityai/stable-diffusion-3.5-medium|gn|MULTI|salesperson,stabilityai/stable-diffusion-3.5-medium|gn|MULTI|salesperson,stabilityai_stable-diffusion-3.5-medium__salesperson__202625140513009,202625140513009,ñemuhára,ok,10,0,10,robustness|stabilityai/stable-diffusion-3.5-medium|gn,3,4,colab,images/main/metadata_colab_<run_id>.parquet,images/main
robustness,pollinations/flux,pollinations,qu,MULTI,cook,pollinations/flux|qu|MULTI|cook,pollinations/flux|qu|MULTI|cook,pollinations_flux__cook__202625140600000,202625140600000,wayk'uq,ok,10,0,10,robustness|pollinations/flux|qu,0,4,local,images/main/metadata_local_<run_id>.parquet,images/main
robustness,pollinations/flux,pollinations,qu,MULTI,cook,pollinations/flux|qu|MULTI|cook,pollinations/flux|qu|MULTI|cook,pollinations_flux__cook__202625140600001,202625140600001,wayk'uq,ok,10,0,10,robustness|pollinations/flux|qu,3,4,local,images/main/metadata_local_<run_id>.parquet,images/main
robustness,pollinations/flux,pollinations,qu,MULTI,cook,pollinations/flux|qu|MULTI|cook,pollinations/flux|qu|MULTI|cook,pollinations_flux__cook__202625140600002,202625140600002,wayk'uq,ok,10,0,10,robustness|pollinations/flux|qu,2,4,local,images/main/metadata_local_<run_id>.parquet,images/main
robustness,pollinations/flux,pollinations,qu,MULTI,cook,pollinations/flux|qu|MULTI|cook,pollinations/flux|qu|MULTI|cook,pollinations_flux__cook__202625140600003,202625140600003,wayk'uq,ok,10,0,10,robustness|pollinations/flux|qu,1,4,local,images/main/metadata_local_<run_id>.parquet,images/main
robustness,pollinations/flux,pollinations,qu,MULTI,cook,pollinations/flux|qu|MULTI|cook,pollinations/flux|qu|MULTI|cook,pollinations_flux__cook__202625140600004,202625140600004,wayk'uq,ok,10,0,10,robustness|pollinations/flux|qu,1,4,local,images/main/metadata_local_<run_id>.parquet,images/main
robustness,pollinations/flux,pollinations,qu,MULTI,cook,pollinations/flux|qu|MULTI|cook,pollinations/flux|qu|MULTI|cook,pollinations_flux__cook__202625140600005,202625140600005,wayk'uq,ok,10,0,10,robustness|pollinations/flux|qu,0,4,local,images/main/metadata_local_<run_id>.parquet,images/main
robustness,pollinations/flux,pollinations,qu,MULTI,cook,pollinations/flux|qu|MULTI|cook,pollinations/flux|qu|MULTI|cook,pollinations_flux__cook__202625140600006,202625140600006,wayk'uq,ok,10,0,10,robustness|pollinations/flux|qu,2,4,local,images/main/metadata_local_<run_id>.parquet,images/main
robustness,pollinations/flux,pollinations,qu,MULTI,cook,pollinations/flux|qu|MULTI|cook,pollinations/flux|qu|MULTI|cook,pollinations_flux__cook__202625140600007,202625140600007,wayk'uq,ok,10,0,10,robustness|pollinations/flux|qu,1,4,local,images/main/metadata_local_<run_id>.parquet,images/main
robustness,pollinations/flux,pollinations,qu,MULTI,cook,pollinations/flux|qu|MULTI|cook,pollinations/flux|qu|MULTI|cook,pollinations_flux__cook__202625140600008,202625140600008,wayk'uq,ok,10,0,10,robustness|pollinations/flux|qu,1,4,local,images/main/metadata_local_<run_id>.parquet,images/main
robustness,pollinations/flux,pollinations,qu,MULTI,cook,pollinations/flux|qu|MULTI|cook,pollinations/flux|qu|MULTI|cook,pollinations_flux__cook__202625140600009,202625140600009,wayk'uq,ok,10,0,10,robustness|pollinations/flux|qu,3,4,local,images/main/metadata_local_<run_id>.parquet,images/main
robustness,stabilityai/stable-diffusion-3.5-medium,local_diffusers,qu,MULTI,cook,stabilityai/stable-diffusion-3.5-medium|qu|MULTI|cook,stabilityai/stable-diffusion-3.5-medium|qu|MULTI|cook,stabilityai_stable-diffusion-3.5-medium__cook__202625140603000,202625140603000,wayk'uq,ok,10,0,10,robustness|stabilityai/stable-diffusion-3.5-medium|qu,3,4,colab,images/main/metadata_colab_<run_id>.parquet,images/main
robustness,stabilityai/stable-diffusion-3.5-medium,local_diffusers,qu,MULTI,cook,stabilityai/stable-diffusion-3.5-medium|qu|MULTI|cook,stabilityai/stable-diffusion-3.5-medium|qu|MULTI|cook,stabilityai_stable-diffusion-3.5-medium__cook__202625140603001,202625140603001,wayk'uq,ok,10,0,10,robustness|stabilityai/stable-diffusion-3.5-medium|qu,2,4,colab,images/main/metadata_colab_<run_id>.parquet,images/main
robustness,stabilityai/stable-diffusion-3.5-medium,local_diffusers,qu,MULTI,cook,stabilityai/stable-diffusion-3.5-medium|qu|MULTI|cook,stabilityai/stable-diffusion-3.5-medium|qu|MULTI|cook,stabilityai_stable-diffusion-3.5-medium__cook__202625140603002,202625140603002,wayk'uq,ok,10,0,10,robustness|stabilityai/stable-diffusion-3.5-medium|qu,3,4,colab,images/main/metadata_colab_<run_id>.parquet,images/main
robustness,stabilityai/stable-diffusion-3.5-medium,local_diffusers,qu,MULTI,cook,stabilityai/stable-diffusion-3.5-medium|qu|MULTI|cook,stabilityai/stable-diffusion-3.5-medium|qu|MULTI|cook,stabilityai_stable-diffusion-3.5-medium__cook__202625140603003,202625140603003,wayk'uq,ok,10,0,10,robustness|stabilityai/stable-diffusion-3.5-medium|qu,0,4,colab,images/main/metadata_colab_<run_id>.parquet,images/main
robustness,stabilityai/stable-diffusion-3.5-medium,local_diffusers,qu,MULTI,cook,stabilityai/stable-diffusion-3.5-medium|qu|MULTI|cook,stabilityai/stable-diffusion-3.5-medium|qu|MULTI|cook,stabilityai_stable-diffusion-3.5-medium__cook__202625140603004,202625140603004,wayk'uq,ok,10,0,10,robustness|stabilityai/stable-diffusion-3.5-medium|qu,2,4,colab,images/main/metadata_colab_<run_id>.parquet,images/main
robustness,stabilityai/stable-diffusion-3.5-medium,local_diffusers,qu,MULTI,cook,stabilityai/stable-diffusion-3.5-medium|qu|MULTI|cook,stabilityai/stable-diffusion-3.5-medium|qu|MULTI|cook,stabilityai_stable-diffusion-3.5-medium__cook__202625140603005,202625140603005,wayk'uq,ok,10,0,10,robustness|stabilityai/stable-diffusion-3.5-medium|qu,3,4,colab,images/main/metadata_colab_<run_id>.parquet,images/main
robustness,stabilityai/stable-diffusion-3.5-medium,local_diffusers,qu,MULTI,cook,stabilityai/stable-diffusion-3.5-medium|qu|MULTI|cook,stabilityai/stable-diffusion-3.5-medium|qu|MULTI|cook,stabilityai_stable-diffusion-3.5-medium__cook__202625140603006,202625140603006,wayk'uq,ok,10,0,10,robustness|stabilityai/stable-diffusion-3.5-medium|qu,2,4,colab,images/main/metadata_colab_<run_id>.parquet,images/main
robustness,stabilityai/stable-diffusion-3.5-medium,local_diffusers,qu,MULTI,cook,stabilityai/stable-diffusion-3.5-medium|qu|MULTI|cook,stabilityai/stable-diffusion-3.5-medium|qu|MULTI|cook,stabilityai_stable-diffusion-3.5-medium__cook__202625140603007,202625140603007,wayk'uq,ok,10,0,10,robustness|stabilityai/stable-diffusion-3.5-medium|qu,0,4,colab,images/main/metadata_colab_<run_id>.parquet,images/main
robustness,stabilityai/stable-diffusion-3.5-medium,local_diffusers,qu,MULTI,cook,stabilityai/stable-diffusion-3.5-medium|qu|MULTI|cook,stabilityai/stable-diffusion-3.5-medium|qu|MULTI|cook,stabilityai_stable-diffusion-3.5-medium__cook__202625140603008,202625140603008,wayk'uq,ok,10,0,10,robustness|stabilityai/stable-diffusion-3.5-medium|qu,3,4,colab,images/main/metadata_colab_<run_id>.parquet,images/main
robustness,stabilityai/stable-diffusion-3.5-medium,local_diffusers,qu,MULTI,cook,stabilityai/stable-diffusion-3.5-medium|qu|MULTI|cook,stabilityai/stable-diffusion-3.5-medium|qu|MULTI|cook,stabilityai_stable-diffusion-3.5-medium__cook__202625140603009,202625140603009,wayk'uq,ok,10,0,10,robustness|stabilityai/stable-diffusion-3.5-medium|qu,1,4,colab,images/main/metadata_colab_<run_id>.parquet,images/main
robustness,pollinations/flux,pollinations,gn,MULTI,cook,pollinations/flux|gn|MULTI|cook,pollinations/flux|gn|MULTI|cook,pollinations_flux__cook__202625140610000,202625140610000,tembiʼuʼapoha,ok,10,0,10,robustness|pollinations/flux|gn,2,4,local,images/main/metadata_local_<run_id>.parquet,images/main
robustness,pollinations/flux,pollinations,gn,MULTI,cook,pollinations/flux|gn|MULTI|cook,pollinations/flux|gn|MULTI|cook,pollinations_flux__cook__202625140610001,202625140610001,tembiʼuʼapoha,ok,10,0,10,robustness|pollinations/flux|gn,2,4,local,images/main/metadata_local_<run_id>.parquet,images/main
robustness,pollinations/flux,pollinations,gn,MULTI,cook,pollinations/flux|gn|MULTI|cook,pollinations/flux|gn|MULTI|cook,pollinations_flux__cook__202625140610002,202625140610002,tembiʼuʼapoha,ok,10,0,10,robustness|pollinations/flux|gn,2,4,local,images/main/metadata_local_<run_id>.parquet,images/main
robustness,pollinations/flux,pollinations,gn,MULTI,cook,pollinations/flux|gn|MULTI|cook,pollinations/flux|gn|MULTI|cook,pollinations_flux__cook__202625140610003,202625140610003,tembiʼuʼapoha,ok,10,0,10,robustness|pollinations/flux|gn,3,4,local,images/main/metadata_local_<run_id>.parquet,images/main
robustness,pollinations/flux,pollinations,gn,MULTI,cook,pollinations/flux|gn|MULTI|cook,pollinations/flux|gn|MULTI|cook,pollinations_flux__cook__202625140610004,202625140610004,tembiʼuʼapoha,ok,10,0,10,robustness|pollinations/flux|gn,3,4,local,images/main/metadata_local_<run_id>.parquet,images/main
robustness,pollinations/flux,pollinations,gn,MULTI,cook,pollinations/flux|gn|MULTI|cook,pollinations/flux|gn|MULTI|cook,pollinations_flux__cook__202625140610005,202625140610005,tembiʼuʼapoha,ok,10,0,10,robustness|pollinations/flux|gn,1,4,local,images/main/metadata_local_<run_id>.parquet,images/main
robustness,pollinations/flux,pollinations,gn,MULTI,cook,pollinations/flux|gn|MULTI|cook,pollinations/flux|gn|MULTI|cook,pollinations_flux__cook__202625140610006,202625140610006,tembiʼuʼapoha,ok,10,0,10,robustness|pollinations/flux|gn,3,4,local,images/main/metadata_local_<run_id>.parquet,images/main
robustness,pollinations/flux,pollinations,gn,MULTI,cook,pollinations/flux|gn|MULTI|cook,pollinations/flux|gn|MULTI|cook,pollinations_flux__cook__202625140610007,202625140610007,tembiʼuʼapoha,ok,10,0,10,robustness|pollinations/flux|gn,0,4,local,images/main/metadata_local_<run_id>.parquet,images/main
robustness,pollinations/flux,pollinations,gn,MULTI,cook,pollinations/flux|gn|MULTI|cook,pollinations/flux|gn|MULTI|cook,pollinations_flux__cook__202625140610008,202625140610008,tembiʼuʼapoha,ok,10,0,10,robustness|pollinations/flux|gn,3,4,local,images/main/metadata_local_<run_id>.parquet,images/main
robustness,pollinations/flux,pollinations,gn,MULTI,cook,pollinations/flux|gn|MULTI|cook,pollinations/flux|gn|MULTI|cook,pollinations_flux__cook__202625140610009,202625140610009,tembiʼuʼapoha,ok,10,0,10,robustness|pollinations/flux|gn,3,4,local,images/main/metadata_local_<run_id>.parquet,images/main
robustness,stabilityai/stable-diffusion-3.5-medium,local_diffusers,gn,MULTI,cook,stabilityai/stable-diffusion-3.5-medium|gn|MULTI|cook,stabilityai/stable-diffusion-3.5-medium|gn|MULTI|cook,stabilityai_stable-diffusion-3.5-medium__cook__202625140613000,202625140613000,tembiʼuʼapoha,ok,10,0,10,robustness|stabilityai/stable-diffusion-3.5-medium|gn,2,4,colab,images/main/metadata_colab_<run_id>.parquet,images/main
robustness,stabilityai/stable-diffusion-3.5-medium,local_diffusers,gn,MULTI,cook,stabilityai/stable-diffusion-3.5-medium|gn|MULTI|cook,stabilityai/stable-diffusion-3.5-medium|gn|MULTI|cook,stabilityai_stable-diffusion-3.5-medium__cook__202625140613001,202625140613001,tembiʼuʼapoha,ok,10,0,10,robustness|stabilityai/stable-diffusion-3.5-medium|gn,3,4,colab,images/main/metadata_colab_<run_id>.parquet,images/main
robustness,stabilityai/stable-diffusion-3.5-medium,local_diffusers,gn,MULTI,cook,stabilityai/stable-diffusion-3.5-medium|gn|MULTI|cook,stabilityai/stable-diffusion-3.5-medium|gn|MULTI|cook,stabilityai_stable-diffusion-3.5-medium__cook__202625140613002,202625140613002,tembiʼuʼapoha,ok,10,0,10,robustness|stabilityai/stable-diffusion-3.5-medium|gn,3,4,colab,images/main/metadata_colab_<run_id>.parquet,images/main
robustness,stabilityai/stable-diffusion-3.5-medium,local_diffusers,gn,MULTI,cook,stabilityai/stable-diffusion-3.5-medium|gn|MULTI|cook,stabilityai/stable-diffusion-3.5-medium|gn|MULTI|cook,stabilityai_stable-diffusion-3.5-medium__cook__202625140613003,202625140613003,tembiʼuʼapoha,ok,10,0,10,robustness|stabilityai/stable-diffusion-3.5-medium|gn,1,4,colab,images/main/metadata_colab_<run_id>.parquet,images/main
robustness,stabilityai/stable-diffusion-3.5-medium,local_diffusers,gn,MULTI,cook,stabilityai/stable-diffusion-3.5-medium|gn|MULTI|cook,stabilityai/stable-diffusion-3.5-medium|gn|MULTI|cook,stabilityai_stable-diffusion-3.5-medium__cook__202625140613004,202625140613004,tembiʼuʼapoha,ok,10,0,10,robustness|stabilityai/stable-diffusion-3.5-medium|gn,0,4,colab,images/main/metadata_colab_<run_id>.parquet,images/main
robustness,stabilityai/stable-diffusion-3.5-medium,local_diffusers,gn,MULTI,cook,stabilityai/stable-diffusion-3.5-medium|gn|MULTI|cook,stabilityai/stable-diffusion-3.5-medium|gn|MULTI|cook,stabilityai_stable-diffusion-3.5-medium__cook__202625140613005,202625140613005,tembiʼuʼapoha,ok,10,0,10,robustness|stabilityai/stable-diffusion-3.5-medium|gn,3,4,colab,images/main/metadata_colab_<run_id>.parquet,images/main
robustness,stabilityai/stable-diffusion-3.5-medium,local_diffusers,gn,MULTI,cook,stabilityai/stable-diffusion-3.5-medium|gn|MULTI|cook,stabilityai/stable-diffusion-3.5-medium|gn|MULTI|cook,stabilityai_stable-diffusion-3.5-medium__cook__202625140613006,202625140613006,tembiʼuʼapoha,ok,10,0,10,robustness|stabilityai/stable-diffusion-3.5-medium|gn,1,4,colab,images/main/metadata_colab_<run_id>.parquet,images/main
robustness,stabilityai/stable-diffusion-3.5-medium,local_diffusers,gn,MULTI,cook,stabilityai/stable-diffusion-3.5-medium|gn|MULTI|cook,stabilityai/stable-diffusion-3.5-medium|gn|MULTI|cook,stabilityai_stable-diffusion-3.5-medium__cook__202625140613007,202625140613007,tembiʼuʼapoha,ok,10,0,10,robustness|stabilityai/stable-diffusion-3.5-medium|gn,3,4,colab,images/main/metadata_colab_<run_id>.parquet,images/main
robustness,stabilityai/stable-diffusion-3.5-medium,local_diffusers,gn,MULTI,cook,stabilityai/stable-diffusion-3.5-medium|gn|MULTI|cook,stabilityai/stable-diffusion-3.5-medium|gn|MULTI|cook,stabilityai_stable-diffusion-3.5-medium__cook__202625140613008,202625140613008,tembiʼuʼapoha,ok,10,0,10,robustness|stabilityai/stable-diffusion-3.5-medium|gn,1,4,colab,images/main/metadata_colab_<run_id>.parquet,images/main
robustness,stabilityai/stable-diffusion-3.5-medium,local_diffusers,gn,MULTI,cook,stabilityai/stable-diffusion-3.5-medium|gn|MULTI|cook,stabilityai/stable-diffusion-3.5-medium|gn|MULTI|cook,stabilityai_stable-diffusion-3.5-medium__cook__202625140613009,202625140613009,tembiʼuʼapoha,ok,10,0,10,robustness|stabilityai/stable-diffusion-3.5-medium|gn,2,4,colab,images/main/metadata_colab_<run_id>.parquet,images/main
robustness,pollinations/flux,pollinations,qu,MULTI,construction worker,pollinations/flux|qu|MULTI|construction worker,pollinations/flux|qu|MULTI|construction worker,pollinations_flux__construction_worker__202625140700000,202625140700000,wasi ruraq,ok,10,0,10,robustness|pollinations/flux|qu,1,4,local,images/main/metadata_local_<run_id>.parquet,images/main
robustness,pollinations/flux,pollinations,qu,MULTI,construction worker,pollinations/flux|qu|MULTI|construction worker,pollinations/flux|qu|MULTI|construction worker,pollinations_flux__construction_worker__202625140700001,202625140700001,wasi ruraq,ok,10,0,10,robustness|pollinations/flux|qu,3,4,local,images/main/metadata_local_<run_id>.parquet,images/main
robustness,pollinations/flux,pollinations,qu,MULTI,construction worker,pollinations/flux|qu|MULTI|construction worker,pollinations/flux|qu|MULTI|construction worker,pollinations_flux__construction_worker__202625140700002,202625140700002,wasi ruraq,ok,10,0,10,robustness|pollinations/flux|qu,1,4,local,images/main/metadata_local_<run_id>.parquet,images/main
robustness,pollinations/flux,pollinations,qu,MULTI,construction worker,pollinations/flux|qu|MULTI|construction worker,pollinations/flux|qu|MULTI|construction worker,pollinations_flux__construction_worker__202625140700003,202625140700003,wasi ruraq,ok,10,0,10,robustness|pollinations/flux|qu,0,4,local,images/main/metadata_local_<run_id>.parquet,images/main
robustness,pollinations/flux,pollinations,qu,MULTI,construction worker,pollinations/flux|qu|MULTI|construction worker,pollinations/flux|qu|MULTI|construction worker,pollinations_flux__construction_worker__202625140700004,202625140700004,wasi ruraq,ok,10,0,10,robustness|pollinations/flux|qu,2,4,local,images/main/metadata_local_<run_id>.parquet,images/main
robustness,pollinations/flux,pollinations,qu,MULTI,construction worker,pollinations/flux|qu|MULTI|construction worker,pollinations/flux|qu|MULTI|construction worker,pollinations_flux__construction_worker__202625140700005,202625140700005,wasi ruraq,ok,10,0,10,robustness|pollinations/flux|qu,3,4,local,images/main/metadata_local_<run_id>.parquet,images/main
robustness,pollinations/flux,pollinations,qu,MULTI,construction worker,pollinations/flux|qu|MULTI|construction worker,pollinations/flux|qu|MULTI|construction worker,pollinations_flux__construction_worker__202625140700006,202625140700006,wasi ruraq,ok,10,0,10,robustness|pollinations/flux|qu,3,4,local,images/main/metadata_local_<run_id>.parquet,images/main
robustness,pollinations/flux,pollinations,qu,MULTI,construction worker,pollinations/flux|qu|MULTI|construction worker,pollinations/flux|qu|MULTI|construction worker,pollinations_flux__construction_worker__202625140700007,202625140700007,wasi ruraq,ok,10,0,10,robustness|pollinations/flux|qu,3,4,local,images/main/metadata_local_<run_id>.parquet,images/main
robustness,pollinations/flux,pollinations,qu,MULTI,construction worker,pollinations/flux|qu|MULTI|construction worker,pollinations/flux|qu|MULTI|construction worker,pollinations_flux__construction_worker__202625140700008,202625140700008,wasi ruraq,ok,10,0,10,robustness|pollinations/flux|qu,2,4,local,images/main/metadata_local_<run_id>.parquet,images/main
robustness,pollinations/flux,pollinations,qu,MULTI,construction worker,pollinations/flux|qu|MULTI|construction worker,pollinations/flux|qu|MULTI|construction worker,pollinations_flux__construction_worker__202625140700009,202625140700009,wasi ruraq,ok,10,0,10,robustness|pollinations/flux|qu,1,4,local,images/main/metadata_local_<run_id>.parquet,images/main
robustness,stabilityai/stable-diffusion-3.5-medium,local_diffusers,qu,MULTI,construction worker,stabilityai/stable-diffusion-3.5-medium|qu|MULTI|construction worker,stabilityai/stable-diffusion-3.5-medium|qu|MULTI|construction worker,stabilityai_stable-diffusion-3.5-medium__construction_worker__202625140703000,202625140703000,wasi ruraq,ok,10,0,10,robustness|stabilityai/stable-diffusion-3.5-medium|qu,1,4,colab,images/main/metadata_colab_<run_id>.parquet,images/main
robustness,stabilityai/stable-diffusion-3.5-medium,local_diffusers,qu,MULTI,construction worker,stabilityai/stable-diffusion-3.5-medium|qu|MULTI|construction worker,stabilityai/stable-diffusion-3.5-medium|qu|MULTI|construction worker,stabilityai_stable-diffusion-3.5-medium__construction_worker__202625140703001,202625140703001,wasi ruraq,ok,10,0,10,robustness|stabilityai/stable-diffusion-3.5-medium|qu,1,4,colab,images/main/metadata_colab_<run_id>.parquet,images/main
robustness,stabilityai/stable-diffusion-3.5-medium,local_diffusers,qu,MULTI,construction worker,stabilityai/stable-diffusion-3.5-medium|qu|MULTI|construction worker,stabilityai/stable-diffusion-3.5-medium|qu|MULTI|construction worker,stabilityai_stable-diffusion-3.5-medium__construction_worker__202625140703002,202625140703002,wasi ruraq,ok,10,0,10,robustness|stabilityai/stable-diffusion-3.5-medium|qu,0,4,colab,images/main/metadata_colab_<run_id>.parquet,images/main
robustness,stabilityai/stable-diffusion-3.5-medium,local_diffusers,qu,MULTI,construction worker,stabilityai/stable-diffusion-3.5-medium|qu|MULTI|construction worker,stabilityai/stable-diffusion-3.5-medium|qu|MULTI|construction worker,stabilityai_stable-diffusion-3.5-medium__construction_worker__202625140703003,202625140703003,wasi ruraq,ok,10,0,10,robustness|stabilityai/stable-diffusion-3.5-medium|qu,3,4,colab,images/main/metadata_colab_<run_id>.parquet,images/main
robustness,stabilityai/stable-diffusion-3.5-medium,local_diffusers,qu,MULTI,construction worker,stabilityai/stable-diffusion-3.5-medium|qu|MULTI|construction worker,stabilityai/stable-diffusion-3.5-medium|qu|MULTI|construction worker,stabilityai_stable-diffusion-3.5-medium__construction_worker__202625140703004,202625140703004,wasi ruraq,ok,10,0,10,robustness|stabilityai/stable-diffusion-3.5-medium|qu,0,4,colab,images/main/metadata_colab_<run_id>.parquet,images/main
robustness,stabilityai/stable-diffusion-3.5-medium,local_diffusers,qu,MULTI,construction worker,stabilityai/stable-diffusion-3.5-medium|qu|MULTI|construction worker,stabilityai/stable-diffusion-3.5-medium|qu|MULTI|construction worker,stabilityai_stable-diffusion-3.5-medium__construction_worker__202625140703005,202625140703005,wasi ruraq,ok,10,0,10,robustness|stabilityai/stable-diffusion-3.5-medium|qu,2,4,colab,images/main/metadata_colab_<run_id>.parquet,images/main
robustness,stabilityai/stable-diffusion-3.5-medium,local_diffusers,qu,MULTI,construction worker,stabilityai/stable-diffusion-3.5-medium|qu|MULTI|construction worker,stabilityai/stable-diffusion-3.5-medium|qu|MULTI|construction worker,stabilityai_stable-diffusion-3.5-medium__construction_worker__202625140703006,202625140703006,wasi ruraq,ok,10,0,10,robustness|stabilityai/stable-diffusion-3.5-medium|qu,2,4,colab,images/main/metadata_colab_<run_id>.parquet,images/main
robustness,stabilityai/stable-diffusion-3.5-medium,local_diffusers,qu,MULTI,construction worker,stabilityai/stable-diffusion-3.5-medium|qu|MULTI|construction worker,stabilityai/stable-diffusion-3.5-medium|qu|MULTI|construction worker,stabilityai_stable-diffusion-3.5-medium__construction_worker__202625140703007,202625140703007,wasi ruraq,ok,10,0,10,robustness|stabilityai/stable-diffusion-3.5-medium|qu,3,4,colab,images/main/metadata_colab_<run_id>.parquet,images/main
robustness,stabilityai/stable-diffusion-3.5-medium,local_diffusers,qu,MULTI,construction worker,stabilityai/stable-diffusion-3.5-medium|qu|MULTI|construction worker,stabilityai/stable-diffusion-3.5-medium|qu|MULTI|construction worker,stabilityai_stable-diffusion-3.5-medium__construction_worker__202625140703008,202625140703008,wasi ruraq,ok,10,0,10,robustness|stabilityai/stable-diffusion-3.5-medium|qu,2,4,colab,images/main/metadata_colab_<run_id>.parquet,images/main
robustness,stabilityai/stable-diffusion-3.5-medium,local_diffusers,qu,MULTI,construction worker,stabilityai/stable-diffusion-3.5-medium|qu|MULTI|construction worker,stabilityai/stable-diffusion-3.5-medium|qu|MULTI|construction worker,stabilityai_stable-diffusion-3.5-medium__construction_worker__202625140703009,202625140703009,wasi ruraq,ok,10,0,10,robustness|stabilityai/stable-diffusion-3.5-medium|qu,1,4,colab,images/main/metadata_colab_<run_id>.parquet,images/main
robustness,pollinations/flux,pollinations,gn,MULTI,construction worker,pollinations/flux|gn|MULTI|construction worker,pollinations/flux|gn|MULTI|construction worker,pollinations_flux__construction_worker__202625140710000,202625140710000,,unavailable:ValueError:no documented gn translation for occupation 'construction worker',10,0,10,robustness|pollinations/flux|gn,3,4,local,images/main/metadata_local_<run_id>.parquet,images/main
robustness,pollinations/flux,pollinations,gn,MULTI,construction worker,pollinations/flux|gn|MULTI|construction worker,pollinations/flux|gn|MULTI|construction worker,pollinations_flux__construction_worker__202625140710001,202625140710001,,unavailable:ValueError:no documented gn translation for occupation 'construction worker',10,0,10,robustness|pollinations/flux|gn,1,4,local,images/main/metadata_local_<run_id>.parquet,images/main
robustness,pollinations/flux,pollinations,gn,MULTI,construction worker,pollinations/flux|gn|MULTI|construction worker,pollinations/flux|gn|MULTI|construction worker,pollinations_flux__construction_worker__202625140710002,202625140710002,,unavailable:ValueError:no documented gn translation for occupation 'construction worker',10,0,10,robustness|pollinations/flux|gn,0,4,local,images/main/metadata_local_<run_id>.parquet,images/main
robustness,pollinations/flux,pollinations,gn,MULTI,construction worker,pollinations/flux|gn|MULTI|construction worker,pollinations/flux|gn|MULTI|construction worker,pollinations_flux__construction_worker__202625140710003,202625140710003,,unavailable:ValueError:no documented gn translation for occupation 'construction worker',10,0,10,robustness|pollinations/flux|gn,3,4,local,images/main/metadata_local_<run_id>.parquet,images/main
robustness,pollinations/flux,pollinations,gn,MULTI,construction worker,pollinations/flux|gn|MULTI|construction worker,pollinations/flux|gn|MULTI|construction worker,pollinations_flux__construction_worker__202625140710004,202625140710004,,unavailable:ValueError:no documented gn translation for occupation 'construction worker',10,0,10,robustness|pollinations/flux|gn,3,4,local,images/main/metadata_local_<run_id>.parquet,images/main
robustness,pollinations/flux,pollinations,gn,MULTI,construction worker,pollinations/flux|gn|MULTI|construction worker,pollinations/flux|gn|MULTI|construction worker,pollinations_flux__construction_worker__202625140710005,202625140710005,,unavailable:ValueError:no documented gn translation for occupation 'construction worker',10,0,10,robustness|pollinations/flux|gn,0,4,local,images/main/metadata_local_<run_id>.parquet,images/main
robustness,pollinations/flux,pollinations,gn,MULTI,construction worker,pollinations/flux|gn|MULTI|construction worker,pollinations/flux|gn|MULTI|construction worker,pollinations_flux__construction_worker__202625140710006,202625140710006,,unavailable:ValueError:no documented gn translation for occupation 'construction worker',10,0,10,robustness|pollinations/flux|gn,3,4,local,images/main/metadata_local_<run_id>.parquet,images/main
robustness,pollinations/flux,pollinations,gn,MULTI,construction worker,pollinations/flux|gn|MULTI|construction worker,pollinations/flux|gn|MULTI|construction worker,pollinations_flux__construction_worker__202625140710007,202625140710007,,unavailable:ValueError:no documented gn translation for occupation 'construction worker',10,0,10,robustness|pollinations/flux|gn,0,4,local,images/main/metadata_local_<run_id>.parquet,images/main
robustness,pollinations/flux,pollinations,gn,MULTI,construction worker,pollinations/flux|gn|MULTI|construction worker,pollinations/flux|gn|MULTI|construction worker,pollinations_flux__construction_worker__202625140710008,202625140710008,,unavailable:ValueError:no documented gn translation for occupation 'construction worker',10,0,10,robustness|pollinations/flux|gn,0,4,local,images/main/metadata_local_<run_id>.parquet,images/main
robustness,pollinations/flux,pollinations,gn,MULTI,construction worker,pollinations/flux|gn|MULTI|construction worker,pollinations/flux|gn|MULTI|construction worker,pollinations_flux__construction_worker__202625140710009,202625140710009,,unavailable:ValueError:no documented gn translation for occupation 'construction worker',10,0,10,robustness|pollinations/flux|gn,3,4,local,images/main/metadata_local_<run_id>.parquet,images/main
robustness,runwayml/stable-diffusion-v1-5,local_diffusers,gn,MULTI,construction worker,runwayml/stable-diffusion-v1-5|gn|MULTI|construction worker,runwayml/stable-diffusion-v1-5|gn|MULTI|construction worker,runwayml_stable-diffusion-v1-5__construction_worker__202625140711000,202625140711000,,unavailable:ValueError:no documented gn translation for occupation 'construction worker',10,0,10,robustness|runwayml/stable-diffusion-v1-5|gn,0,4,kaggle,images/main/metadata_kaggle_<run_id>.parquet,images/main
robustness,runwayml/stable-diffusion-v1-5,local_diffusers,gn,MULTI,construction worker,runwayml/stable-diffusion-v1-5|gn|MULTI|construction worker,runwayml/stable-diffusion-v1-5|gn|MULTI|construction worker,runwayml_stable-diffusion-v1-5__construction_worker__202625140711001,202625140711001,,unavailable:ValueError:no documented gn translation for occupation 'construction worker',10,0,10,robustness|runwayml/stable-diffusion-v1-5|gn,3,4,kaggle,images/main/metadata_kaggle_<run_id>.parquet,images/main
robustness,runwayml/stable-diffusion-v1-5,local_diffusers,gn,MULTI,construction worker,runwayml/stable-diffusion-v1-5|gn|MULTI|construction worker,runwayml/stable-diffusion-v1-5|gn|MULTI|construction worker,runwayml_stable-diffusion-v1-5__construction_worker__202625140711002,202625140711002,,unavailable:ValueError:no documented gn translation for occupation 'construction worker',10,0,10,robustness|runwayml/stable-diffusion-v1-5|gn,3,4,kaggle,images/main/metadata_kaggle_<run_id>.parquet,images/main
robustness,runwayml/stable-diffusion-v1-5,local_diffusers,gn,MULTI,construction worker,runwayml/stable-diffusion-v1-5|gn|MULTI|construction worker,runwayml/stable-diffusion-v1-5|gn|MULTI|construction worker,runwayml_stable-diffusion-v1-5__construction_worker__202625140711003,202625140711003,,unavailable:ValueError:no documented gn translation for occupation 'construction worker',10,0,10,robustness|runwayml/stable-diffusion-v1-5|gn,0,4,kaggle,images/main/metadata_kaggle_<run_id>.parquet,images/main
robustness,runwayml/stable-diffusion-v1-5,local_diffusers,gn,MULTI,construction worker,runwayml/stable-diffusion-v1-5|gn|MULTI|construction worker,runwayml/stable-diffusion-v1-5|gn|MULTI|construction worker,runwayml_stable-diffusion-v1-5__construction_worker__202625140711004,202625140711004,,unavailable:ValueError:no documented gn translation for occupation 'construction worker',10,0,10,robustness|runwayml/stable-diffusion-v1-5|gn,0,4,kaggle,images/main/metadata_kaggle_<run_id>.parquet,images/main
robustness,runwayml/stable-diffusion-v1-5,local_diffusers,gn,MULTI,construction worker,runwayml/stable-diffusion-v1-5|gn|MULTI|construction worker,runwayml/stable-diffusion-v1-5|gn|MULTI|construction worker,runwayml_stable-diffusion-v1-5__construction_worker__202625140711005,202625140711005,,unavailable:ValueError:no documented gn translation for occupation 'construction worker',10,0,10,robustness|runwayml/stable-diffusion-v1-5|gn,3,4,kaggle,images/main/metadata_kaggle_<run_id>.parquet,images/main
robustness,runwayml/stable-diffusion-v1-5,local_diffusers,gn,MULTI,construction worker,runwayml/stable-diffusion-v1-5|gn|MULTI|construction worker,runwayml/stable-diffusion-v1-5|gn|MULTI|construction worker,runwayml_stable-diffusion-v1-5__construction_worker__202625140711006,202625140711006,,unavailable:ValueError:no documented gn translation for occupation 'construction worker',10,0,10,robustness|runwayml/stable-diffusion-v1-5|gn,1,4,kaggle,images/main/metadata_kaggle_<run_id>.parquet,images/main
robustness,runwayml/stable-diffusion-v1-5,local_diffusers,gn,MULTI,construction worker,runwayml/stable-diffusion-v1-5|gn|MULTI|construction worker,runwayml/stable-diffusion-v1-5|gn|MULTI|construction worker,runwayml_stable-diffusion-v1-5__construction_worker__202625140711007,202625140711007,,unavailable:ValueError:no documented gn translation for occupation 'construction worker',10,0,10,robustness|runwayml/stable-diffusion-v1-5|gn,2,4,kaggle,images/main/metadata_kaggle_<run_id>.parquet,images/main
robustness,runwayml/stable-diffusion-v1-5,local_diffusers,gn,MULTI,construction worker,runwayml/stable-diffusion-v1-5|gn|MULTI|construction worker,runwayml/stable-diffusion-v1-5|gn|MULTI|construction worker,runwayml_stable-diffusion-v1-5__construction_worker__202625140711008,202625140711008,,unavailable:ValueError:no documented gn translation for occupation 'construction worker',10,0,10,robustness|runwayml/stable-diffusion-v1-5|gn,0,4,kaggle,images/main/metadata_kaggle_<run_id>.parquet,images/main
robustness,runwayml/stable-diffusion-v1-5,local_diffusers,gn,MULTI,construction worker,runwayml/stable-diffusion-v1-5|gn|MULTI|construction worker,runwayml/stable-diffusion-v1-5|gn|MULTI|construction worker,runwayml_stable-diffusion-v1-5__construction_worker__202625140711009,202625140711009,,unavailable:ValueError:no documented gn translation for occupation 'construction worker',10,0,10,robustness|runwayml/stable-diffusion-v1-5|gn,0,4,kaggle,images/main/metadata_kaggle_<run_id>.parquet,images/main
robustness,stabilityai/stable-diffusion-xl-base-1.0,local_diffusers,gn,MULTI,construction worker,stabilityai/stable-diffusion-xl-base-1.0|gn|MULTI|construction worker,stabilityai/stable-diffusion-xl-base-1.0|gn|MULTI|construction worker,stabilityai_stable-diffusion-xl-base-1.0__construction_worker__202625140712000,202625140712000,,unavailable:ValueError:no documented gn translation for occupation 'construction worker',10,0,10,robustness|stabilityai/stable-diffusion-xl-base-1.0|gn,0,4,kaggle,images/main/metadata_kaggle_<run_id>.parquet,images/main
robustness,stabilityai/stable-diffusion-xl-base-1.0,local_diffusers,gn,MULTI,construction worker,stabilityai/stable-diffusion-xl-base-1.0|gn|MULTI|construction worker,stabilityai/stable-diffusion-xl-base-1.0|gn|MULTI|construction worker,stabilityai_stable-diffusion-xl-base-1.0__construction_worker__202625140712001,202625140712001,,unavailable:ValueError:no documented gn translation for occupation 'construction worker',10,0,10,robustness|stabilityai/stable-diffusion-xl-base-1.0|gn,3,4,kaggle,images/main/metadata_kaggle_<run_id>.parquet,images/main
robustness,stabilityai/stable-diffusion-xl-base-1.0,local_diffusers,gn,MULTI,construction worker,stabilityai/stable-diffusion-xl-base-1.0|gn|MULTI|construction worker,stabilityai/stable-diffusion-xl-base-1.0|gn|MULTI|construction worker,stabilityai_stable-diffusion-xl-base-1.0__construction_worker__202625140712002,202625140712002,,unavailable:ValueError:no documented gn translation for occupation 'construction worker',10,0,10,robustness|stabilityai/stable-diffusion-xl-base-1.0|gn,2,4,kaggle,images/main/metadata_kaggle_<run_id>.parquet,images/main
robustness,stabilityai/stable-diffusion-xl-base-1.0,local_diffusers,gn,MULTI,construction worker,stabilityai/stable-diffusion-xl-base-1.0|gn|MULTI|construction worker,stabilityai/stable-diffusion-xl-base-1.0|gn|MULTI|construction worker,stabilityai_stable-diffusion-xl-base-1.0__construction_worker__202625140712003,202625140712003,,unavailable:ValueError:no documented gn translation for occupation 'construction worker',10,0,10,robustness|stabilityai/stable-diffusion-xl-base-1.0|gn,0,4,kaggle,images/main/metadata_kaggle_<run_id>.parquet,images/main
robustness,stabilityai/stable-diffusion-xl-base-1.0,local_diffusers,gn,MULTI,construction worker,stabilityai/stable-diffusion-xl-base-1.0|gn|MULTI|construction worker,stabilityai/stable-diffusion-xl-base-1.0|gn|MULTI|construction worker,stabilityai_stable-diffusion-xl-base-1.0__construction_worker__202625140712004,202625140712004,,unavailable:ValueError:no documented gn translation for occupation 'construction worker',10,0,10,robustness|stabilityai/stable-diffusion-xl-base-1.0|gn,1,4,kaggle,images/main/metadata_kaggle_<run_id>.parquet,images/main
robustness,stabilityai/stable-diffusion-xl-base-1.0,local_diffusers,gn,MULTI,construction worker,stabilityai/stable-diffusion-xl-base-1.0|gn|MULTI|construction worker,stabilityai/stable-diffusion-xl-base-1.0|gn|MULTI|construction worker,stabilityai_stable-diffusion-xl-base-1.0__construction_worker__202625140712005,202625140712005,,unavailable:ValueError:no documented gn translation for occupation 'construction worker',10,0,10,robustness|stabilityai/stable-diffusion-xl-base-1.0|gn,3,4,kaggle,images/main/metadata_kaggle_<run_id>.parquet,images/main
robustness,stabilityai/stable-diffusion-xl-base-1.0,local_diffusers,gn,MULTI,construction worker,stabilityai/stable-diffusion-xl-base-1.0|gn|MULTI|construction worker,stabilityai/stable-diffusion-xl-base-1.0|gn|MULTI|construction worker,stabilityai_stable-diffusion-xl-base-1.0__construction_worker__202625140712006,202625140712006,,unavailable:ValueError:no documented gn translation for occupation 'construction worker',10,0,10,robustness|stabilityai/stable-diffusion-xl-base-1.0|gn,3,4,kaggle,images/main/metadata_kaggle_<run_id>.parquet,images/main
robustness,stabilityai/stable-diffusion-xl-base-1.0,local_diffusers,gn,MULTI,construction worker,stabilityai/stable-diffusion-xl-base-1.0|gn|MULTI|construction worker,stabilityai/stable-diffusion-xl-base-1.0|gn|MULTI|construction worker,stabilityai_stable-diffusion-xl-base-1.0__construction_worker__202625140712007,202625140712007,,unavailable:ValueError:no documented gn translation for occupation 'construction worker',10,0,10,robustness|stabilityai/stable-diffusion-xl-base-1.0|gn,1,4,kaggle,images/main/metadata_kaggle_<run_id>.parquet,images/main
robustness,stabilityai/stable-diffusion-xl-base-1.0,local_diffusers,gn,MULTI,construction worker,stabilityai/stable-diffusion-xl-base-1.0|gn|MULTI|construction worker,stabilityai/stable-diffusion-xl-base-1.0|gn|MULTI|construction worker,stabilityai_stable-diffusion-xl-base-1.0__construction_worker__202625140712008,202625140712008,,unavailable:ValueError:no documented gn translation for occupation 'construction worker',10,0,10,robustness|stabilityai/stable-diffusion-xl-base-1.0|gn,2,4,kaggle,images/main/metadata_kaggle_<run_id>.parquet,images/main
robustness,stabilityai/stable-diffusion-xl-base-1.0,local_diffusers,gn,MULTI,construction worker,stabilityai/stable-diffusion-xl-base-1.0|gn|MULTI|construction worker,stabilityai/stable-diffusion-xl-base-1.0|gn|MULTI|construction worker,stabilityai_stable-diffusion-xl-base-1.0__construction_worker__202625140712009,202625140712009,,unavailable:ValueError:no documented gn translation for occupation 'construction worker',10,0,10,robustness|stabilityai/stable-diffusion-xl-base-1.0|gn,3,4,kaggle,images/main/metadata_kaggle_<run_id>.parquet,images/main
robustness,stabilityai/stable-diffusion-3.5-medium,local_diffusers,gn,MULTI,construction worker,stabilityai/stable-diffusion-3.5-medium|gn|MULTI|construction worker,stabilityai/stable-diffusion-3.5-medium|gn|MULTI|construction worker,stabilityai_stable-diffusion-3.5-medium__construction_worker__202625140713000,202625140713000,,unavailable:ValueError:no documented gn translation for occupation 'construction worker',10,0,10,robustness|stabilityai/stable-diffusion-3.5-medium|gn,0,4,colab,images/main/metadata_colab_<run_id>.parquet,images/main
robustness,stabilityai/stable-diffusion-3.5-medium,local_diffusers,gn,MULTI,construction worker,stabilityai/stable-diffusion-3.5-medium|gn|MULTI|construction worker,stabilityai/stable-diffusion-3.5-medium|gn|MULTI|construction worker,stabilityai_stable-diffusion-3.5-medium__construction_worker__202625140713001,202625140713001,,unavailable:ValueError:no documented gn translation for occupation 'construction worker',10,0,10,robustness|stabilityai/stable-diffusion-3.5-medium|gn,1,4,colab,images/main/metadata_colab_<run_id>.parquet,images/main
robustness,stabilityai/stable-diffusion-3.5-medium,local_diffusers,gn,MULTI,construction worker,stabilityai/stable-diffusion-3.5-medium|gn|MULTI|construction worker,stabilityai/stable-diffusion-3.5-medium|gn|MULTI|construction worker,stabilityai_stable-diffusion-3.5-medium__construction_worker__202625140713002,202625140713002,,unavailable:ValueError:no documented gn translation for occupation 'construction worker',10,0,10,robustness|stabilityai/stable-diffusion-3.5-medium|gn,0,4,colab,images/main/metadata_colab_<run_id>.parquet,images/main
robustness,stabilityai/stable-diffusion-3.5-medium,local_diffusers,gn,MULTI,construction worker,stabilityai/stable-diffusion-3.5-medium|gn|MULTI|construction worker,stabilityai/stable-diffusion-3.5-medium|gn|MULTI|construction worker,stabilityai_stable-diffusion-3.5-medium__construction_worker__202625140713003,202625140713003,,unavailable:ValueError:no documented gn translation for occupation 'construction worker',10,0,10,robustness|stabilityai/stable-diffusion-3.5-medium|gn,2,4,colab,images/main/metadata_colab_<run_id>.parquet,images/main
robustness,stabilityai/stable-diffusion-3.5-medium,local_diffusers,gn,MULTI,construction worker,stabilityai/stable-diffusion-3.5-medium|gn|MULTI|construction worker,stabilityai/stable-diffusion-3.5-medium|gn|MULTI|construction worker,stabilityai_stable-diffusion-3.5-medium__construction_worker__202625140713004,202625140713004,,unavailable:ValueError:no documented gn translation for occupation 'construction worker',10,0,10,robustness|stabilityai/stable-diffusion-3.5-medium|gn,3,4,colab,images/main/metadata_colab_<run_id>.parquet,images/main
robustness,stabilityai/stable-diffusion-3.5-medium,local_diffusers,gn,MULTI,construction worker,stabilityai/stable-diffusion-3.5-medium|gn|MULTI|construction worker,stabilityai/stable-diffusion-3.5-medium|gn|MULTI|construction worker,stabilityai_stable-diffusion-3.5-medium__construction_worker__202625140713005,202625140713005,,unavailable:ValueError:no documented gn translation for occupation 'construction worker',10,0,10,robustness|stabilityai/stable-diffusion-3.5-medium|gn,3,4,colab,images/main/metadata_colab_<run_id>.parquet,images/main
robustness,stabilityai/stable-diffusion-3.5-medium,local_diffusers,gn,MULTI,construction worker,stabilityai/stable-diffusion-3.5-medium|gn|MULTI|construction worker,stabilityai/stable-diffusion-3.5-medium|gn|MULTI|construction worker,stabilityai_stable-diffusion-3.5-medium__construction_worker__202625140713006,202625140713006,,unavailable:ValueError:no documented gn translation for occupation 'construction worker',10,0,10,robustness|stabilityai/stable-diffusion-3.5-medium|gn,2,4,colab,images/main/metadata_colab_<run_id>.parquet,images/main
robustness,stabilityai/stable-diffusion-3.5-medium,local_diffusers,gn,MULTI,construction worker,stabilityai/stable-diffusion-3.5-medium|gn|MULTI|construction worker,stabilityai/stable-diffusion-3.5-medium|gn|MULTI|construction worker,stabilityai_stable-diffusion-3.5-medium__construction_worker__202625140713007,202625140713007,,unavailable:ValueError:no documented gn translation for occupation 'construction worker',10,0,10,robustness|stabilityai/stable-diffusion-3.5-medium|gn,2,4,colab,images/main/metadata_colab_<run_id>.parquet,images/main
robustness,stabilityai/stable-diffusion-3.5-medium,local_diffusers,gn,MULTI,construction worker,stabilityai/stable-diffusion-3.5-medium|gn|MULTI|construction worker,stabilityai/stable-diffusion-3.5-medium|gn|MULTI|construction worker,stabilityai_stable-diffusion-3.5-medium__construction_worker__202625140713008,202625140713008,,unavailable:ValueError:no documented gn translation for occupation 'construction worker',10,0,10,robustness|stabilityai/stable-diffusion-3.5-medium|gn,0,4,colab,images/main/metadata_colab_<run_id>.parquet,images/main
robustness,stabilityai/stable-diffusion-3.5-medium,local_diffusers,gn,MULTI,construction worker,stabilityai/stable-diffusion-3.5-medium|gn|MULTI|construction worker,stabilityai/stable-diffusion-3.5-medium|gn|MULTI|construction worker,stabilityai_stable-diffusion-3.5-medium__construction_worker__202625140713009,202625140713009,,unavailable:ValueError:no documented gn translation for occupation 'construction worker',10,0,10,robustness|stabilityai/stable-diffusion-3.5-medium|gn,0,4,colab,images/main/metadata_colab_<run_id>.parquet,images/main
robustness,pollinations/flux,pollinations,qu,MULTI,domestic worker,pollinations/flux|qu|MULTI|domestic worker,pollinations/flux|qu|MULTI|domestic worker,pollinations_flux__domestic_worker__202625140800000,202625140800000,,unavailable:ValueError:no documented qu translation for occupation 'domestic worker',10,0,10,robustness|pollinations/flux|qu,3,4,local,images/main/metadata_local_<run_id>.parquet,images/main
robustness,pollinations/flux,pollinations,qu,MULTI,domestic worker,pollinations/flux|qu|MULTI|domestic worker,pollinations/flux|qu|MULTI|domestic worker,pollinations_flux__domestic_worker__202625140800001,202625140800001,,unavailable:ValueError:no documented qu translation for occupation 'domestic worker',10,0,10,robustness|pollinations/flux|qu,0,4,local,images/main/metadata_local_<run_id>.parquet,images/main
robustness,pollinations/flux,pollinations,qu,MULTI,domestic worker,pollinations/flux|qu|MULTI|domestic worker,pollinations/flux|qu|MULTI|domestic worker,pollinations_flux__domestic_worker__202625140800002,202625140800002,,unavailable:ValueError:no documented qu translation for occupation 'domestic worker',10,0,10,robustness|pollinations/flux|qu,0,4,local,images/main/metadata_local_<run_id>.parquet,images/main
robustness,pollinations/flux,pollinations,qu,MULTI,domestic worker,pollinations/flux|qu|MULTI|domestic worker,pollinations/flux|qu|MULTI|domestic worker,pollinations_flux__domestic_worker__202625140800003,202625140800003,,unavailable:ValueError:no documented qu translation for occupation 'domestic worker',10,0,10,robustness|pollinations/flux|qu,1,4,local,images/main/metadata_local_<run_id>.parquet,images/main
robustness,pollinations/flux,pollinations,qu,MULTI,domestic worker,pollinations/flux|qu|MULTI|domestic worker,pollinations/flux|qu|MULTI|domestic worker,pollinations_flux__domestic_worker__202625140800004,202625140800004,,unavailable:ValueError:no documented qu translation for occupation 'domestic worker',10,0,10,robustness|pollinations/flux|qu,3,4,local,images/main/metadata_local_<run_id>.parquet,images/main
robustness,pollinations/flux,pollinations,qu,MULTI,domestic worker,pollinations/flux|qu|MULTI|domestic worker,pollinations/flux|qu|MULTI|domestic worker,pollinations_flux__domestic_worker__202625140800005,202625140800005,,unavailable:ValueError:no documented qu translation for occupation 'domestic worker',10,0,10,robustness|pollinations/flux|qu,3,4,local,images/main/metadata_local_<run_id>.parquet,images/main
robustness,pollinations/flux,pollinations,qu,MULTI,domestic worker,pollinations/flux|qu|MULTI|domestic worker,pollinations/flux|qu|MULTI|domestic worker,pollinations_flux__domestic_worker__202625140800006,202625140800006,,unavailable:ValueError:no documented qu translation for occupation 'domestic worker',10,0,10,robustness|pollinations/flux|qu,1,4,local,images/main/metadata_local_<run_id>.parquet,images/main
robustness,pollinations/flux,pollinations,qu,MULTI,domestic worker,pollinations/flux|qu|MULTI|domestic worker,pollinations/flux|qu|MULTI|domestic worker,pollinations_flux__domestic_worker__202625140800007,202625140800007,,unavailable:ValueError:no documented qu translation for occupation 'domestic worker',10,0,10,robustness|pollinations/flux|qu,3,4,local,images/main/metadata_local_<run_id>.parquet,images/main
robustness,pollinations/flux,pollinations,qu,MULTI,domestic worker,pollinations/flux|qu|MULTI|domestic worker,pollinations/flux|qu|MULTI|domestic worker,pollinations_flux__domestic_worker__202625140800008,202625140800008,,unavailable:ValueError:no documented qu translation for occupation 'domestic worker',10,0,10,robustness|pollinations/flux|qu,2,4,local,images/main/metadata_local_<run_id>.parquet,images/main
robustness,pollinations/flux,pollinations,qu,MULTI,domestic worker,pollinations/flux|qu|MULTI|domestic worker,pollinations/flux|qu|MULTI|domestic worker,pollinations_flux__domestic_worker__202625140800009,202625140800009,,unavailable:ValueError:no documented qu translation for occupation 'domestic worker',10,0,10,robustness|pollinations/flux|qu,1,4,local,images/main/metadata_local_<run_id>.parquet,images/main
robustness,runwayml/stable-diffusion-v1-5,local_diffusers,qu,MULTI,domestic worker,runwayml/stable-diffusion-v1-5|qu|MULTI|domestic worker,runwayml/stable-diffusion-v1-5|qu|MULTI|domestic worker,runwayml_stable-diffusion-v1-5__domestic_worker__202625140801000,202625140801000,,unavailable:ValueError:no documented qu translation for occupation 'domestic worker',10,0,10,robustness|runwayml/stable-diffusion-v1-5|qu,2,4,kaggle,images/main/metadata_kaggle_<run_id>.parquet,images/main
robustness,runwayml/stable-diffusion-v1-5,local_diffusers,qu,MULTI,domestic worker,runwayml/stable-diffusion-v1-5|qu|MULTI|domestic worker,runwayml/stable-diffusion-v1-5|qu|MULTI|domestic worker,runwayml_stable-diffusion-v1-5__domestic_worker__202625140801001,202625140801001,,unavailable:ValueError:no documented qu translation for occupation 'domestic worker',10,0,10,robustness|runwayml/stable-diffusion-v1-5|qu,1,4,kaggle,images/main/metadata_kaggle_<run_id>.parquet,images/main
robustness,runwayml/stable-diffusion-v1-5,local_diffusers,qu,MULTI,domestic worker,runwayml/stable-diffusion-v1-5|qu|MULTI|domestic worker,runwayml/stable-diffusion-v1-5|qu|MULTI|domestic worker,runwayml_stable-diffusion-v1-5__domestic_worker__202625140801002,202625140801002,,unavailable:ValueError:no documented qu translation for occupation 'domestic worker',10,0,10,robustness|runwayml/stable-diffusion-v1-5|qu,1,4,kaggle,images/main/metadata_kaggle_<run_id>.parquet,images/main
robustness,runwayml/stable-diffusion-v1-5,local_diffusers,qu,MULTI,domestic worker,runwayml/stable-diffusion-v1-5|qu|MULTI|domestic worker,runwayml/stable-diffusion-v1-5|qu|MULTI|domestic worker,runwayml_stable-diffusion-v1-5__domestic_worker__202625140801003,202625140801003,,unavailable:ValueError:no documented qu translation for occupation 'domestic worker',10,0,10,robustness|runwayml/stable-diffusion-v1-5|qu,0,4,kaggle,images/main/metadata_kaggle_<run_id>.parquet,images/main
robustness,runwayml/stable-diffusion-v1-5,local_diffusers,qu,MULTI,domestic worker,runwayml/stable-diffusion-v1-5|qu|MULTI|domestic worker,runwayml/stable-diffusion-v1-5|qu|MULTI|domestic worker,runwayml_stable-diffusion-v1-5__domestic_worker__202625140801004,202625140801004,,unavailable:ValueError:no documented qu translation for occupation 'domestic worker',10,0,10,robustness|runwayml/stable-diffusion-v1-5|qu,0,4,kaggle,images/main/metadata_kaggle_<run_id>.parquet,images/main
robustness,runwayml/stable-diffusion-v1-5,local_diffusers,qu,MULTI,domestic worker,runwayml/stable-diffusion-v1-5|qu|MULTI|domestic worker,runwayml/stable-diffusion-v1-5|qu|MULTI|domestic worker,runwayml_stable-diffusion-v1-5__domestic_worker__202625140801005,202625140801005,,unavailable:ValueError:no documented qu translation for occupation 'domestic worker',10,0,10,robustness|runwayml/stable-diffusion-v1-5|qu,0,4,kaggle,images/main/metadata_kaggle_<run_id>.parquet,images/main
robustness,runwayml/stable-diffusion-v1-5,local_diffusers,qu,MULTI,domestic worker,runwayml/stable-diffusion-v1-5|qu|MULTI|domestic worker,runwayml/stable-diffusion-v1-5|qu|MULTI|domestic worker,runwayml_stable-diffusion-v1-5__domestic_worker__202625140801006,202625140801006,,unavailable:ValueError:no documented qu translation for occupation 'domestic worker',10,0,10,robustness|runwayml/stable-diffusion-v1-5|qu,1,4,kaggle,images/main/metadata_kaggle_<run_id>.parquet,images/main
robustness,runwayml/stable-diffusion-v1-5,local_diffusers,qu,MULTI,domestic worker,runwayml/stable-diffusion-v1-5|qu|MULTI|domestic worker,runwayml/stable-diffusion-v1-5|qu|MULTI|domestic worker,runwayml_stable-diffusion-v1-5__domestic_worker__202625140801007,202625140801007,,unavailable:ValueError:no documented qu translation for occupation 'domestic worker',10,0,10,robustness|runwayml/stable-diffusion-v1-5|qu,0,4,kaggle,images/main/metadata_kaggle_<run_id>.parquet,images/main
robustness,runwayml/stable-diffusion-v1-5,local_diffusers,qu,MULTI,domestic worker,runwayml/stable-diffusion-v1-5|qu|MULTI|domestic worker,runwayml/stable-diffusion-v1-5|qu|MULTI|domestic worker,runwayml_stable-diffusion-v1-5__domestic_worker__202625140801008,202625140801008,,unavailable:ValueError:no documented qu translation for occupation 'domestic worker',10,0,10,robustness|runwayml/stable-diffusion-v1-5|qu,0,4,kaggle,images/main/metadata_kaggle_<run_id>.parquet,images/main
robustness,runwayml/stable-diffusion-v1-5,local_diffusers,qu,MULTI,domestic worker,runwayml/stable-diffusion-v1-5|qu|MULTI|domestic worker,runwayml/stable-diffusion-v1-5|qu|MULTI|domestic worker,runwayml_stable-diffusion-v1-5__domestic_worker__202625140801009,202625140801009,,unavailable:ValueError:no documented qu translation for occupation 'domestic worker',10,0,10,robustness|runwayml/stable-diffusion-v1-5|qu,1,4,kaggle,images/main/metadata_kaggle_<run_id>.parquet,images/main
robustness,stabilityai/stable-diffusion-xl-base-1.0,local_diffusers,qu,MULTI,domestic worker,stabilityai/stable-diffusion-xl-base-1.0|qu|MULTI|domestic worker,stabilityai/stable-diffusion-xl-base-1.0|qu|MULTI|domestic worker,stabilityai_stable-diffusion-xl-base-1.0__domestic_worker__202625140802000,202625140802000,,unavailable:ValueError:no documented qu translation for occupation 'domestic worker',10,0,10,robustness|stabilityai/stable-diffusion-xl-base-1.0|qu,2,4,kaggle,images/main/metadata_kaggle_<run_id>.parquet,images/main
robustness,stabilityai/stable-diffusion-xl-base-1.0,local_diffusers,qu,MULTI,domestic worker,stabilityai/stable-diffusion-xl-base-1.0|qu|MULTI|domestic worker,stabilityai/stable-diffusion-xl-base-1.0|qu|MULTI|domestic worker,stabilityai_stable-diffusion-xl-base-1.0__domestic_worker__202625140802001,202625140802001,,unavailable:ValueError:no documented qu translation for occupation 'domestic worker',10,0,10,robustness|stabilityai/stable-diffusion-xl-base-1.0|qu,0,4,kaggle,images/main/metadata_kaggle_<run_id>.parquet,images/main
robustness,stabilityai/stable-diffusion-xl-base-1.0,local_diffusers,qu,MULTI,domestic worker,stabilityai/stable-diffusion-xl-base-1.0|qu|MULTI|domestic worker,stabilityai/stable-diffusion-xl-base-1.0|qu|MULTI|domestic worker,stabilityai_stable-diffusion-xl-base-1.0__domestic_worker__202625140802002,202625140802002,,unavailable:ValueError:no documented qu translation for occupation 'domestic worker',10,0,10,robustness|stabilityai/stable-diffusion-xl-base-1.0|qu,0,4,kaggle,images/main/metadata_kaggle_<run_id>.parquet,images/main
robustness,stabilityai/stable-diffusion-xl-base-1.0,local_diffusers,qu,MULTI,domestic worker,stabilityai/stable-diffusion-xl-base-1.0|qu|MULTI|domestic worker,stabilityai/stable-diffusion-xl-base-1.0|qu|MULTI|domestic worker,stabilityai_stable-diffusion-xl-base-1.0__domestic_worker__202625140802003,202625140802003,,unavailable:ValueError:no documented qu translation for occupation 'domestic worker',10,0,10,robustness|stabilityai/stable-diffusion-xl-base-1.0|qu,2,4,kaggle,images/main/metadata_kaggle_<run_id>.parquet,images/main
robustness,stabilityai/stable-diffusion-xl-base-1.0,local_diffusers,qu,MULTI,domestic worker,stabilityai/stable-diffusion-xl-base-1.0|qu|MULTI|domestic worker,stabilityai/stable-diffusion-xl-base-1.0|qu|MULTI|domestic worker,stabilityai_stable-diffusion-xl-base-1.0__domestic_worker__202625140802004,202625140802004,,unavailable:ValueError:no documented qu translation for occupation 'domestic worker',10,0,10,robustness|stabilityai/stable-diffusion-xl-base-1.0|qu,0,4,kaggle,images/main/metadata_kaggle_<run_id>.parquet,images/main
robustness,stabilityai/stable-diffusion-xl-base-1.0,local_diffusers,qu,MULTI,domestic worker,stabilityai/stable-diffusion-xl-base-1.0|qu|MULTI|domestic worker,stabilityai/stable-diffusion-xl-base-1.0|qu|MULTI|domestic worker,stabilityai_stable-diffusion-xl-base-1.0__domestic_worker__202625140802005,202625140802005,,unavailable:ValueError:no documented qu translation for occupation 'domestic worker',10,0,10,robustness|stabilityai/stable-diffusion-xl-base-1.0|qu,0,4,kaggle,images/main/metadata_kaggle_<run_id>.parquet,images/main
robustness,stabilityai/stable-diffusion-xl-base-1.0,local_diffusers,qu,MULTI,domestic worker,stabilityai/stable-diffusion-xl-base-1.0|qu|MULTI|domestic worker,stabilityai/stable-diffusion-xl-base-1.0|qu|MULTI|domestic worker,stabilityai_stable-diffusion-xl-base-1.0__domestic_worker__202625140802006,202625140802006,,unavailable:ValueError:no documented qu translation for occupation 'domestic worker',10,0,10,robustness|stabilityai/stable-diffusion-xl-base-1.0|qu,0,4,kaggle,images/main/metadata_kaggle_<run_id>.parquet,images/main
robustness,stabilityai/stable-diffusion-xl-base-1.0,local_diffusers,qu,MULTI,domestic worker,stabilityai/stable-diffusion-xl-base-1.0|qu|MULTI|domestic worker,stabilityai/stable-diffusion-xl-base-1.0|qu|MULTI|domestic worker,stabilityai_stable-diffusion-xl-base-1.0__domestic_worker__202625140802007,202625140802007,,unavailable:ValueError:no documented qu translation for occupation 'domestic worker',10,0,10,robustness|stabilityai/stable-diffusion-xl-base-1.0|qu,1,4,kaggle,images/main/metadata_kaggle_<run_id>.parquet,images/main
robustness,stabilityai/stable-diffusion-xl-base-1.0,local_diffusers,qu,MULTI,domestic worker,stabilityai/stable-diffusion-xl-base-1.0|qu|MULTI|domestic worker,stabilityai/stable-diffusion-xl-base-1.0|qu|MULTI|domestic worker,stabilityai_stable-diffusion-xl-base-1.0__domestic_worker__202625140802008,202625140802008,,unavailable:ValueError:no documented qu translation for occupation 'domestic worker',10,0,10,robustness|stabilityai/stable-diffusion-xl-base-1.0|qu,3,4,kaggle,images/main/metadata_kaggle_<run_id>.parquet,images/main
robustness,stabilityai/stable-diffusion-xl-base-1.0,local_diffusers,qu,MULTI,domestic worker,stabilityai/stable-diffusion-xl-base-1.0|qu|MULTI|domestic worker,stabilityai/stable-diffusion-xl-base-1.0|qu|MULTI|domestic worker,stabilityai_stable-diffusion-xl-base-1.0__domestic_worker__202625140802009,202625140802009,,unavailable:ValueError:no documented qu translation for occupation 'domestic worker',10,0,10,robustness|stabilityai/stable-diffusion-xl-base-1.0|qu,1,4,kaggle,images/main/metadata_kaggle_<run_id>.parquet,images/main
robustness,stabilityai/stable-diffusion-3.5-medium,local_diffusers,qu,MULTI,domestic worker,stabilityai/stable-diffusion-3.5-medium|qu|MULTI|domestic worker,stabilityai/stable-diffusion-3.5-medium|qu|MULTI|domestic worker,stabilityai_stable-diffusion-3.5-medium__domestic_worker__202625140803000,202625140803000,,unavailable:ValueError:no documented qu translation for occupation 'domestic worker',10,0,10,robustness|stabilityai/stable-diffusion-3.5-medium|qu,1,4,colab,images/main/metadata_colab_<run_id>.parquet,images/main
robustness,stabilityai/stable-diffusion-3.5-medium,local_diffusers,qu,MULTI,domestic worker,stabilityai/stable-diffusion-3.5-medium|qu|MULTI|domestic worker,stabilityai/stable-diffusion-3.5-medium|qu|MULTI|domestic worker,stabilityai_stable-diffusion-3.5-medium__domestic_worker__202625140803001,202625140803001,,unavailable:ValueError:no documented qu translation for occupation 'domestic worker',10,0,10,robustness|stabilityai/stable-diffusion-3.5-medium|qu,0,4,colab,images/main/metadata_colab_<run_id>.parquet,images/main
robustness,stabilityai/stable-diffusion-3.5-medium,local_diffusers,qu,MULTI,domestic worker,stabilityai/stable-diffusion-3.5-medium|qu|MULTI|domestic worker,stabilityai/stable-diffusion-3.5-medium|qu|MULTI|domestic worker,stabilityai_stable-diffusion-3.5-medium__domestic_worker__202625140803002,202625140803002,,unavailable:ValueError:no documented qu translation for occupation 'domestic worker',10,0,10,robustness|stabilityai/stable-diffusion-3.5-medium|qu,2,4,colab,images/main/metadata_colab_<run_id>.parquet,images/main
robustness,stabilityai/stable-diffusion-3.5-medium,local_diffusers,qu,MULTI,domestic worker,stabilityai/stable-diffusion-3.5-medium|qu|MULTI|domestic worker,stabilityai/stable-diffusion-3.5-medium|qu|MULTI|domestic worker,stabilityai_stable-diffusion-3.5-medium__domestic_worker__202625140803003,202625140803003,,unavailable:ValueError:no documented qu translation for occupation 'domestic worker',10,0,10,robustness|stabilityai/stable-diffusion-3.5-medium|qu,3,4,colab,images/main/metadata_colab_<run_id>.parquet,images/main
robustness,stabilityai/stable-diffusion-3.5-medium,local_diffusers,qu,MULTI,domestic worker,stabilityai/stable-diffusion-3.5-medium|qu|MULTI|domestic worker,stabilityai/stable-diffusion-3.5-medium|qu|MULTI|domestic worker,stabilityai_stable-diffusion-3.5-medium__domestic_worker__202625140803004,202625140803004,,unavailable:ValueError:no documented qu translation for occupation 'domestic worker',10,0,10,robustness|stabilityai/stable-diffusion-3.5-medium|qu,0,4,colab,images/main/metadata_colab_<run_id>.parquet,images/main
robustness,stabilityai/stable-diffusion-3.5-medium,local_diffusers,qu,MULTI,domestic worker,stabilityai/stable-diffusion-3.5-medium|qu|MULTI|domestic worker,stabilityai/stable-diffusion-3.5-medium|qu|MULTI|domestic worker,stabilityai_stable-diffusion-3.5-medium__domestic_worker__202625140803005,202625140803005,,unavailable:ValueError:no documented qu translation for occupation 'domestic worker',10,0,10,robustness|stabilityai/stable-diffusion-3.5-medium|qu,1,4,colab,images/main/metadata_colab_<run_id>.parquet,images/main
robustness,stabilityai/stable-diffusion-3.5-medium,local_diffusers,qu,MULTI,domestic worker,stabilityai/stable-diffusion-3.5-medium|qu|MULTI|domestic worker,stabilityai/stable-diffusion-3.5-medium|qu|MULTI|domestic worker,stabilityai_stable-diffusion-3.5-medium__domestic_worker__202625140803006,202625140803006,,unavailable:ValueError:no documented qu translation for occupation 'domestic worker',10,0,10,robustness|stabilityai/stable-diffusion-3.5-medium|qu,1,4,colab,images/main/metadata_colab_<run_id>.parquet,images/main
robustness,stabilityai/stable-diffusion-3.5-medium,local_diffusers,qu,MULTI,domestic worker,stabilityai/stable-diffusion-3.5-medium|qu|MULTI|domestic worker,stabilityai/stable-diffusion-3.5-medium|qu|MULTI|domestic worker,stabilityai_stable-diffusion-3.5-medium__domestic_worker__202625140803007,202625140803007,,unavailable:ValueError:no documented qu translation for occupation 'domestic worker',10,0,10,robustness|stabilityai/stable-diffusion-3.5-medium|qu,1,4,colab,images/main/metadata_colab_<run_id>.parquet,images/main
robustness,stabilityai/stable-diffusion-3.5-medium,local_diffusers,qu,MULTI,domestic worker,stabilityai/stable-diffusion-3.5-medium|qu|MULTI|domestic worker,stabilityai/stable-diffusion-3.5-medium|qu|MULTI|domestic worker,stabilityai_stable-diffusion-3.5-medium__domestic_worker__202625140803008,202625140803008,,unavailable:ValueError:no documented qu translation for occupation 'domestic worker',10,0,10,robustness|stabilityai/stable-diffusion-3.5-medium|qu,1,4,colab,images/main/metadata_colab_<run_id>.parquet,images/main
robustness,stabilityai/stable-diffusion-3.5-medium,local_diffusers,qu,MULTI,domestic worker,stabilityai/stable-diffusion-3.5-medium|qu|MULTI|domestic worker,stabilityai/stable-diffusion-3.5-medium|qu|MULTI|domestic worker,stabilityai_stable-diffusion-3.5-medium__domestic_worker__202625140803009,202625140803009,,unavailable:ValueError:no documented qu translation for occupation 'domestic worker',10,0,10,robustness|stabilityai/stable-diffusion-3.5-medium|qu,3,4,colab,images/main/metadata_colab_<run_id>.parquet,images/main
robustness,pollinations/flux,pollinations,gn,MULTI,domestic worker,pollinations/flux|gn|MULTI|domestic worker,pollinations/flux|gn|MULTI|domestic worker,pollinations_flux__domestic_worker__202625140810000,202625140810000,,unavailable:ValueError:no documented gn translation for occupation 'domestic worker',10,0,10,robustness|pollinations/flux|gn,1,4,local,images/main/metadata_local_<run_id>.parquet,images/main
robustness,pollinations/flux,pollinations,gn,MULTI,domestic worker,pollinations/flux|gn|MULTI|domestic worker,pollinations/flux|gn|MULTI|domestic worker,pollinations_flux__domestic_worker__202625140810001,202625140810001,,unavailable:ValueError:no documented gn translation for occupation 'domestic worker',10,0,10,robustness|pollinations/flux|gn,3,4,local,images/main/metadata_local_<run_id>.parquet,images/main
robustness,pollinations/flux,pollinations,gn,MULTI,domestic worker,pollinations/flux|gn|MULTI|domestic worker,pollinations/flux|gn|MULTI|domestic worker,pollinations_flux__domestic_worker__202625140810002,202625140810002,,unavailable:ValueError:no documented gn translation for occupation 'domestic worker',10,0,10,robustness|pollinations/flux|gn,1,4,local,images/main/metadata_local_<run_id>.parquet,images/main
robustness,pollinations/flux,pollinations,gn,MULTI,domestic worker,pollinations/flux|gn|MULTI|domestic worker,pollinations/flux|gn|MULTI|domestic worker,pollinations_flux__domestic_worker__202625140810003,202625140810003,,unavailable:ValueError:no documented gn translation for occupation 'domestic worker',10,0,10,robustness|pollinations/flux|gn,0,4,local,images/main/metadata_local_<run_id>.parquet,images/main
robustness,pollinations/flux,pollinations,gn,MULTI,domestic worker,pollinations/flux|gn|MULTI|domestic worker,pollinations/flux|gn|MULTI|domestic worker,pollinations_flux__domestic_worker__202625140810004,202625140810004,,unavailable:ValueError:no documented gn translation for occupation 'domestic worker',10,0,10,robustness|pollinations/flux|gn,1,4,local,images/main/metadata_local_<run_id>.parquet,images/main
robustness,pollinations/flux,pollinations,gn,MULTI,domestic worker,pollinations/flux|gn|MULTI|domestic worker,pollinations/flux|gn|MULTI|domestic worker,pollinations_flux__domestic_worker__202625140810005,202625140810005,,unavailable:ValueError:no documented gn translation for occupation 'domestic worker',10,0,10,robustness|pollinations/flux|gn,3,4,local,images/main/metadata_local_<run_id>.parquet,images/main
robustness,pollinations/flux,pollinations,gn,MULTI,domestic worker,pollinations/flux|gn|MULTI|domestic worker,pollinations/flux|gn|MULTI|domestic worker,pollinations_flux__domestic_worker__202625140810006,202625140810006,,unavailable:ValueError:no documented gn translation for occupation 'domestic worker',10,0,10,robustness|pollinations/flux|gn,0,4,local,images/main/metadata_local_<run_id>.parquet,images/main
robustness,pollinations/flux,pollinations,gn,MULTI,domestic worker,pollinations/flux|gn|MULTI|domestic worker,pollinations/flux|gn|MULTI|domestic worker,pollinations_flux__domestic_worker__202625140810007,202625140810007,,unavailable:ValueError:no documented gn translation for occupation 'domestic worker',10,0,10,robustness|pollinations/flux|gn,0,4,local,images/main/metadata_local_<run_id>.parquet,images/main
robustness,pollinations/flux,pollinations,gn,MULTI,domestic worker,pollinations/flux|gn|MULTI|domestic worker,pollinations/flux|gn|MULTI|domestic worker,pollinations_flux__domestic_worker__202625140810008,202625140810008,,unavailable:ValueError:no documented gn translation for occupation 'domestic worker',10,0,10,robustness|pollinations/flux|gn,2,4,local,images/main/metadata_local_<run_id>.parquet,images/main
robustness,pollinations/flux,pollinations,gn,MULTI,domestic worker,pollinations/flux|gn|MULTI|domestic worker,pollinations/flux|gn|MULTI|domestic worker,pollinations_flux__domestic_worker__202625140810009,202625140810009,,unavailable:ValueError:no documented gn translation for occupation 'domestic worker',10,0,10,robustness|pollinations/flux|gn,1,4,local,images/main/metadata_local_<run_id>.parquet,images/main
robustness,runwayml/stable-diffusion-v1-5,local_diffusers,gn,MULTI,domestic worker,runwayml/stable-diffusion-v1-5|gn|MULTI|domestic worker,runwayml/stable-diffusion-v1-5|gn|MULTI|domestic worker,runwayml_stable-diffusion-v1-5__domestic_worker__202625140811000,202625140811000,,unavailable:ValueError:no documented gn translation for occupation 'domestic worker',10,0,10,robustness|runwayml/stable-diffusion-v1-5|gn,0,4,kaggle,images/main/metadata_kaggle_<run_id>.parquet,images/main
robustness,runwayml/stable-diffusion-v1-5,local_diffusers,gn,MULTI,domestic worker,runwayml/stable-diffusion-v1-5|gn|MULTI|domestic worker,runwayml/stable-diffusion-v1-5|gn|MULTI|domestic worker,runwayml_stable-diffusion-v1-5__domestic_worker__202625140811001,202625140811001,,unavailable:ValueError:no documented gn translation for occupation 'domestic worker',10,0,10,robustness|runwayml/stable-diffusion-v1-5|gn,0,4,kaggle,images/main/metadata_kaggle_<run_id>.parquet,images/main
robustness,runwayml/stable-diffusion-v1-5,local_diffusers,gn,MULTI,domestic worker,runwayml/stable-diffusion-v1-5|gn|MULTI|domestic worker,runwayml/stable-diffusion-v1-5|gn|MULTI|domestic worker,runwayml_stable-diffusion-v1-5__domestic_worker__202625140811002,202625140811002,,unavailable:ValueError:no documented gn translation for occupation 'domestic worker',10,0,10,robustness|runwayml/stable-diffusion-v1-5|gn,3,4,kaggle,images/main/metadata_kaggle_<run_id>.parquet,images/main
robustness,runwayml/stable-diffusion-v1-5,local_diffusers,gn,MULTI,domestic worker,runwayml/stable-diffusion-v1-5|gn|MULTI|domestic worker,runwayml/stable-diffusion-v1-5|gn|MULTI|domestic worker,runwayml_stable-diffusion-v1-5__domestic_worker__202625140811003,202625140811003,,unavailable:ValueError:no documented gn translation for occupation 'domestic worker',10,0,10,robustness|runwayml/stable-diffusion-v1-5|gn,3,4,kaggle,images/main/metadata_kaggle_<run_id>.parquet,images/main
robustness,runwayml/stable-diffusion-v1-5,local_diffusers,gn,MULTI,domestic worker,runwayml/stable-diffusion-v1-5|gn|MULTI|domestic worker,runwayml/stable-diffusion-v1-5|gn|MULTI|domestic worker,runwayml_stable-diffusion-v1-5__domestic_worker__202625140811004,202625140811004,,unavailable:ValueError:no documented gn translation for occupation 'domestic worker',10,0,10,robustness|runwayml/stable-diffusion-v1-5|gn,0,4,kaggle,images/main/metadata_kaggle_<run_id>.parquet,images/main
robustness,runwayml/stable-diffusion-v1-5,local_diffusers,gn,MULTI,domestic worker,runwayml/stable-diffusion-v1-5|gn|MULTI|domestic worker,runwayml/stable-diffusion-v1-5|gn|MULTI|domestic worker,runwayml_stable-diffusion-v1-5__domestic_worker__202625140811005,202625140811005,,unavailable:ValueError:no documented gn translation for occupation 'domestic worker',10,0,10,robustness|runwayml/stable-diffusion-v1-5|gn,1,4,kaggle,images/main/metadata_kaggle_<run_id>.parquet,images/main
robustness,runwayml/stable-diffusion-v1-5,local_diffusers,gn,MULTI,domestic worker,runwayml/stable-diffusion-v1-5|gn|MULTI|domestic worker,runwayml/stable-diffusion-v1-5|gn|MULTI|domestic worker,runwayml_stable-diffusion-v1-5__domestic_worker__202625140811006,202625140811006,,unavailable:ValueError:no documented gn translation for occupation 'domestic worker',10,0,10,robustness|runwayml/stable-diffusion-v1-5|gn,0,4,kaggle,images/main/metadata_kaggle_<run_id>.parquet,images/main
robustness,runwayml/stable-diffusion-v1-5,local_diffusers,gn,MULTI,domestic worker,runwayml/stable-diffusion-v1-5|gn|MULTI|domestic worker,runwayml/stable-diffusion-v1-5|gn|MULTI|domestic worker,runwayml_stable-diffusion-v1-5__domestic_worker__202625140811007,202625140811007,,unavailable:ValueError:no documented gn translation for occupation 'domestic worker',10,0,10,robustness|runwayml/stable-diffusion-v1-5|gn,0,4,kaggle,images/main/metadata_kaggle_<run_id>.parquet,images/main
robustness,runwayml/stable-diffusion-v1-5,local_diffusers,gn,MULTI,domestic worker,runwayml/stable-diffusion-v1-5|gn|MULTI|domestic worker,runwayml/stable-diffusion-v1-5|gn|MULTI|domestic worker,runwayml_stable-diffusion-v1-5__domestic_worker__202625140811008,202625140811008,,unavailable:ValueError:no documented gn translation for occupation 'domestic worker',10,0,10,robustness|runwayml/stable-diffusion-v1-5|gn,1,4,kaggle,images/main/metadata_kaggle_<run_id>.parquet,images/main
robustness,runwayml/stable-diffusion-v1-5,local_diffusers,gn,MULTI,domestic worker,runwayml/stable-diffusion-v1-5|gn|MULTI|domestic worker,runwayml/stable-diffusion-v1-5|gn|MULTI|domestic worker,runwayml_stable-diffusion-v1-5__domestic_worker__202625140811009,202625140811009,,unavailable:ValueError:no documented gn translation for occupation 'domestic worker',10,0,10,robustness|runwayml/stable-diffusion-v1-5|gn,0,4,kaggle,images/main/metadata_kaggle_<run_id>.parquet,images/main
robustness,stabilityai/stable-diffusion-xl-base-1.0,local_diffusers,gn,MULTI,domestic worker,stabilityai/stable-diffusion-xl-base-1.0|gn|MULTI|domestic worker,stabilityai/stable-diffusion-xl-base-1.0|gn|MULTI|domestic worker,stabilityai_stable-diffusion-xl-base-1.0__domestic_worker__202625140812000,202625140812000,,unavailable:ValueError:no documented gn translation for occupation 'domestic worker',10,0,10,robustness|stabilityai/stable-diffusion-xl-base-1.0|gn,3,4,kaggle,images/main/metadata_kaggle_<run_id>.parquet,images/main
robustness,stabilityai/stable-diffusion-xl-base-1.0,local_diffusers,gn,MULTI,domestic worker,stabilityai/stable-diffusion-xl-base-1.0|gn|MULTI|domestic worker,stabilityai/stable-diffusion-xl-base-1.0|gn|MULTI|domestic worker,stabilityai_stable-diffusion-xl-base-1.0__domestic_worker__202625140812001,202625140812001,,unavailable:ValueError:no documented gn translation for occupation 'domestic worker',10,0,10,robustness|stabilityai/stable-diffusion-xl-base-1.0|gn,1,4,kaggle,images/main/metadata_kaggle_<run_id>.parquet,images/main
robustness,stabilityai/stable-diffusion-xl-base-1.0,local_diffusers,gn,MULTI,domestic worker,stabilityai/stable-diffusion-xl-base-1.0|gn|MULTI|domestic worker,stabilityai/stable-diffusion-xl-base-1.0|gn|MULTI|domestic worker,stabilityai_stable-diffusion-xl-base-1.0__domestic_worker__202625140812002,202625140812002,,unavailable:ValueError:no documented gn translation for occupation 'domestic worker',10,0,10,robustness|stabilityai/stable-diffusion-xl-base-1.0|gn,0,4,kaggle,images/main/metadata_kaggle_<run_id>.parquet,images/main
robustness,stabilityai/stable-diffusion-xl-base-1.0,local_diffusers,gn,MULTI,domestic worker,stabilityai/stable-diffusion-xl-base-1.0|gn|MULTI|domestic worker,stabilityai/stable-diffusion-xl-base-1.0|gn|MULTI|domestic worker,stabilityai_stable-diffusion-xl-base-1.0__domestic_worker__202625140812003,202625140812003,,unavailable:ValueError:no documented gn translation for occupation 'domestic worker',10,0,10,robustness|stabilityai/stable-diffusion-xl-base-1.0|gn,3,4,kaggle,images/main/metadata_kaggle_<run_id>.parquet,images/main
robustness,stabilityai/stable-diffusion-xl-base-1.0,local_diffusers,gn,MULTI,domestic worker,stabilityai/stable-diffusion-xl-base-1.0|gn|MULTI|domestic worker,stabilityai/stable-diffusion-xl-base-1.0|gn|MULTI|domestic worker,stabilityai_stable-diffusion-xl-base-1.0__domestic_worker__202625140812004,202625140812004,,unavailable:ValueError:no documented gn translation for occupation 'domestic worker',10,0,10,robustness|stabilityai/stable-diffusion-xl-base-1.0|gn,2,4,kaggle,images/main/metadata_kaggle_<run_id>.parquet,images/main
robustness,stabilityai/stable-diffusion-xl-base-1.0,local_diffusers,gn,MULTI,domestic worker,stabilityai/stable-diffusion-xl-base-1.0|gn|MULTI|domestic worker,stabilityai/stable-diffusion-xl-base-1.0|gn|MULTI|domestic worker,stabilityai_stable-diffusion-xl-base-1.0__domestic_worker__202625140812005,202625140812005,,unavailable:ValueError:no documented gn translation for occupation 'domestic worker',10,0,10,robustness|stabilityai/stable-diffusion-xl-base-1.0|gn,3,4,kaggle,images/main/metadata_kaggle_<run_id>.parquet,images/main
robustness,stabilityai/stable-diffusion-xl-base-1.0,local_diffusers,gn,MULTI,domestic worker,stabilityai/stable-diffusion-xl-base-1.0|gn|MULTI|domestic worker,stabilityai/stable-diffusion-xl-base-1.0|gn|MULTI|domestic worker,stabilityai_stable-diffusion-xl-base-1.0__domestic_worker__202625140812006,202625140812006,,unavailable:ValueError:no documented gn translation for occupation 'domestic worker',10,0,10,robustness|stabilityai/stable-diffusion-xl-base-1.0|gn,2,4,kaggle,images/main/metadata_kaggle_<run_id>.parquet,images/main
robustness,stabilityai/stable-diffusion-xl-base-1.0,local_diffusers,gn,MULTI,domestic worker,stabilityai/stable-diffusion-xl-base-1.0|gn|MULTI|domestic worker,stabilityai/stable-diffusion-xl-base-1.0|gn|MULTI|domestic worker,stabilityai_stable-diffusion-xl-base-1.0__domestic_worker__202625140812007,202625140812007,,unavailable:ValueError:no documented gn translation for occupation 'domestic worker',10,0,10,robustness|stabilityai/stable-diffusion-xl-base-1.0|gn,0,4,kaggle,images/main/metadata_kaggle_<run_id>.parquet,images/main
robustness,stabilityai/stable-diffusion-xl-base-1.0,local_diffusers,gn,MULTI,domestic worker,stabilityai/stable-diffusion-xl-base-1.0|gn|MULTI|domestic worker,stabilityai/stable-diffusion-xl-base-1.0|gn|MULTI|domestic worker,stabilityai_stable-diffusion-xl-base-1.0__domestic_worker__202625140812008,202625140812008,,unavailable:ValueError:no documented gn translation for occupation 'domestic worker',10,0,10,robustness|stabilityai/stable-diffusion-xl-base-1.0|gn,1,4,kaggle,images/main/metadata_kaggle_<run_id>.parquet,images/main
robustness,stabilityai/stable-diffusion-xl-base-1.0,local_diffusers,gn,MULTI,domestic worker,stabilityai/stable-diffusion-xl-base-1.0|gn|MULTI|domestic worker,stabilityai/stable-diffusion-xl-base-1.0|gn|MULTI|domestic worker,stabilityai_stable-diffusion-xl-base-1.0__domestic_worker__202625140812009,202625140812009,,unavailable:ValueError:no documented gn translation for occupation 'domestic worker',10,0,10,robustness|stabilityai/stable-diffusion-xl-base-1.0|gn,0,4,kaggle,images/main/metadata_kaggle_<run_id>.parquet,images/main
robustness,stabilityai/stable-diffusion-3.5-medium,local_diffusers,gn,MULTI,domestic worker,stabilityai/stable-diffusion-3.5-medium|gn|MULTI|domestic worker,stabilityai/stable-diffusion-3.5-medium|gn|MULTI|domestic worker,stabilityai_stable-diffusion-3.5-medium__domestic_worker__202625140813000,202625140813000,,unavailable:ValueError:no documented gn translation for occupation 'domestic worker',10,0,10,robustness|stabilityai/stable-diffusion-3.5-medium|gn,0,4,colab,images/main/metadata_colab_<run_id>.parquet,images/main
robustness,stabilityai/stable-diffusion-3.5-medium,local_diffusers,gn,MULTI,domestic worker,stabilityai/stable-diffusion-3.5-medium|gn|MULTI|domestic worker,stabilityai/stable-diffusion-3.5-medium|gn|MULTI|domestic worker,stabilityai_stable-diffusion-3.5-medium__domestic_worker__202625140813001,202625140813001,,unavailable:ValueError:no documented gn translation for occupation 'domestic worker',10,0,10,robustness|stabilityai/stable-diffusion-3.5-medium|gn,1,4,colab,images/main/metadata_colab_<run_id>.parquet,images/main
robustness,stabilityai/stable-diffusion-3.5-medium,local_diffusers,gn,MULTI,domestic worker,stabilityai/stable-diffusion-3.5-medium|gn|MULTI|domestic worker,stabilityai/stable-diffusion-3.5-medium|gn|MULTI|domestic worker,stabilityai_stable-diffusion-3.5-medium__domestic_worker__202625140813002,202625140813002,,unavailable:ValueError:no documented gn translation for occupation 'domestic worker',10,0,10,robustness|stabilityai/stable-diffusion-3.5-medium|gn,1,4,colab,images/main/metadata_colab_<run_id>.parquet,images/main
robustness,stabilityai/stable-diffusion-3.5-medium,local_diffusers,gn,MULTI,domestic worker,stabilityai/stable-diffusion-3.5-medium|gn|MULTI|domestic worker,stabilityai/stable-diffusion-3.5-medium|gn|MULTI|domestic worker,stabilityai_stable-diffusion-3.5-medium__domestic_worker__202625140813003,202625140813003,,unavailable:ValueError:no documented gn translation for occupation 'domestic worker',10,0,10,robustness|stabilityai/stable-diffusion-3.5-medium|gn,2,4,colab,images/main/metadata_colab_<run_id>.parquet,images/main
robustness,stabilityai/stable-diffusion-3.5-medium,local_diffusers,gn,MULTI,domestic worker,stabilityai/stable-diffusion-3.5-medium|gn|MULTI|domestic worker,stabilityai/stable-diffusion-3.5-medium|gn|MULTI|domestic worker,stabilityai_stable-diffusion-3.5-medium__domestic_worker__202625140813004,202625140813004,,unavailable:ValueError:no documented gn translation for occupation 'domestic worker',10,0,10,robustness|stabilityai/stable-diffusion-3.5-medium|gn,3,4,colab,images/main/metadata_colab_<run_id>.parquet,images/main
robustness,stabilityai/stable-diffusion-3.5-medium,local_diffusers,gn,MULTI,domestic worker,stabilityai/stable-diffusion-3.5-medium|gn|MULTI|domestic worker,stabilityai/stable-diffusion-3.5-medium|gn|MULTI|domestic worker,stabilityai_stable-diffusion-3.5-medium__domestic_worker__202625140813005,202625140813005,,unavailable:ValueError:no documented gn translation for occupation 'domestic worker',10,0,10,robustness|stabilityai/stable-diffusion-3.5-medium|gn,1,4,colab,images/main/metadata_colab_<run_id>.parquet,images/main
robustness,stabilityai/stable-diffusion-3.5-medium,local_diffusers,gn,MULTI,domestic worker,stabilityai/stable-diffusion-3.5-medium|gn|MULTI|domestic worker,stabilityai/stable-diffusion-3.5-medium|gn|MULTI|domestic worker,stabilityai_stable-diffusion-3.5-medium__domestic_worker__202625140813006,202625140813006,,unavailable:ValueError:no documented gn translation for occupation 'domestic worker',10,0,10,robustness|stabilityai/stable-diffusion-3.5-medium|gn,0,4,colab,images/main/metadata_colab_<run_id>.parquet,images/main
robustness,stabilityai/stable-diffusion-3.5-medium,local_diffusers,gn,MULTI,domestic worker,stabilityai/stable-diffusion-3.5-medium|gn|MULTI|domestic worker,stabilityai/stable-diffusion-3.5-medium|gn|MULTI|domestic worker,stabilityai_stable-diffusion-3.5-medium__domestic_worker__202625140813007,202625140813007,,unavailable:ValueError:no documented gn translation for occupation 'domestic worker',10,0,10,robustness|stabilityai/stable-diffusion-3.5-medium|gn,3,4,colab,images/main/metadata_colab_<run_id>.parquet,images/main
robustness,stabilityai/stable-diffusion-3.5-medium,local_diffusers,gn,MULTI,domestic worker,stabilityai/stable-diffusion-3.5-medium|gn|MULTI|domestic worker,stabilityai/stable-diffusion-3.5-medium|gn|MULTI|domestic worker,stabilityai_stable-diffusion-3.5-medium__domestic_worker__202625140813008,202625140813008,,unavailable:ValueError:no documented gn translation for occupation 'domestic worker',10,0,10,robustness|stabilityai/stable-diffusion-3.5-medium|gn,1,4,colab,images/main/metadata_colab_<run_id>.parquet,images/main
robustness,stabilityai/stable-diffusion-3.5-medium,local_diffusers,gn,MULTI,domestic worker,stabilityai/stable-diffusion-3.5-medium|gn|MULTI|domestic worker,stabilityai/stable-diffusion-3.5-medium|gn|MULTI|domestic worker,stabilityai_stable-diffusion-3.5-medium__domestic_worker__202625140813009,202625140813009,,unavailable:ValueError:no documented gn translation for occupation 'domestic worker',10,0,10,robustness|stabilityai/stable-diffusion-3.5-medium|gn,1,4,colab,images/main/metadata_colab_<run_id>.parquet,images/main
robustness,pollinations/flux,pollinations,qu,MULTI,street vendor,pollinations/flux|qu|MULTI|street vendor,pollinations/flux|qu|MULTI|street vendor,pollinations_flux__street_vendor__202625140900000,202625140900000,,unavailable:ValueError:no documented qu translation for occupation 'street vendor',10,0,10,robustness|pollinations/flux|qu,2,4,local,images/main/metadata_local_<run_id>.parquet,images/main
robustness,pollinations/flux,pollinations,qu,MULTI,street vendor,pollinations/flux|qu|MULTI|street vendor,pollinations/flux|qu|MULTI|street vendor,pollinations_flux__street_vendor__202625140900001,202625140900001,,unavailable:ValueError:no documented qu translation for occupation 'street vendor',10,0,10,robustness|pollinations/flux|qu,3,4,local,images/main/metadata_local_<run_id>.parquet,images/main
robustness,pollinations/flux,pollinations,qu,MULTI,street vendor,pollinations/flux|qu|MULTI|street vendor,pollinations/flux|qu|MULTI|street vendor,pollinations_flux__street_vendor__202625140900002,202625140900002,,unavailable:ValueError:no documented qu translation for occupation 'street vendor',10,0,10,robustness|pollinations/flux|qu,0,4,local,images/main/metadata_local_<run_id>.parquet,images/main
robustness,pollinations/flux,pollinations,qu,MULTI,street vendor,pollinations/flux|qu|MULTI|street vendor,pollinations/flux|qu|MULTI|street vendor,pollinations_flux__street_vendor__202625140900003,202625140900003,,unavailable:ValueError:no documented qu translation for occupation 'street vendor',10,0,10,robustness|pollinations/flux|qu,1,4,local,images/main/metadata_local_<run_id>.parquet,images/main
robustness,pollinations/flux,pollinations,qu,MULTI,street vendor,pollinations/flux|qu|MULTI|street vendor,pollinations/flux|qu|MULTI|street vendor,pollinations_flux__street_vendor__202625140900004,202625140900004,,unavailable:ValueError:no documented qu translation for occupation 'street vendor',10,0,10,robustness|pollinations/flux|qu,2,4,local,images/main/metadata_local_<run_id>.parquet,images/main
robustness,pollinations/flux,pollinations,qu,MULTI,street vendor,pollinations/flux|qu|MULTI|street vendor,pollinations/flux|qu|MULTI|street vendor,pollinations_flux__street_vendor__202625140900005,202625140900005,,unavailable:ValueError:no documented qu translation for occupation 'street vendor',10,0,10,robustness|pollinations/flux|qu,2,4,local,images/main/metadata_local_<run_id>.parquet,images/main
robustness,pollinations/flux,pollinations,qu,MULTI,street vendor,pollinations/flux|qu|MULTI|street vendor,pollinations/flux|qu|MULTI|street vendor,pollinations_flux__street_vendor__202625140900006,202625140900006,,unavailable:ValueError:no documented qu translation for occupation 'street vendor',10,0,10,robustness|pollinations/flux|qu,3,4,local,images/main/metadata_local_<run_id>.parquet,images/main
robustness,pollinations/flux,pollinations,qu,MULTI,street vendor,pollinations/flux|qu|MULTI|street vendor,pollinations/flux|qu|MULTI|street vendor,pollinations_flux__street_vendor__202625140900007,202625140900007,,unavailable:ValueError:no documented qu translation for occupation 'street vendor',10,0,10,robustness|pollinations/flux|qu,2,4,local,images/main/metadata_local_<run_id>.parquet,images/main
robustness,pollinations/flux,pollinations,qu,MULTI,street vendor,pollinations/flux|qu|MULTI|street vendor,pollinations/flux|qu|MULTI|street vendor,pollinations_flux__street_vendor__202625140900008,202625140900008,,unavailable:ValueError:no documented qu translation for occupation 'street vendor',10,0,10,robustness|pollinations/flux|qu,2,4,local,images/main/metadata_local_<run_id>.parquet,images/main
robustness,pollinations/flux,pollinations,qu,MULTI,street vendor,pollinations/flux|qu|MULTI|street vendor,pollinations/flux|qu|MULTI|street vendor,pollinations_flux__street_vendor__202625140900009,202625140900009,,unavailable:ValueError:no documented qu translation for occupation 'street vendor',10,0,10,robustness|pollinations/flux|qu,3,4,local,images/main/metadata_local_<run_id>.parquet,images/main
robustness,runwayml/stable-diffusion-v1-5,local_diffusers,qu,MULTI,street vendor,runwayml/stable-diffusion-v1-5|qu|MULTI|street vendor,runwayml/stable-diffusion-v1-5|qu|MULTI|street vendor,runwayml_stable-diffusion-v1-5__street_vendor__202625140901000,202625140901000,,unavailable:ValueError:no documented qu translation for occupation 'street vendor',10,0,10,robustness|runwayml/stable-diffusion-v1-5|qu,1,4,kaggle,images/main/metadata_kaggle_<run_id>.parquet,images/main
robustness,runwayml/stable-diffusion-v1-5,local_diffusers,qu,MULTI,street vendor,runwayml/stable-diffusion-v1-5|qu|MULTI|street vendor,runwayml/stable-diffusion-v1-5|qu|MULTI|street vendor,runwayml_stable-diffusion-v1-5__street_vendor__202625140901001,202625140901001,,unavailable:ValueError:no documented qu translation for occupation 'street vendor',10,0,10,robustness|runwayml/stable-diffusion-v1-5|qu,0,4,kaggle,images/main/metadata_kaggle_<run_id>.parquet,images/main
robustness,runwayml/stable-diffusion-v1-5,local_diffusers,qu,MULTI,street vendor,runwayml/stable-diffusion-v1-5|qu|MULTI|street vendor,runwayml/stable-diffusion-v1-5|qu|MULTI|street vendor,runwayml_stable-diffusion-v1-5__street_vendor__202625140901002,202625140901002,,unavailable:ValueError:no documented qu translation for occupation 'street vendor',10,0,10,robustness|runwayml/stable-diffusion-v1-5|qu,1,4,kaggle,images/main/metadata_kaggle_<run_id>.parquet,images/main
robustness,runwayml/stable-diffusion-v1-5,local_diffusers,qu,MULTI,street vendor,runwayml/stable-diffusion-v1-5|qu|MULTI|street vendor,runwayml/stable-diffusion-v1-5|qu|MULTI|street vendor,runwayml_stable-diffusion-v1-5__street_vendor__202625140901003,202625140901003,,unavailable:ValueError:no documented qu translation for occupation 'street vendor',10,0,10,robustness|runwayml/stable-diffusion-v1-5|qu,1,4,kaggle,images/main/metadata_kaggle_<run_id>.parquet,images/main
robustness,runwayml/stable-diffusion-v1-5,local_diffusers,qu,MULTI,street vendor,runwayml/stable-diffusion-v1-5|qu|MULTI|street vendor,runwayml/stable-diffusion-v1-5|qu|MULTI|street vendor,runwayml_stable-diffusion-v1-5__street_vendor__202625140901004,202625140901004,,unavailable:ValueError:no documented qu translation for occupation 'street vendor',10,0,10,robustness|runwayml/stable-diffusion-v1-5|qu,0,4,kaggle,images/main/metadata_kaggle_<run_id>.parquet,images/main
robustness,runwayml/stable-diffusion-v1-5,local_diffusers,qu,MULTI,street vendor,runwayml/stable-diffusion-v1-5|qu|MULTI|street vendor,runwayml/stable-diffusion-v1-5|qu|MULTI|street vendor,runwayml_stable-diffusion-v1-5__street_vendor__202625140901005,202625140901005,,unavailable:ValueError:no documented qu translation for occupation 'street vendor',10,0,10,robustness|runwayml/stable-diffusion-v1-5|qu,2,4,kaggle,images/main/metadata_kaggle_<run_id>.parquet,images/main
robustness,runwayml/stable-diffusion-v1-5,local_diffusers,qu,MULTI,street vendor,runwayml/stable-diffusion-v1-5|qu|MULTI|street vendor,runwayml/stable-diffusion-v1-5|qu|MULTI|street vendor,runwayml_stable-diffusion-v1-5__street_vendor__202625140901006,202625140901006,,unavailable:ValueError:no documented qu translation for occupation 'street vendor',10,0,10,robustness|runwayml/stable-diffusion-v1-5|qu,1,4,kaggle,images/main/metadata_kaggle_<run_id>.parquet,images/main
robustness,runwayml/stable-diffusion-v1-5,local_diffusers,qu,MULTI,street vendor,runwayml/stable-diffusion-v1-5|qu|MULTI|street vendor,runwayml/stable-diffusion-v1-5|qu|MULTI|street vendor,runwayml_stable-diffusion-v1-5__street_vendor__202625140901007,202625140901007,,unavailable:ValueError:no documented qu translation for occupation 'street vendor',10,0,10,robustness|runwayml/stable-diffusion-v1-5|qu,1,4,kaggle,images/main/metadata_kaggle_<run_id>.parquet,images/main
robustness,runwayml/stable-diffusion-v1-5,local_diffusers,qu,MULTI,street vendor,runwayml/stable-diffusion-v1-5|qu|MULTI|street vendor,runwayml/stable-diffusion-v1-5|qu|MULTI|street vendor,runwayml_stable-diffusion-v1-5__street_vendor__202625140901008,202625140901008,,unavailable:ValueError:no documented qu translation for occupation 'street vendor',10,0,10,robustness|runwayml/stable-diffusion-v1-5|qu,2,4,kaggle,images/main/metadata_kaggle_<run_id>.parquet,images/main
robustness,runwayml/stable-diffusion-v1-5,local_diffusers,qu,MULTI,street vendor,runwayml/stable-diffusion-v1-5|qu|MULTI|street vendor,runwayml/stable-diffusion-v1-5|qu|MULTI|street vendor,runwayml_stable-diffusion-v1-5__street_vendor__202625140901009,202625140901009,,unavailable:ValueError:no documented qu translation for occupation 'street vendor',10,0,10,robustness|runwayml/stable-diffusion-v1-5|qu,0,4,kaggle,images/main/metadata_kaggle_<run_id>.parquet,images/main
robustness,stabilityai/stable-diffusion-xl-base-1.0,local_diffusers,qu,MULTI,street vendor,stabilityai/stable-diffusion-xl-base-1.0|qu|MULTI|street vendor,stabilityai/stable-diffusion-xl-base-1.0|qu|MULTI|street vendor,stabilityai_stable-diffusion-xl-base-1.0__street_vendor__202625140902000,202625140902000,,unavailable:ValueError:no documented qu translation for occupation 'street vendor',10,0,10,robustness|stabilityai/stable-diffusion-xl-base-1.0|qu,1,4,kaggle,images/main/metadata_kaggle_<run_id>.parquet,images/main
robustness,stabilityai/stable-diffusion-xl-base-1.0,local_diffusers,qu,MULTI,street vendor,stabilityai/stable-diffusion-xl-base-1.0|qu|MULTI|street vendor,stabilityai/stable-diffusion-xl-base-1.0|qu|MULTI|street vendor,stabilityai_stable-diffusion-xl-base-1.0__street_vendor__202625140902001,202625140902001,,unavailable:ValueError:no documented qu translation for occupation 'street vendor',10,0,10,robustness|stabilityai/stable-diffusion-xl-base-1.0|qu,1,4,kaggle,images/main/metadata_kaggle_<run_id>.parquet,images/main
robustness,stabilityai/stable-diffusion-xl-base-1.0,local_diffusers,qu,MULTI,street vendor,stabilityai/stable-diffusion-xl-base-1.0|qu|MULTI|street vendor,stabilityai/stable-diffusion-xl-base-1.0|qu|MULTI|street vendor,stabilityai_stable-diffusion-xl-base-1.0__street_vendor__202625140902002,202625140902002,,unavailable:ValueError:no documented qu translation for occupation 'street vendor',10,0,10,robustness|stabilityai/stable-diffusion-xl-base-1.0|qu,3,4,kaggle,images/main/metadata_kaggle_<run_id>.parquet,images/main
robustness,stabilityai/stable-diffusion-xl-base-1.0,local_diffusers,qu,MULTI,street vendor,stabilityai/stable-diffusion-xl-base-1.0|qu|MULTI|street vendor,stabilityai/stable-diffusion-xl-base-1.0|qu|MULTI|street vendor,stabilityai_stable-diffusion-xl-base-1.0__street_vendor__202625140902003,202625140902003,,unavailable:ValueError:no documented qu translation for occupation 'street vendor',10,0,10,robustness|stabilityai/stable-diffusion-xl-base-1.0|qu,2,4,kaggle,images/main/metadata_kaggle_<run_id>.parquet,images/main
robustness,stabilityai/stable-diffusion-xl-base-1.0,local_diffusers,qu,MULTI,street vendor,stabilityai/stable-diffusion-xl-base-1.0|qu|MULTI|street vendor,stabilityai/stable-diffusion-xl-base-1.0|qu|MULTI|street vendor,stabilityai_stable-diffusion-xl-base-1.0__street_vendor__202625140902004,202625140902004,,unavailable:ValueError:no documented qu translation for occupation 'street vendor',10,0,10,robustness|stabilityai/stable-diffusion-xl-base-1.0|qu,3,4,kaggle,images/main/metadata_kaggle_<run_id>.parquet,images/main
robustness,stabilityai/stable-diffusion-xl-base-1.0,local_diffusers,qu,MULTI,street vendor,stabilityai/stable-diffusion-xl-base-1.0|qu|MULTI|street vendor,stabilityai/stable-diffusion-xl-base-1.0|qu|MULTI|street vendor,stabilityai_stable-diffusion-xl-base-1.0__street_vendor__202625140902005,202625140902005,,unavailable:ValueError:no documented qu translation for occupation 'street vendor',10,0,10,robustness|stabilityai/stable-diffusion-xl-base-1.0|qu,1,4,kaggle,images/main/metadata_kaggle_<run_id>.parquet,images/main
robustness,stabilityai/stable-diffusion-xl-base-1.0,local_diffusers,qu,MULTI,street vendor,stabilityai/stable-diffusion-xl-base-1.0|qu|MULTI|street vendor,stabilityai/stable-diffusion-xl-base-1.0|qu|MULTI|street vendor,stabilityai_stable-diffusion-xl-base-1.0__street_vendor__202625140902006,202625140902006,,unavailable:ValueError:no documented qu translation for occupation 'street vendor',10,0,10,robustness|stabilityai/stable-diffusion-xl-base-1.0|qu,3,4,kaggle,images/main/metadata_kaggle_<run_id>.parquet,images/main
robustness,stabilityai/stable-diffusion-xl-base-1.0,local_diffusers,qu,MULTI,street vendor,stabilityai/stable-diffusion-xl-base-1.0|qu|MULTI|street vendor,stabilityai/stable-diffusion-xl-base-1.0|qu|MULTI|street vendor,stabilityai_stable-diffusion-xl-base-1.0__street_vendor__202625140902007,202625140902007,,unavailable:ValueError:no documented qu translation for occupation 'street vendor',10,0,10,robustness|stabilityai/stable-diffusion-xl-base-1.0|qu,3,4,kaggle,images/main/metadata_kaggle_<run_id>.parquet,images/main
robustness,stabilityai/stable-diffusion-xl-base-1.0,local_diffusers,qu,MULTI,street vendor,stabilityai/stable-diffusion-xl-base-1.0|qu|MULTI|street vendor,stabilityai/stable-diffusion-xl-base-1.0|qu|MULTI|street vendor,stabilityai_stable-diffusion-xl-base-1.0__street_vendor__202625140902008,202625140902008,,unavailable:ValueError:no documented qu translation for occupation 'street vendor',10,0,10,robustness|stabilityai/stable-diffusion-xl-base-1.0|qu,2,4,kaggle,images/main/metadata_kaggle_<run_id>.parquet,images/main
robustness,stabilityai/stable-diffusion-xl-base-1.0,local_diffusers,qu,MULTI,street vendor,stabilityai/stable-diffusion-xl-base-1.0|qu|MULTI|street vendor,stabilityai/stable-diffusion-xl-base-1.0|qu|MULTI|street vendor,stabilityai_stable-diffusion-xl-base-1.0__street_vendor__202625140902009,202625140902009,,unavailable:ValueError:no documented qu translation for occupation 'street vendor',10,0,10,robustness|stabilityai/stable-diffusion-xl-base-1.0|qu,3,4,kaggle,images/main/metadata_kaggle_<run_id>.parquet,images/main
robustness,stabilityai/stable-diffusion-3.5-medium,local_diffusers,qu,MULTI,street vendor,stabilityai/stable-diffusion-3.5-medium|qu|MULTI|street vendor,stabilityai/stable-diffusion-3.5-medium|qu|MULTI|street vendor,stabilityai_stable-diffusion-3.5-medium__street_vendor__202625140903000,202625140903000,,unavailable:ValueError:no documented qu translation for occupation 'street vendor',10,0,10,robustness|stabilityai/stable-diffusion-3.5-medium|qu,3,4,colab,images/main/metadata_colab_<run_id>.parquet,images/main
robustness,stabilityai/stable-diffusion-3.5-medium,local_diffusers,qu,MULTI,street vendor,stabilityai/stable-diffusion-3.5-medium|qu|MULTI|street vendor,stabilityai/stable-diffusion-3.5-medium|qu|MULTI|street vendor,stabilityai_stable-diffusion-3.5-medium__street_vendor__202625140903001,202625140903001,,unavailable:ValueError:no documented qu translation for occupation 'street vendor',10,0,10,robustness|stabilityai/stable-diffusion-3.5-medium|qu,2,4,colab,images/main/metadata_colab_<run_id>.parquet,images/main
robustness,stabilityai/stable-diffusion-3.5-medium,local_diffusers,qu,MULTI,street vendor,stabilityai/stable-diffusion-3.5-medium|qu|MULTI|street vendor,stabilityai/stable-diffusion-3.5-medium|qu|MULTI|street vendor,stabilityai_stable-diffusion-3.5-medium__street_vendor__202625140903002,202625140903002,,unavailable:ValueError:no documented qu translation for occupation 'street vendor',10,0,10,robustness|stabilityai/stable-diffusion-3.5-medium|qu,0,4,colab,images/main/metadata_colab_<run_id>.parquet,images/main
robustness,stabilityai/stable-diffusion-3.5-medium,local_diffusers,qu,MULTI,street vendor,stabilityai/stable-diffusion-3.5-medium|qu|MULTI|street vendor,stabilityai/stable-diffusion-3.5-medium|qu|MULTI|street vendor,stabilityai_stable-diffusion-3.5-medium__street_vendor__202625140903003,202625140903003,,unavailable:ValueError:no documented qu translation for occupation 'street vendor',10,0,10,robustness|stabilityai/stable-diffusion-3.5-medium|qu,3,4,colab,images/main/metadata_colab_<run_id>.parquet,images/main
robustness,stabilityai/stable-diffusion-3.5-medium,local_diffusers,qu,MULTI,street vendor,stabilityai/stable-diffusion-3.5-medium|qu|MULTI|street vendor,stabilityai/stable-diffusion-3.5-medium|qu|MULTI|street vendor,stabilityai_stable-diffusion-3.5-medium__street_vendor__202625140903004,202625140903004,,unavailable:ValueError:no documented qu translation for occupation 'street vendor',10,0,10,robustness|stabilityai/stable-diffusion-3.5-medium|qu,3,4,colab,images/main/metadata_colab_<run_id>.parquet,images/main
robustness,stabilityai/stable-diffusion-3.5-medium,local_diffusers,qu,MULTI,street vendor,stabilityai/stable-diffusion-3.5-medium|qu|MULTI|street vendor,stabilityai/stable-diffusion-3.5-medium|qu|MULTI|street vendor,stabilityai_stable-diffusion-3.5-medium__street_vendor__202625140903005,202625140903005,,unavailable:ValueError:no documented qu translation for occupation 'street vendor',10,0,10,robustness|stabilityai/stable-diffusion-3.5-medium|qu,0,4,colab,images/main/metadata_colab_<run_id>.parquet,images/main
robustness,stabilityai/stable-diffusion-3.5-medium,local_diffusers,qu,MULTI,street vendor,stabilityai/stable-diffusion-3.5-medium|qu|MULTI|street vendor,stabilityai/stable-diffusion-3.5-medium|qu|MULTI|street vendor,stabilityai_stable-diffusion-3.5-medium__street_vendor__202625140903006,202625140903006,,unavailable:ValueError:no documented qu translation for occupation 'street vendor',10,0,10,robustness|stabilityai/stable-diffusion-3.5-medium|qu,3,4,colab,images/main/metadata_colab_<run_id>.parquet,images/main
robustness,stabilityai/stable-diffusion-3.5-medium,local_diffusers,qu,MULTI,street vendor,stabilityai/stable-diffusion-3.5-medium|qu|MULTI|street vendor,stabilityai/stable-diffusion-3.5-medium|qu|MULTI|street vendor,stabilityai_stable-diffusion-3.5-medium__street_vendor__202625140903007,202625140903007,,unavailable:ValueError:no documented qu translation for occupation 'street vendor',10,0,10,robustness|stabilityai/stable-diffusion-3.5-medium|qu,1,4,colab,images/main/metadata_colab_<run_id>.parquet,images/main
robustness,stabilityai/stable-diffusion-3.5-medium,local_diffusers,qu,MULTI,street vendor,stabilityai/stable-diffusion-3.5-medium|qu|MULTI|street vendor,stabilityai/stable-diffusion-3.5-medium|qu|MULTI|street vendor,stabilityai_stable-diffusion-3.5-medium__street_vendor__202625140903008,202625140903008,,unavailable:ValueError:no documented qu translation for occupation 'street vendor',10,0,10,robustness|stabilityai/stable-diffusion-3.5-medium|qu,1,4,colab,images/main/metadata_colab_<run_id>.parquet,images/main
robustness,stabilityai/stable-diffusion-3.5-medium,local_diffusers,qu,MULTI,street vendor,stabilityai/stable-diffusion-3.5-medium|qu|MULTI|street vendor,stabilityai/stable-diffusion-3.5-medium|qu|MULTI|street vendor,stabilityai_stable-diffusion-3.5-medium__street_vendor__202625140903009,202625140903009,,unavailable:ValueError:no documented qu translation for occupation 'street vendor',10,0,10,robustness|stabilityai/stable-diffusion-3.5-medium|qu,3,4,colab,images/main/metadata_colab_<run_id>.parquet,images/main
robustness,pollinations/flux,pollinations,gn,MULTI,street vendor,pollinations/flux|gn|MULTI|street vendor,pollinations/flux|gn|MULTI|street vendor,pollinations_flux__street_vendor__202625140910000,202625140910000,,unavailable:ValueError:no documented gn translation for occupation 'street vendor',10,0,10,robustness|pollinations/flux|gn,0,4,local,images/main/metadata_local_<run_id>.parquet,images/main
robustness,pollinations/flux,pollinations,gn,MULTI,street vendor,pollinations/flux|gn|MULTI|street vendor,pollinations/flux|gn|MULTI|street vendor,pollinations_flux__street_vendor__202625140910001,202625140910001,,unavailable:ValueError:no documented gn translation for occupation 'street vendor',10,0,10,robustness|pollinations/flux|gn,2,4,local,images/main/metadata_local_<run_id>.parquet,images/main
robustness,pollinations/flux,pollinations,gn,MULTI,street vendor,pollinations/flux|gn|MULTI|street vendor,pollinations/flux|gn|MULTI|street vendor,pollinations_flux__street_vendor__202625140910002,202625140910002,,unavailable:ValueError:no documented gn translation for occupation 'street vendor',10,0,10,robustness|pollinations/flux|gn,2,4,local,images/main/metadata_local_<run_id>.parquet,images/main
robustness,pollinations/flux,pollinations,gn,MULTI,street vendor,pollinations/flux|gn|MULTI|street vendor,pollinations/flux|gn|MULTI|street vendor,pollinations_flux__street_vendor__202625140910003,202625140910003,,unavailable:ValueError:no documented gn translation for occupation 'street vendor',10,0,10,robustness|pollinations/flux|gn,0,4,local,images/main/metadata_local_<run_id>.parquet,images/main
robustness,pollinations/flux,pollinations,gn,MULTI,street vendor,pollinations/flux|gn|MULTI|street vendor,pollinations/flux|gn|MULTI|street vendor,pollinations_flux__street_vendor__202625140910004,202625140910004,,unavailable:ValueError:no documented gn translation for occupation 'street vendor',10,0,10,robustness|pollinations/flux|gn,3,4,local,images/main/metadata_local_<run_id>.parquet,images/main
robustness,pollinations/flux,pollinations,gn,MULTI,street vendor,pollinations/flux|gn|MULTI|street vendor,pollinations/flux|gn|MULTI|street vendor,pollinations_flux__street_vendor__202625140910005,202625140910005,,unavailable:ValueError:no documented gn translation for occupation 'street vendor',10,0,10,robustness|pollinations/flux|gn,0,4,local,images/main/metadata_local_<run_id>.parquet,images/main
robustness,pollinations/flux,pollinations,gn,MULTI,street vendor,pollinations/flux|gn|MULTI|street vendor,pollinations/flux|gn|MULTI|street vendor,pollinations_flux__street_vendor__202625140910006,202625140910006,,unavailable:ValueError:no documented gn translation for occupation 'street vendor',10,0,10,robustness|pollinations/flux|gn,3,4,local,images/main/metadata_local_<run_id>.parquet,images/main
robustness,pollinations/flux,pollinations,gn,MULTI,street vendor,pollinations/flux|gn|MULTI|street vendor,pollinations/flux|gn|MULTI|street vendor,pollinations_flux__street_vendor__202625140910007,202625140910007,,unavailable:ValueError:no documented gn translation for occupation 'street vendor',10,0,10,robustness|pollinations/flux|gn,2,4,local,images/main/metadata_local_<run_id>.parquet,images/main
robustness,pollinations/flux,pollinations,gn,MULTI,street vendor,pollinations/flux|gn|MULTI|street vendor,pollinations/flux|gn|MULTI|street vendor,pollinations_flux__street_vendor__202625140910008,202625140910008,,unavailable:ValueError:no documented gn translation for occupation 'street vendor',10,0,10,robustness|pollinations/flux|gn,2,4,local,images/main/metadata_local_<run_id>.parquet,images/main
robustness,pollinations/flux,pollinations,gn,MULTI,street vendor,pollinations/flux|gn|MULTI|street vendor,pollinations/flux|gn|MULTI|street vendor,pollinations_flux__street_vendor__202625140910009,202625140910009,,unavailable:ValueError:no documented gn translation for occupation 'street vendor',10,0,10,robustness|pollinations/flux|gn,3,4,local,images/main/metadata_local_<run_id>.parquet,images/main
robustness,runwayml/stable-diffusion-v1-5,local_diffusers,gn,MULTI,street vendor,runwayml/stable-diffusion-v1-5|gn|MULTI|street vendor,runwayml/stable-diffusion-v1-5|gn|MULTI|street vendor,runwayml_stable-diffusion-v1-5__street_vendor__202625140911000,202625140911000,,unavailable:ValueError:no documented gn translation for occupation 'street vendor',10,0,10,robustness|runwayml/stable-diffusion-v1-5|gn,1,4,kaggle,images/main/metadata_kaggle_<run_id>.parquet,images/main
robustness,runwayml/stable-diffusion-v1-5,local_diffusers,gn,MULTI,street vendor,runwayml/stable-diffusion-v1-5|gn|MULTI|street vendor,runwayml/stable-diffusion-v1-5|gn|MULTI|street vendor,runwayml_stable-diffusion-v1-5__street_vendor__202625140911001,202625140911001,,unavailable:ValueError:no documented gn translation for occupation 'street vendor',10,0,10,robustness|runwayml/stable-diffusion-v1-5|gn,0,4,kaggle,images/main/metadata_kaggle_<run_id>.parquet,images/main
robustness,runwayml/stable-diffusion-v1-5,local_diffusers,gn,MULTI,street vendor,runwayml/stable-diffusion-v1-5|gn|MULTI|street vendor,runwayml/stable-diffusion-v1-5|gn|MULTI|street vendor,runwayml_stable-diffusion-v1-5__street_vendor__202625140911002,202625140911002,,unavailable:ValueError:no documented gn translation for occupation 'street vendor',10,0,10,robustness|runwayml/stable-diffusion-v1-5|gn,1,4,kaggle,images/main/metadata_kaggle_<run_id>.parquet,images/main
robustness,runwayml/stable-diffusion-v1-5,local_diffusers,gn,MULTI,street vendor,runwayml/stable-diffusion-v1-5|gn|MULTI|street vendor,runwayml/stable-diffusion-v1-5|gn|MULTI|street vendor,runwayml_stable-diffusion-v1-5__street_vendor__202625140911003,202625140911003,,unavailable:ValueError:no documented gn translation for occupation 'street vendor',10,0,10,robustness|runwayml/stable-diffusion-v1-5|gn,1,4,kaggle,images/main/metadata_kaggle_<run_id>.parquet,images/main
robustness,runwayml/stable-diffusion-v1-5,local_diffusers,gn,MULTI,street vendor,runwayml/stable-diffusion-v1-5|gn|MULTI|street vendor,runwayml/stable-diffusion-v1-5|gn|MULTI|street vendor,runwayml_stable-diffusion-v1-5__street_vendor__202625140911004,202625140911004,,unavailable:ValueError:no documented gn translation for occupation 'street vendor',10,0,10,robustness|runwayml/stable-diffusion-v1-5|gn,3,4,kaggle,images/main/metadata_kaggle_<run_id>.parquet,images/main
robustness,runwayml/stable-diffusion-v1-5,local_diffusers,gn,MULTI,street vendor,runwayml/stable-diffusion-v1-5|gn|MULTI|street vendor,runwayml/stable-diffusion-v1-5|gn|MULTI|street vendor,runwayml_stable-diffusion-v1-5__street_vendor__202625140911005,202625140911005,,unavailable:ValueError:no documented gn translation for occupation 'street vendor',10,0,10,robustness|runwayml/stable-diffusion-v1-5|gn,1,4,kaggle,images/main/metadata_kaggle_<run_id>.parquet,images/main
robustness,runwayml/stable-diffusion-v1-5,local_diffusers,gn,MULTI,street vendor,runwayml/stable-diffusion-v1-5|gn|MULTI|street vendor,runwayml/stable-diffusion-v1-5|gn|MULTI|street vendor,runwayml_stable-diffusion-v1-5__street_vendor__202625140911006,202625140911006,,unavailable:ValueError:no documented gn translation for occupation 'street vendor',10,0,10,robustness|runwayml/stable-diffusion-v1-5|gn,3,4,kaggle,images/main/metadata_kaggle_<run_id>.parquet,images/main
robustness,runwayml/stable-diffusion-v1-5,local_diffusers,gn,MULTI,street vendor,runwayml/stable-diffusion-v1-5|gn|MULTI|street vendor,runwayml/stable-diffusion-v1-5|gn|MULTI|street vendor,runwayml_stable-diffusion-v1-5__street_vendor__202625140911007,202625140911007,,unavailable:ValueError:no documented gn translation for occupation 'street vendor',10,0,10,robustness|runwayml/stable-diffusion-v1-5|gn,1,4,kaggle,images/main/metadata_kaggle_<run_id>.parquet,images/main
robustness,runwayml/stable-diffusion-v1-5,local_diffusers,gn,MULTI,street vendor,runwayml/stable-diffusion-v1-5|gn|MULTI|street vendor,runwayml/stable-diffusion-v1-5|gn|MULTI|street vendor,runwayml_stable-diffusion-v1-5__street_vendor__202625140911008,202625140911008,,unavailable:ValueError:no documented gn translation for occupation 'street vendor',10,0,10,robustness|runwayml/stable-diffusion-v1-5|gn,3,4,kaggle,images/main/metadata_kaggle_<run_id>.parquet,images/main
robustness,runwayml/stable-diffusion-v1-5,local_diffusers,gn,MULTI,street vendor,runwayml/stable-diffusion-v1-5|gn|MULTI|street vendor,runwayml/stable-diffusion-v1-5|gn|MULTI|street vendor,runwayml_stable-diffusion-v1-5__street_vendor__202625140911009,202625140911009,,unavailable:ValueError:no documented gn translation for occupation 'street vendor',10,0,10,robustness|runwayml/stable-diffusion-v1-5|gn,3,4,kaggle,images/main/metadata_kaggle_<run_id>.parquet,images/main
robustness,stabilityai/stable-diffusion-xl-base-1.0,local_diffusers,gn,MULTI,street vendor,stabilityai/stable-diffusion-xl-base-1.0|gn|MULTI|street vendor,stabilityai/stable-diffusion-xl-base-1.0|gn|MULTI|street vendor,stabilityai_stable-diffusion-xl-base-1.0__street_vendor__202625140912000,202625140912000,,unavailable:ValueError:no documented gn translation for occupation 'street vendor',10,0,10,robustness|stabilityai/stable-diffusion-xl-base-1.0|gn,1,4,kaggle,images/main/metadata_kaggle_<run_id>.parquet,images/main
robustness,stabilityai/stable-diffusion-xl-base-1.0,local_diffusers,gn,MULTI,street vendor,stabilityai/stable-diffusion-xl-base-1.0|gn|MULTI|street vendor,stabilityai/stable-diffusion-xl-base-1.0|gn|MULTI|street vendor,stabilityai_stable-diffusion-xl-base-1.0__street_vendor__202625140912001,202625140912001,,unavailable:ValueError:no documented gn translation for occupation 'street vendor',10,0,10,robustness|stabilityai/stable-diffusion-xl-base-1.0|gn,3,4,kaggle,images/main/metadata_kaggle_<run_id>.parquet,images/main
robustness,stabilityai/stable-diffusion-xl-base-1.0,local_diffusers,gn,MULTI,street vendor,stabilityai/stable-diffusion-xl-base-1.0|gn|MULTI|street vendor,stabilityai/stable-diffusion-xl-base-1.0|gn|MULTI|street vendor,stabilityai_stable-diffusion-xl-base-1.0__street_vendor__202625140912002,202625140912002,,unavailable:ValueError:no documented gn translation for occupation 'street vendor',10,0,10,robustness|stabilityai/stable-diffusion-xl-base-1.0|gn,1,4,kaggle,images/main/metadata_kaggle_<run_id>.parquet,images/main
robustness,stabilityai/stable-diffusion-xl-base-1.0,local_diffusers,gn,MULTI,street vendor,stabilityai/stable-diffusion-xl-base-1.0|gn|MULTI|street vendor,stabilityai/stable-diffusion-xl-base-1.0|gn|MULTI|street vendor,stabilityai_stable-diffusion-xl-base-1.0__street_vendor__202625140912003,202625140912003,,unavailable:ValueError:no documented gn translation for occupation 'street vendor',10,0,10,robustness|stabilityai/stable-diffusion-xl-base-1.0|gn,3,4,kaggle,images/main/metadata_kaggle_<run_id>.parquet,images/main
robustness,stabilityai/stable-diffusion-xl-base-1.0,local_diffusers,gn,MULTI,street vendor,stabilityai/stable-diffusion-xl-base-1.0|gn|MULTI|street vendor,stabilityai/stable-diffusion-xl-base-1.0|gn|MULTI|street vendor,stabilityai_stable-diffusion-xl-base-1.0__street_vendor__202625140912004,202625140912004,,unavailable:ValueError:no documented gn translation for occupation 'street vendor',10,0,10,robustness|stabilityai/stable-diffusion-xl-base-1.0|gn,2,4,kaggle,images/main/metadata_kaggle_<run_id>.parquet,images/main
robustness,stabilityai/stable-diffusion-xl-base-1.0,local_diffusers,gn,MULTI,street vendor,stabilityai/stable-diffusion-xl-base-1.0|gn|MULTI|street vendor,stabilityai/stable-diffusion-xl-base-1.0|gn|MULTI|street vendor,stabilityai_stable-diffusion-xl-base-1.0__street_vendor__202625140912005,202625140912005,,unavailable:ValueError:no documented gn translation for occupation 'street vendor',10,0,10,robustness|stabilityai/stable-diffusion-xl-base-1.0|gn,1,4,kaggle,images/main/metadata_kaggle_<run_id>.parquet,images/main
robustness,stabilityai/stable-diffusion-xl-base-1.0,local_diffusers,gn,MULTI,street vendor,stabilityai/stable-diffusion-xl-base-1.0|gn|MULTI|street vendor,stabilityai/stable-diffusion-xl-base-1.0|gn|MULTI|street vendor,stabilityai_stable-diffusion-xl-base-1.0__street_vendor__202625140912006,202625140912006,,unavailable:ValueError:no documented gn translation for occupation 'street vendor',10,0,10,robustness|stabilityai/stable-diffusion-xl-base-1.0|gn,3,4,kaggle,images/main/metadata_kaggle_<run_id>.parquet,images/main
robustness,stabilityai/stable-diffusion-xl-base-1.0,local_diffusers,gn,MULTI,street vendor,stabilityai/stable-diffusion-xl-base-1.0|gn|MULTI|street vendor,stabilityai/stable-diffusion-xl-base-1.0|gn|MULTI|street vendor,stabilityai_stable-diffusion-xl-base-1.0__street_vendor__202625140912007,202625140912007,,unavailable:ValueError:no documented gn translation for occupation 'street vendor',10,0,10,robustness|stabilityai/stable-diffusion-xl-base-1.0|gn,2,4,kaggle,images/main/metadata_kaggle_<run_id>.parquet,images/main
robustness,stabilityai/stable-diffusion-xl-base-1.0,local_diffusers,gn,MULTI,street vendor,stabilityai/stable-diffusion-xl-base-1.0|gn|MULTI|street vendor,stabilityai/stable-diffusion-xl-base-1.0|gn|MULTI|street vendor,stabilityai_stable-diffusion-xl-base-1.0__street_vendor__202625140912008,202625140912008,,unavailable:ValueError:no documented gn translation for occupation 'street vendor',10,0,10,robustness|stabilityai/stable-diffusion-xl-base-1.0|gn,3,4,kaggle,images/main/metadata_kaggle_<run_id>.parquet,images/main
robustness,stabilityai/stable-diffusion-xl-base-1.0,local_diffusers,gn,MULTI,street vendor,stabilityai/stable-diffusion-xl-base-1.0|gn|MULTI|street vendor,stabilityai/stable-diffusion-xl-base-1.0|gn|MULTI|street vendor,stabilityai_stable-diffusion-xl-base-1.0__street_vendor__202625140912009,202625140912009,,unavailable:ValueError:no documented gn translation for occupation 'street vendor',10,0,10,robustness|stabilityai/stable-diffusion-xl-base-1.0|gn,1,4,kaggle,images/main/metadata_kaggle_<run_id>.parquet,images/main
robustness,stabilityai/stable-diffusion-3.5-medium,local_diffusers,gn,MULTI,street vendor,stabilityai/stable-diffusion-3.5-medium|gn|MULTI|street vendor,stabilityai/stable-diffusion-3.5-medium|gn|MULTI|street vendor,stabilityai_stable-diffusion-3.5-medium__street_vendor__202625140913000,202625140913000,,unavailable:ValueError:no documented gn translation for occupation 'street vendor',10,0,10,robustness|stabilityai/stable-diffusion-3.5-medium|gn,1,4,colab,images/main/metadata_colab_<run_id>.parquet,images/main
robustness,stabilityai/stable-diffusion-3.5-medium,local_diffusers,gn,MULTI,street vendor,stabilityai/stable-diffusion-3.5-medium|gn|MULTI|street vendor,stabilityai/stable-diffusion-3.5-medium|gn|MULTI|street vendor,stabilityai_stable-diffusion-3.5-medium__street_vendor__202625140913001,202625140913001,,unavailable:ValueError:no documented gn translation for occupation 'street vendor',10,0,10,robustness|stabilityai/stable-diffusion-3.5-medium|gn,0,4,colab,images/main/metadata_colab_<run_id>.parquet,images/main
robustness,stabilityai/stable-diffusion-3.5-medium,local_diffusers,gn,MULTI,street vendor,stabilityai/stable-diffusion-3.5-medium|gn|MULTI|street vendor,stabilityai/stable-diffusion-3.5-medium|gn|MULTI|street vendor,stabilityai_stable-diffusion-3.5-medium__street_vendor__202625140913002,202625140913002,,unavailable:ValueError:no documented gn translation for occupation 'street vendor',10,0,10,robustness|stabilityai/stable-diffusion-3.5-medium|gn,1,4,colab,images/main/metadata_colab_<run_id>.parquet,images/main
robustness,stabilityai/stable-diffusion-3.5-medium,local_diffusers,gn,MULTI,street vendor,stabilityai/stable-diffusion-3.5-medium|gn|MULTI|street vendor,stabilityai/stable-diffusion-3.5-medium|gn|MULTI|street vendor,stabilityai_stable-diffusion-3.5-medium__street_vendor__202625140913003,202625140913003,,unavailable:ValueError:no documented gn translation for occupation 'street vendor',10,0,10,robustness|stabilityai/stable-diffusion-3.5-medium|gn,1,4,colab,images/main/metadata_colab_<run_id>.parquet,images/main
robustness,stabilityai/stable-diffusion-3.5-medium,local_diffusers,gn,MULTI,street vendor,stabilityai/stable-diffusion-3.5-medium|gn|MULTI|street vendor,stabilityai/stable-diffusion-3.5-medium|gn|MULTI|street vendor,stabilityai_stable-diffusion-3.5-medium__street_vendor__202625140913004,202625140913004,,unavailable:ValueError:no documented gn translation for occupation 'street vendor',10,0,10,robustness|stabilityai/stable-diffusion-3.5-medium|gn,0,4,colab,images/main/metadata_colab_<run_id>.parquet,images/main
robustness,stabilityai/stable-diffusion-3.5-medium,local_diffusers,gn,MULTI,street vendor,stabilityai/stable-diffusion-3.5-medium|gn|MULTI|street vendor,stabilityai/stable-diffusion-3.5-medium|gn|MULTI|street vendor,stabilityai_stable-diffusion-3.5-medium__street_vendor__202625140913005,202625140913005,,unavailable:ValueError:no documented gn translation for occupation 'street vendor',10,0,10,robustness|stabilityai/stable-diffusion-3.5-medium|gn,1,4,colab,images/main/metadata_colab_<run_id>.parquet,images/main
robustness,stabilityai/stable-diffusion-3.5-medium,local_diffusers,gn,MULTI,street vendor,stabilityai/stable-diffusion-3.5-medium|gn|MULTI|street vendor,stabilityai/stable-diffusion-3.5-medium|gn|MULTI|street vendor,stabilityai_stable-diffusion-3.5-medium__street_vendor__202625140913006,202625140913006,,unavailable:ValueError:no documented gn translation for occupation 'street vendor',10,0,10,robustness|stabilityai/stable-diffusion-3.5-medium|gn,0,4,colab,images/main/metadata_colab_<run_id>.parquet,images/main
robustness,stabilityai/stable-diffusion-3.5-medium,local_diffusers,gn,MULTI,street vendor,stabilityai/stable-diffusion-3.5-medium|gn|MULTI|street vendor,stabilityai/stable-diffusion-3.5-medium|gn|MULTI|street vendor,stabilityai_stable-diffusion-3.5-medium__street_vendor__202625140913007,202625140913007,,unavailable:ValueError:no documented gn translation for occupation 'street vendor',10,0,10,robustness|stabilityai/stable-diffusion-3.5-medium|gn,0,4,colab,images/main/metadata_colab_<run_id>.parquet,images/main
robustness,stabilityai/stable-diffusion-3.5-medium,local_diffusers,gn,MULTI,street vendor,stabilityai/stable-diffusion-3.5-medium|gn|MULTI|street vendor,stabilityai/stable-diffusion-3.5-medium|gn|MULTI|street vendor,stabilityai_stable-diffusion-3.5-medium__street_vendor__202625140913008,202625140913008,,unavailable:ValueError:no documented gn translation for occupation 'street vendor',10,0,10,robustness|stabilityai/stable-diffusion-3.5-medium|gn,3,4,colab,images/main/metadata_colab_<run_id>.parquet,images/main
robustness,stabilityai/stable-diffusion-3.5-medium,local_diffusers,gn,MULTI,street vendor,stabilityai/stable-diffusion-3.5-medium|gn|MULTI|street vendor,stabilityai/stable-diffusion-3.5-medium|gn|MULTI|street vendor,stabilityai_stable-diffusion-3.5-medium__street_vendor__202625140913009,202625140913009,,unavailable:ValueError:no documented gn translation for occupation 'street vendor',10,0,10,robustness|stabilityai/stable-diffusion-3.5-medium|gn,3,4,colab,images/main/metadata_colab_<run_id>.parquet,images/main
